gate_rule_key,decision_key,rule_id,rule_outcome,rule_effect,rule_message,data_truth_class
0f48b19cd44bbd69e08aae0fc49f68acbcee52fa0d4c01a1b3f7716c46fef29e,9e43efab-0475-5541-96c4-dde79841379c,POL-SCOPE-001,pass,allow,Category 'waste_litter' is within the demonstration policy scope.,synthetic_operational
0f2fa01f11260bf5d71ed7fb5df598912f1c21f0e036b989e68e203bfbcc734c,9e43efab-0475-5541-96c4-dde79841379c,POL-ACTION-001,pass,allow,Action 'create_draft_work_order' is permitted as a draft-only action.,synthetic_operational
c6e15e11ad887516cb46a1b228a06fb9e5168cbae624d1dc54e5e9660d21d9cb,9e43efab-0475-5541-96c4-dde79841379c,POL-LOCATION-001,pass,allow,Required latitude and longitude were supplied.,synthetic_operational
d5960153fd21a2d4c636ac2f9670e1bd3c68e05a250b95b07f309cf535f5fe71,9e43efab-0475-5541-96c4-dde79841379c,POL-ASSET-001,pass,allow,The supplied point matched a public litter-bin asset.,synthetic_operational
c4a1485c4807c6ed77bd6ae35af91cdf61cb4697f0e5fed3ce316dc0fba01119,9e43efab-0475-5541-96c4-dde79841379c,POL-SAFETY-001,pass,allow,Priority P2 does not trigger the emergency escalation rule.,synthetic_operational
19aa7a7025c8d4da8f9ad33cd029a2cf3b748a7b3069a8f85e70b6df22c0ad0d,9e43efab-0475-5541-96c4-dde79841379c,POL-CONFIDENCE-001,pass,allow,Category confidence 0.95 meets the 0.70 threshold.,synthetic_operational
5ec14976d6d2e67aec3ed3b81b6b64fe1171818f5b839c3b4c23bdc9390aa531,9e43efab-0475-5541-96c4-dde79841379c,POL-REVIEW-001,pass,allow,The diagnosis contains no human-review flag.,synthetic_operational
64dd21264841f84d5610baeb787c823e622e70340a9355fa358a7b2cf12d2be2,22290104-16a8-5891-b802-24e1b6348e1c,POL-SCOPE-001,pass,allow,Category 'waste_litter' is within the demonstration policy scope.,synthetic_operational
3b1b7000e200c0bab33926569bdd86ad73a6afc3b2c3ef47be39d0c401c0af6c,22290104-16a8-5891-b802-24e1b6348e1c,POL-ACTION-001,pass,allow,Action 'create_draft_work_order' is permitted as a draft-only action.,synthetic_operational
c7a3a414fa804219c78cbfd7ce4bdec568b908581248369bd10fcc638a1f46e5,22290104-16a8-5891-b802-24e1b6348e1c,POL-LOCATION-001,pass,allow,Required latitude and longitude were supplied.,synthetic_operational
36f7e60929b8617873496c210131a9a735e31e67cea8b52da8f6a8c028897b64,22290104-16a8-5891-b802-24e1b6348e1c,POL-ASSET-001,pass,allow,The supplied point matched a public litter-bin asset.,synthetic_operational
49de313b6616a5decb234ec36e551ac77e197ef711385b7b19b496f38d63bd64,22290104-16a8-5891-b802-24e1b6348e1c,POL-SAFETY-001,pass,allow,Priority P3 does not trigger the emergency escalation rule.,synthetic_operational
e2efd3c646ab4e896a5dd6f90eeeb553a93a528f15ed1dde7d1da800e276e5ff,22290104-16a8-5891-b802-24e1b6348e1c,POL-CONFIDENCE-001,pass,allow,Category confidence 0.95 meets the 0.70 threshold.,synthetic_operational
f275a0da7072a9243cd23827f189ca88d68c95f155d7a65ead19708887f7c928,22290104-16a8-5891-b802-24e1b6348e1c,POL-REVIEW-001,pass,allow,The diagnosis contains no human-review flag.,synthetic_operational
34e13e0e13ebce0fa24a2735bce5dc21c4e6f3dd6dfacfb5f87b58fdd5dd7c98,ed2ef7d3-7ba6-5136-88ac-d5ce6b52fcc5,POL-SCOPE-001,pass,allow,Category 'waste_litter' is within the demonstration policy scope.,synthetic_operational
5316949f13b64c4e252eecabe4fe3ccd76f0a633d676731bd9f7e5f7144f8516,ed2ef7d3-7ba6-5136-88ac-d5ce6b52fcc5,POL-ACTION-001,pass,allow,Action 'create_draft_work_order' is permitted as a draft-only action.,synthetic_operational
bc396cf1622b3abcf06575e8c1eb833fdf3520f4622ef9b292c2369efc6a38aa,ed2ef7d3-7ba6-5136-88ac-d5ce6b52fcc5,POL-LOCATION-001,fail,reject,Latitude and longitude are required for a waste/litter draft action.,synthetic_operational
1194d1ab84f1a68938adb019f23000e42439929a22b673ee61fcc4bb25a9b57c,ed2ef7d3-7ba6-5136-88ac-d5ce6b52fcc5,POL-ASSET-001,not_applicable,allow,Asset matching cannot be evaluated until coordinates are supplied.,synthetic_operational
49d289ec89f0389076ee406b1883d798c0bed28bc9775a0257921b49609d2508,ed2ef7d3-7ba6-5136-88ac-d5ce6b52fcc5,POL-SAFETY-001,pass,allow,Priority P3 does not trigger the emergency escalation rule.,synthetic_operational
66db280d8f981f9bdd90cbebd99a0f65c70729b02385c35397f381611b62e54e,ed2ef7d3-7ba6-5136-88ac-d5ce6b52fcc5,POL-CONFIDENCE-001,pass,allow,Category confidence 0.95 meets the 0.70 threshold.,synthetic_operational
4bf4b4a06105ffbdcf929033f10dcc4e0a9c21e0eca1325609e9d2587e559ac4,ed2ef7d3-7ba6-5136-88ac-d5ce6b52fcc5,POL-REVIEW-001,pass,allow,The diagnosis contains no human-review flag.,synthetic_operational
367a6a24e1b2df0d554211e307b20737cec91c27d501b85e045a7ef7ac8919f8,669589fa-2b0d-53b9-a5fc-cbf56fd2fa7c,POL-SCOPE-001,fail,escalate,Category 'general_enquiry' is outside policy scope and requires human routing.,synthetic_operational
f9056b22b51a0f289bdb1db34d84fea48e1778c3ad9c30da4dd2ff20878ef83b,669589fa-2b0d-53b9-a5fc-cbf56fd2fa7c,POL-ACTION-001,pass,allow,Action 'create_draft_work_order' is permitted as a draft-only action.,synthetic_operational
ef5decf0d3df9ace81252c9c98533fc9fbf061bf88d6c6ab396f7f36d4326191,669589fa-2b0d-53b9-a5fc-cbf56fd2fa7c,POL-LOCATION-001,not_applicable,allow,The policy has no coordinate rule for category 'general_enquiry'.,synthetic_operational
bbb43e39a201c0e251bbc228424faffc9738c6d42ee9bd59d4753d7226879962,669589fa-2b0d-53b9-a5fc-cbf56fd2fa7c,POL-ASSET-001,not_applicable,allow,The policy has no asset-match rule for category 'general_enquiry'.,synthetic_operational
dfad9e5c345cec1359926c718fc28e200930aa3929fbdb40ec711b5967824f0e,669589fa-2b0d-53b9-a5fc-cbf56fd2fa7c,POL-SAFETY-001,pass,allow,Priority P4 does not trigger the emergency escalation rule.,synthetic_operational
43e36225d48e4e672bc33a3084f12022938ea71e36216d16dce8f9525246f7fa,669589fa-2b0d-53b9-a5fc-cbf56fd2fa7c,POL-CONFIDENCE-001,fail,escalate,Category confidence 0.30 is below the 0.70 threshold.,synthetic_operational
06f1d93fa38568cd370b5d7b645a218337965611b9109433cdf13dc8713edee1,669589fa-2b0d-53b9-a5fc-cbf56fd2fa7c,POL-REVIEW-001,fail,escalate,The diagnosis contains a human-review flag.,synthetic_operational
638855e9e5c302b7cdc2bc03be408e697814020c7cebbba1fc8a62ab4107d8e6,7845d69b-fa3f-5aab-94af-76389b96047f,POL-SCOPE-001,pass,allow,Category 'waste_litter' is within the demonstration policy scope.,synthetic_operational
6bfb3c6fb7e757604baae896ef73602370e17569f241dc9eba1918d756c023cd,7845d69b-fa3f-5aab-94af-76389b96047f,POL-ACTION-001,pass,allow,Action 'create_draft_work_order' is permitted as a draft-only action.,synthetic_operational
be44f9183cb0590c866aba57e4a052f7f5370816d7fc5721f707eeaefb2fa7a6,7845d69b-fa3f-5aab-94af-76389b96047f,POL-LOCATION-001,pass,allow,Required latitude and longitude were supplied.,synthetic_operational
0f66e2bb56a6dea7912e36cd99397eb1cd99a51eba61e670903fc6c066282bc0,7845d69b-fa3f-5aab-94af-76389b96047f,POL-ASSET-001,fail,escalate,No public litter-bin asset was found within 500 metres; human verification is required.,synthetic_operational
9124c728347b0f489e6ac5d6dc062013161eb7664583884b98ab3a01c29dde75,7845d69b-fa3f-5aab-94af-76389b96047f,POL-SAFETY-001,pass,allow,Priority P3 does not trigger the emergency escalation rule.,synthetic_operational
ffab6b409996e2b0ba2281b640f8705c60f8e8abb5ac2f43f1d4189d85f75a39,7845d69b-fa3f-5aab-94af-76389b96047f,POL-CONFIDENCE-001,pass,allow,Category confidence 0.95 meets the 0.70 threshold.,synthetic_operational
c25f4b6e505289683906b41fd21113a4a09cbfef97f3b312089f9893ba4372b8,7845d69b-fa3f-5aab-94af-76389b96047f,POL-REVIEW-001,fail,escalate,The diagnosis contains a human-review flag.,synthetic_operational
3412c54b2363410697faa11f3c07449c3a908fc2180177249159a9a0001e6ed7,ab5f7378-6302-546c-a3a9-d5060e44fc74,POL-SCOPE-001,fail,escalate,Category 'roads_footpaths' is outside policy scope and requires human routing.,synthetic_operational
4d750ac1e8669ec49561bce94c3cb9c31e3a39ec37d77f2d0c2ee2d2ff531fc1,ab5f7378-6302-546c-a3a9-d5060e44fc74,POL-ACTION-001,pass,allow,Action 'create_draft_work_order' is permitted as a draft-only action.,synthetic_operational
f7bc2f9d9ff4c298640c4b4c3e057444f3ac24e807bb9ca30705c58e0b72d471,ab5f7378-6302-546c-a3a9-d5060e44fc74,POL-LOCATION-001,not_applicable,allow,The policy has no coordinate rule for category 'roads_footpaths'.,synthetic_operational
f0269bfbe454069bd09ed6f1ca36c2dd2086836a128cf4ccea0cd1952c888d2f,ab5f7378-6302-546c-a3a9-d5060e44fc74,POL-ASSET-001,not_applicable,allow,The policy has no asset-match rule for category 'roads_footpaths'.,synthetic_operational
33c6510ad571fc5782bb67facb1c909ae792b209a95913e5a35373a8073cbe10,ab5f7378-6302-546c-a3a9-d5060e44fc74,POL-SAFETY-001,pass,allow,Priority P2 does not trigger the emergency escalation rule.,synthetic_operational
96b2c53316d10ba707ad07fdc44859ccac5ce9ac7f728cc7e8be38c0ecce2052,ab5f7378-6302-546c-a3a9-d5060e44fc74,POL-CONFIDENCE-001,pass,allow,Category confidence 0.82 meets the 0.70 threshold.,synthetic_operational
c261e5f5df7481a0c7dd1302759c24512bb43bdba3b18c8ee9105b259b2316dd,ab5f7378-6302-546c-a3a9-d5060e44fc74,POL-REVIEW-001,pass,allow,The diagnosis contains no human-review flag.,synthetic_operational
606af0a3ff7330005dcfd2ccab93516c9d5ff444427205c59fb7ed36ae6e2edd,b725ecf8-4133-59fb-8fe4-ed112306de44,POL-SCOPE-001,pass,allow,Category 'waste_litter' is within the demonstration policy scope.,synthetic_operational
6da829cbbc1ebc78b86ac25c0d8c93269d2b3c5fd24cf7d0ef85a25ca1d8724a,b725ecf8-4133-59fb-8fe4-ed112306de44,POL-ACTION-001,pass,allow,Action 'create_draft_work_order' is permitted as a draft-only action.,synthetic_operational
482d64730052564e557d98c32d5c05ea6d116442d77e804026fbc8d90dc4fb12,b725ecf8-4133-59fb-8fe4-ed112306de44,POL-LOCATION-001,pass,allow,Required latitude and longitude were supplied.,synthetic_operational
ceca483d19334e2ec545cb7f6ca704cebdfec41760e00231d21c2acefbbe7ebc,b725ecf8-4133-59fb-8fe4-ed112306de44,POL-ASSET-001,pass,allow,The supplied point matched a public litter-bin asset.,synthetic_operational
4497efe507d9526ec075475c4bf787d7989977fbef6c666d594de27ab6edd9f5,b725ecf8-4133-59fb-8fe4-ed112306de44,POL-SAFETY-001,fail,escalate,Priority P1 must be escalated to a human.,synthetic_operational
bb54f02a1fabc670fd9fe618e7d5ff17e29b210bc9bbd1acf4b8df17c10c9e1a,b725ecf8-4133-59fb-8fe4-ed112306de44,POL-CONFIDENCE-001,pass,allow,Category confidence 0.82 meets the 0.70 threshold.,synthetic_operational
536bc8210b5c66e2d1e0c9772b8e0943c5d7d27abc605ff548c728072152ab45,b725ecf8-4133-59fb-8fe4-ed112306de44,POL-REVIEW-001,fail,escalate,The diagnosis contains a human-review flag.,synthetic_operational
5a513b1a96541869564461a2b6cdebb56dda0ffe2105fd01bdb15d14386dbd6a,9118eec9-0a3e-5b1a-8344-cbed808e495d,POL-SCOPE-001,pass,allow,Category 'waste_litter' is within the demonstration policy scope.,synthetic_operational
e47ba0b0ef2ff1148b2d5c778e58801400e00340e39e1caead51992d41714779,9118eec9-0a3e-5b1a-8344-cbed808e495d,POL-ACTION-001,pass,allow,Action 'create_draft_work_order' is permitted as a draft-only action.,synthetic_operational
5a6db1356792640b0bea4c024a407861a3911cfad96d363c288ecbda96d80144,9118eec9-0a3e-5b1a-8344-cbed808e495d,POL-LOCATION-001,pass,allow,Required latitude and longitude were supplied.,synthetic_operational
8a15f460f85c1ac75fd3ecd67bc8f741a938efdcd257f2f8dd9c825b23800e89,9118eec9-0a3e-5b1a-8344-cbed808e495d,POL-ASSET-001,pass,allow,The supplied point matched a public litter-bin asset.,synthetic_operational
25c3c47c36465794997fec20090e0983c15cae5797d801b3d3fc3a9faa97219c,9118eec9-0a3e-5b1a-8344-cbed808e495d,POL-SAFETY-001,pass,allow,Priority P3 does not trigger the emergency escalation rule.,synthetic_operational
0fcd46592495000ec2fbcbe9227985848a49c2a6258bc34e64e6d1956cc77f25,9118eec9-0a3e-5b1a-8344-cbed808e495d,POL-CONFIDENCE-001,pass,allow,Category confidence 0.95 meets the 0.70 threshold.,synthetic_operational
181d7f0891eca4292cc6f374023af1ca07b27196db52caaf10ad39bdcec1684b,9118eec9-0a3e-5b1a-8344-cbed808e495d,POL-REVIEW-001,pass,allow,The diagnosis contains no human-review flag.,synthetic_operational
33f76ac4767c4fc5d7043172c7602b555a1c37af20ade1d12ec7d7c9a9c437f9,952efd80-4e77-5be2-ad5f-0d63eb569b3f,POL-SCOPE-001,pass,allow,Category 'waste_litter' is within the demonstration policy scope.,synthetic_operational
599039b2a0c65d1779d925c13cd6ba3074ffe0d119c9385e4e1860a569161e5e,952efd80-4e77-5be2-ad5f-0d63eb569b3f,POL-ACTION-001,pass,allow,Action 'create_draft_work_order' is permitted as a draft-only action.,synthetic_operational
5bf6bb75e2a94b86acf0c25d3d21efee53e4a95cd12cdb779b9d5d7e372fb3a3,952efd80-4e77-5be2-ad5f-0d63eb569b3f,POL-LOCATION-001,pass,allow,Required latitude and longitude were supplied.,synthetic_operational
0f2a135c03142582547dd641a0e4d8b535501df9ed8706f4e2df530b4f944bd7,952efd80-4e77-5be2-ad5f-0d63eb569b3f,POL-ASSET-001,pass,allow,The supplied point matched a public litter-bin asset.,synthetic_operational
ff326fdfdef852c38241f975a5aa850e6e73e3ea2930645240a9d66d7f458eec,952efd80-4e77-5be2-ad5f-0d63eb569b3f,POL-SAFETY-001,pass,allow,Priority P3 does not trigger the emergency escalation rule.,synthetic_operational
134f134fdb89032afcf20688793e197b124d623488247f907141d47955752462,952efd80-4e77-5be2-ad5f-0d63eb569b3f,POL-CONFIDENCE-001,pass,allow,Category confidence 0.95 meets the 0.70 threshold.,synthetic_operational
26791f15a93bd7ac482dbcc7d52292b546128d4e5f73c4c2c45ad4b5aef1ed6b,952efd80-4e77-5be2-ad5f-0d63eb569b3f,POL-REVIEW-001,pass,allow,The diagnosis contains no human-review flag.,synthetic_operational
be6bd173536a0b40b1952ab82816b6c3e7a2417021289863ae1c7bfcc53416a0,56050437-5edc-5150-8589-8a19b47c5091,POL-SCOPE-001,pass,allow,Category 'waste_litter' is within the demonstration policy scope.,synthetic_operational
82e36d3da147272d62ce58d30bd42d57bd926bd676df2b46005869421c02fe75,56050437-5edc-5150-8589-8a19b47c5091,POL-ACTION-001,fail,reject,Action 'close_live_case' is not permitted by this policy version.,synthetic_operational
2d881e34580f179462e3277a3fa2060a41b1bacf8179471b842bede48e22a689,56050437-5edc-5150-8589-8a19b47c5091,POL-LOCATION-001,pass,allow,Required latitude and longitude were supplied.,synthetic_operational
3c7effff22a93a4ccf22bf526e169e749825c7edb1de0a0b0adf011e9c1acd30,56050437-5edc-5150-8589-8a19b47c5091,POL-ASSET-001,pass,allow,The supplied point matched a public litter-bin asset.,synthetic_operational
4d8d839542caafc9bc93a41bb9e6325b98502ed545b9e9726b76aeadd30d081c,56050437-5edc-5150-8589-8a19b47c5091,POL-SAFETY-001,pass,allow,Priority P2 does not trigger the emergency escalation rule.,synthetic_operational
1aa2e1abf90b24efaf339c7fe6fd49e0c80a10bf8e7f0ccbfa3af90c708e7f45,56050437-5edc-5150-8589-8a19b47c5091,POL-CONFIDENCE-001,pass,allow,Category confidence 0.95 meets the 0.70 threshold.,synthetic_operational
e10be0206124466351dcb0f62f999a9b752f0b05c5b5dedd0fb57f56e001abc1,56050437-5edc-5150-8589-8a19b47c5091,POL-REVIEW-001,pass,allow,The diagnosis contains no human-review flag.,synthetic_operational
9b8f3f14821cbadd92b81bf2ee439e8ca6418754bcf75da2d05cf4a1d354148c,c2511f82-cd9b-54d3-b0e3-6e4cae3a4d53,POL-SCOPE-001,pass,allow,Category 'waste_litter' is within the demonstration policy scope.,synthetic_operational
79453bb5032ec17a9765200fe66d2dabbee1f2b69324e7bc0e10a3af276e0829,c2511f82-cd9b-54d3-b0e3-6e4cae3a4d53,POL-ACTION-001,pass,allow,Action 'create_draft_work_order' is permitted as a draft-only action.,synthetic_operational
e482f95910cd551e3ec2297148c67369633d273839ae00e08cf7f58ce2dfb7e4,c2511f82-cd9b-54d3-b0e3-6e4cae3a4d53,POL-LOCATION-001,pass,allow,Required latitude and longitude were supplied.,synthetic_operational
512c382c6a038946a87d271186e85592e9580b45b11e8c85a56e013ee00321b8,c2511f82-cd9b-54d3-b0e3-6e4cae3a4d53,POL-ASSET-001,pass,allow,The supplied point matched a public litter-bin asset.,synthetic_operational
f1d8e4cf6b865648bcffc9fb297127e7cb1e90df8c59126e9dee1059d888dcee,c2511f82-cd9b-54d3-b0e3-6e4cae3a4d53,POL-SAFETY-001,pass,allow,Priority P2 does not trigger the emergency escalation rule.,synthetic_operational
bea8694ea426943195e756b4caa72ec6b31cd63db9421b9e5a61f321b60fb7bc,c2511f82-cd9b-54d3-b0e3-6e4cae3a4d53,POL-CONFIDENCE-001,pass,allow,Category confidence 0.95 meets the 0.70 threshold.,synthetic_operational
43f8aa8108a165bb78451ac9724180da5efd6d7ee6379628d43829a8c5301e65,c2511f82-cd9b-54d3-b0e3-6e4cae3a4d53,POL-REVIEW-001,pass,allow,The diagnosis contains no human-review flag.,synthetic_operational
e6f97cecb3c3ae861ccbe43cfa6425d9fce8dda102af827c1f505014cda68e6b,c206e121-4dfc-5432-906b-1f682b04085a,POL-SCOPE-001,pass,allow,Category 'waste_litter' is within the demonstration policy scope.,synthetic_operational
a16310d6818c3369a69794f4b4aa855d0cd8bc0567dea621d6ed60fc8df283c4,c206e121-4dfc-5432-906b-1f682b04085a,POL-ACTION-001,pass,allow,Action 'create_draft_work_order' is permitted as a draft-only action.,synthetic_operational
aa7b0c43bd583f2d93a2174c0f098464a64f2e1574da1fc2afc21dd2be1ec240,c206e121-4dfc-5432-906b-1f682b04085a,POL-LOCATION-001,pass,allow,Required latitude and longitude were supplied.,synthetic_operational
661358b44ad508b2610ec8bc1d897ee6fbfe1d5b956b657125c3142e81f004b0,c206e121-4dfc-5432-906b-1f682b04085a,POL-ASSET-001,pass,allow,The supplied point matched a public litter-bin asset.,synthetic_operational
eda640c0a90ad7ae265f4e37c84d6e4f22e572491d73b3cfd31772d5705b7897,c206e121-4dfc-5432-906b-1f682b04085a,POL-SAFETY-001,pass,allow,Priority P3 does not trigger the emergency escalation rule.,synthetic_operational
f620cee0c5f75996c1549af5abb9ee531129deb0357b953bb9afd4b1fec67c39,c206e121-4dfc-5432-906b-1f682b04085a,POL-CONFIDENCE-001,pass,allow,Category confidence 0.95 meets the 0.70 threshold.,synthetic_operational
f3cea045f896349cf702014e2bd96fba2ea12f8cd9b432233927f1baae566ece,c206e121-4dfc-5432-906b-1f682b04085a,POL-REVIEW-001,pass,allow,The diagnosis contains no human-review flag.,synthetic_operational
3324ff3baec7131e09a5d4e39d6fd0fc7ef93ab90b4475fe27d9f8e2ab4939e0,07d15838-d70e-5ca3-b6ac-534d72716a47,POL-SCOPE-001,pass,allow,Category 'waste_litter' is within the demonstration policy scope.,synthetic_operational
ec38114cbd1c58e6fcac41ce42a71e80b7f63f7598220d46ccef1434489c1546,07d15838-d70e-5ca3-b6ac-534d72716a47,POL-ACTION-001,pass,allow,Action 'create_draft_work_order' is permitted as a draft-only action.,synthetic_operational
c511eaefb915b79c8d9044f7e9c5a812ff3857f827a28d5b98718df40f9a13ac,07d15838-d70e-5ca3-b6ac-534d72716a47,POL-LOCATION-001,fail,reject,Latitude and longitude are required for a waste/litter draft action.,synthetic_operational
ac86e84cad13df96b5e61d6195c9d227ac55822ee0d0f017640e306aea181ea3,07d15838-d70e-5ca3-b6ac-534d72716a47,POL-ASSET-001,not_applicable,allow,Asset matching cannot be evaluated until coordinates are supplied.,synthetic_operational
4211b6121389854fe5aad1fab1af7326e97b67cdf6845d628c5de4d8678c10cd,07d15838-d70e-5ca3-b6ac-534d72716a47,POL-SAFETY-001,pass,allow,Priority P3 does not trigger the emergency escalation rule.,synthetic_operational
ff926dbaac0a7a0a1f07871b95fce849c702795cc4f939c86402bb84c638e397,07d15838-d70e-5ca3-b6ac-534d72716a47,POL-CONFIDENCE-001,pass,allow,Category confidence 0.95 meets the 0.70 threshold.,synthetic_operational
7afc2d2ce5562ce0e74753c7df80f48fbf89990a17fa002987934bbd808539b5,07d15838-d70e-5ca3-b6ac-534d72716a47,POL-REVIEW-001,pass,allow,The diagnosis contains no human-review flag.,synthetic_operational
37038faa4979611004ed12913ba3fc215a80ab59e37d104708616524c17e336a,264520b4-bbd3-5032-9594-e56cc132eacf,POL-SCOPE-001,fail,escalate,Category 'general_enquiry' is outside policy scope and requires human routing.,synthetic_operational
6900c90d33e075c1df354074a93e5006bd1fe2400e1e6930990ce07c0a75b591,264520b4-bbd3-5032-9594-e56cc132eacf,POL-ACTION-001,pass,allow,Action 'create_draft_work_order' is permitted as a draft-only action.,synthetic_operational
272972789a12c5e8771d1e37bab701cab3bdcb46567c38e43db5ce132120e384,264520b4-bbd3-5032-9594-e56cc132eacf,POL-LOCATION-001,not_applicable,allow,The policy has no coordinate rule for category 'general_enquiry'.,synthetic_operational
35d8f9d92d56a992d7a095fc0996466ab024b15b492005553dc54df0411a1a27,264520b4-bbd3-5032-9594-e56cc132eacf,POL-ASSET-001,not_applicable,allow,The policy has no asset-match rule for category 'general_enquiry'.,synthetic_operational
64562439411320678a9c72f1b996e34c63ce5db4047c0311410b9ff544e153c7,264520b4-bbd3-5032-9594-e56cc132eacf,POL-SAFETY-001,pass,allow,Priority P4 does not trigger the emergency escalation rule.,synthetic_operational
5d6ead64e1a19f5548d5f6a86cbf2bf7235ebe181d470690ebbe78e98b585489,264520b4-bbd3-5032-9594-e56cc132eacf,POL-CONFIDENCE-001,fail,escalate,Category confidence 0.30 is below the 0.70 threshold.,synthetic_operational
dfa9da1958593c69778969183f7430e470d2f02619e7ccdd6c96f568dcd022e8,264520b4-bbd3-5032-9594-e56cc132eacf,POL-REVIEW-001,fail,escalate,The diagnosis contains a human-review flag.,synthetic_operational
e01fa6b47d92c197922697a2dfdb601e04a9ce66023121963466d1d4f5cc1632,56cfcf78-de9c-5b1d-98cc-7c041b0674be,POL-SCOPE-001,pass,allow,Category 'waste_litter' is within the demonstration policy scope.,synthetic_operational
d0875abb9d1ad4e2c81f123c995ab95633f784edb41ecf7102e6892f39ec4d90,56cfcf78-de9c-5b1d-98cc-7c041b0674be,POL-ACTION-001,pass,allow,Action 'create_draft_work_order' is permitted as a draft-only action.,synthetic_operational
8a9d9eb00b9c66a3f11e317b9a0607d1d0f10b3a52c351464ac0f1f99b050a1f,56cfcf78-de9c-5b1d-98cc-7c041b0674be,POL-LOCATION-001,pass,allow,Required latitude and longitude were supplied.,synthetic_operational
93615712cc82cd1f693346f250fd81c0cb10da5707a8f3e0ef95213cc539ba74,56cfcf78-de9c-5b1d-98cc-7c041b0674be,POL-ASSET-001,fail,escalate,No public litter-bin asset was found within 500 metres; human verification is required.,synthetic_operational
b9a138f95c815335bb720eb23bf7b4c5544ddaa41771fae5d32f673053426144,56cfcf78-de9c-5b1d-98cc-7c041b0674be,POL-SAFETY-001,pass,allow,Priority P3 does not trigger the emergency escalation rule.,synthetic_operational
2bad694be239b5f2efb0797ee2e0c370c1550731dd9edf1ee176486895d34ba6,56cfcf78-de9c-5b1d-98cc-7c041b0674be,POL-CONFIDENCE-001,pass,allow,Category confidence 0.95 meets the 0.70 threshold.,synthetic_operational
3ce8ad5a73db4b2f70d06e9609b67280dca509027c61a9c3338bbd2a5d83dd32,56cfcf78-de9c-5b1d-98cc-7c041b0674be,POL-REVIEW-001,fail,escalate,The diagnosis contains a human-review flag.,synthetic_operational
51eae879c68c5311a9a2f0c143e1cce85dc8fc23221786955c421080c40caf6e,36b1a276-c98e-5891-b731-98f638aa4d82,POL-SCOPE-001,fail,escalate,Category 'roads_footpaths' is outside policy scope and requires human routing.,synthetic_operational
abc3b25a05cf08108098dd52a499948a01d1b5413d405b40112e7e9ab79bdcf5,36b1a276-c98e-5891-b731-98f638aa4d82,POL-ACTION-001,pass,allow,Action 'create_draft_work_order' is permitted as a draft-only action.,synthetic_operational
15abb1fac128df564cd2cf89f0409be1d921fc4fd5a7f3e6b23a60b695ac8223,36b1a276-c98e-5891-b731-98f638aa4d82,POL-LOCATION-001,not_applicable,allow,The policy has no coordinate rule for category 'roads_footpaths'.,synthetic_operational
420a984f772bffdce012ed1d90853eea977c305bce1b3d5ee5a671ab7dfb4138,36b1a276-c98e-5891-b731-98f638aa4d82,POL-ASSET-001,not_applicable,allow,The policy has no asset-match rule for category 'roads_footpaths'.,synthetic_operational
ae65d7f86b9dc1728f9f7417b03c8ce0a2097c9fb6b77d9a4250282b6c7d8815,36b1a276-c98e-5891-b731-98f638aa4d82,POL-SAFETY-001,pass,allow,Priority P2 does not trigger the emergency escalation rule.,synthetic_operational
bfbf8ecadd041cc0b5d6a461f5a67835894b28f183a42f4a68ffabde5ae96f5d,36b1a276-c98e-5891-b731-98f638aa4d82,POL-CONFIDENCE-001,pass,allow,Category confidence 0.82 meets the 0.70 threshold.,synthetic_operational
157f670d0562bbc13a852cd06d6a8bd2972aaad45027d6e9ff7def2fc1f6497f,36b1a276-c98e-5891-b731-98f638aa4d82,POL-REVIEW-001,pass,allow,The diagnosis contains no human-review flag.,synthetic_operational
8ae083be39a170d2a91ae5409cfa0828e454b549483950a939d70ab3d13a3777,0a0fe53a-4a0b-561e-9d75-4391823766b5,POL-SCOPE-001,pass,allow,Category 'waste_litter' is within the demonstration policy scope.,synthetic_operational
843d32cac3f7717bec36341978c85c1a11419d2e629649db9217bae4a58526b9,0a0fe53a-4a0b-561e-9d75-4391823766b5,POL-ACTION-001,pass,allow,Action 'create_draft_work_order' is permitted as a draft-only action.,synthetic_operational
0a732fa3e7eeab396a44ab0940c1bf11c6499d66fc8ef1db5b41c3d4c3666ddf,0a0fe53a-4a0b-561e-9d75-4391823766b5,POL-LOCATION-001,pass,allow,Required latitude and longitude were supplied.,synthetic_operational
4bd0becd7475b5cc6f65c118d27315fcd8fb24bc19c812ef691471771e23707e,0a0fe53a-4a0b-561e-9d75-4391823766b5,POL-ASSET-001,pass,allow,The supplied point matched a public litter-bin asset.,synthetic_operational
a8d45044226e30cefb515a0e3b5296aaf33f0d8972246c48274da0fe85db82ac,0a0fe53a-4a0b-561e-9d75-4391823766b5,POL-SAFETY-001,fail,escalate,Priority P1 must be escalated to a human.,synthetic_operational
689df7b054da41f1cdf7514294a925dd8e131b893a11414bc9fa8e2990e1b1d3,0a0fe53a-4a0b-561e-9d75-4391823766b5,POL-CONFIDENCE-001,pass,allow,Category confidence 0.82 meets the 0.70 threshold.,synthetic_operational
bdfdde7a13861b3528893b23fe12e01d94b634d6954a6d9fed553f1e86c30b19,0a0fe53a-4a0b-561e-9d75-4391823766b5,POL-REVIEW-001,fail,escalate,The diagnosis contains a human-review flag.,synthetic_operational
6fcc9ca2d3140366897600a5f11e65b21511dc932e4ddf8a8586841c96854373,1c242e5b-1ccc-5ac1-9cff-c1774db4f26d,POL-SCOPE-001,pass,allow,Category 'waste_litter' is within the demonstration policy scope.,synthetic_operational
b31bc78d1dd7afab9ba99a67d2c29abf0a1bc120336bb11f801aa6b4ace20e9b,1c242e5b-1ccc-5ac1-9cff-c1774db4f26d,POL-ACTION-001,pass,allow,Action 'create_draft_work_order' is permitted as a draft-only action.,synthetic_operational
74b2c4cc435e1c401a041f020c513a89a2a6b703d19cdab3de507f840071e3ad,1c242e5b-1ccc-5ac1-9cff-c1774db4f26d,POL-LOCATION-001,pass,allow,Required latitude and longitude were supplied.,synthetic_operational
0944bbd3ea1333ba0e3b29aa92bbec67e83ee3a64005b68192d67d27aec1bdf0,1c242e5b-1ccc-5ac1-9cff-c1774db4f26d,POL-ASSET-001,pass,allow,The supplied point matched a public litter-bin asset.,synthetic_operational
cd45b198ff11822afd7ecb5e646ae2dd12838a65d8731c0e470349ed735a7302,1c242e5b-1ccc-5ac1-9cff-c1774db4f26d,POL-SAFETY-001,pass,allow,Priority P3 does not trigger the emergency escalation rule.,synthetic_operational
0f50a7bf051450487b3e6d385783e6b14f1de1f02d17c5345c39c940bf568c01,1c242e5b-1ccc-5ac1-9cff-c1774db4f26d,POL-CONFIDENCE-001,pass,allow,Category confidence 0.95 meets the 0.70 threshold.,synthetic_operational
3368f17440d65c64cf90044f3ab83e8e2fd9bd40cfbc5a9b4bda31d0fd3dfa34,1c242e5b-1ccc-5ac1-9cff-c1774db4f26d,POL-REVIEW-001,pass,allow,The diagnosis contains no human-review flag.,synthetic_operational
f314bf985290f5f69165fb731bc37aa45c6a6bb5e5587dc24854422b654ff035,dd19eb5b-5195-59b0-a445-0e0207df8b36,POL-SCOPE-001,pass,allow,Category 'waste_litter' is within the demonstration policy scope.,synthetic_operational
ddf0c190617e31087e03d9c6ddd9ad080d04f771ba11b08b6dd5bb29f44e8844,dd19eb5b-5195-59b0-a445-0e0207df8b36,POL-ACTION-001,pass,allow,Action 'create_draft_work_order' is permitted as a draft-only action.,synthetic_operational
a78ac229d978ff5e2a55feea67ae818bae94bdae05c6628e234a81b0ed19263d,dd19eb5b-5195-59b0-a445-0e0207df8b36,POL-LOCATION-001,pass,allow,Required latitude and longitude were supplied.,synthetic_operational
67028104dfd841d824a8336b2554b7fa558208d1834c94366fef013af988a129,dd19eb5b-5195-59b0-a445-0e0207df8b36,POL-ASSET-001,pass,allow,The supplied point matched a public litter-bin asset.,synthetic_operational
7379b8bfe2c7a48e251b05b6843684237aba3289065065180eea645eeeb10914,dd19eb5b-5195-59b0-a445-0e0207df8b36,POL-SAFETY-001,pass,allow,Priority P3 does not trigger the emergency escalation rule.,synthetic_operational
95f84b06116509c915e6d8d8bfbc22b623fe7d2db54c1377681b5c20c3dab86c,dd19eb5b-5195-59b0-a445-0e0207df8b36,POL-CONFIDENCE-001,pass,allow,Category confidence 0.95 meets the 0.70 threshold.,synthetic_operational
dd7e084e84516c590397c4402ebd8e7276d81d0cd96406fd9ec80548db443432,dd19eb5b-5195-59b0-a445-0e0207df8b36,POL-REVIEW-001,pass,allow,The diagnosis contains no human-review flag.,synthetic_operational
bd8f2ef01d1f95f0dbbf8318e68e48052edc6bfd1b7ea9482e7c218bf8a14a56,eb8c8b1f-77f6-545c-9339-8643db116cca,POL-SCOPE-001,pass,allow,Category 'waste_litter' is within the demonstration policy scope.,synthetic_operational
6a5cc0834378b90e176ffcf96cce714d4eb07d1a0693bb13c6ac1e97cb166682,eb8c8b1f-77f6-545c-9339-8643db116cca,POL-ACTION-001,fail,reject,Action 'close_live_case' is not permitted by this policy version.,synthetic_operational
5bc14f20131e7e849711dfb06b91a4be0a23ffe2445bd26b51470cfc9744feea,eb8c8b1f-77f6-545c-9339-8643db116cca,POL-LOCATION-001,pass,allow,Required latitude and longitude were supplied.,synthetic_operational
9d3d6a86684254cb8812d1b04e4fcca216cb0c1abbb5c52efdc1ce0191b3e9b2,eb8c8b1f-77f6-545c-9339-8643db116cca,POL-ASSET-001,pass,allow,The supplied point matched a public litter-bin asset.,synthetic_operational
05f9cdded2cbe5dd3c6345cb6d5425719f4c8c6ff8d549f655e520c0dc98eee4,eb8c8b1f-77f6-545c-9339-8643db116cca,POL-SAFETY-001,pass,allow,Priority P2 does not trigger the emergency escalation rule.,synthetic_operational
519cb9312e451fa3877785775a81c378be6824ca18e0cda16a31043d6288803e,eb8c8b1f-77f6-545c-9339-8643db116cca,POL-CONFIDENCE-001,pass,allow,Category confidence 0.95 meets the 0.70 threshold.,synthetic_operational
3d065e64e169d8d3d4c9629daeab287aeb68f812f1967ff6d688413e135a535b,eb8c8b1f-77f6-545c-9339-8643db116cca,POL-REVIEW-001,pass,allow,The diagnosis contains no human-review flag.,synthetic_operational
ea19fe104a3e25ad18c7d3f1630a0ec01179679ebd4ea705dc8412059244d28c,9ae6c8c4-97fa-588b-af9a-f77cc5aa1ea4,POL-SCOPE-001,pass,allow,Category 'waste_litter' is within the demonstration policy scope.,synthetic_operational
a036e03acca541515aaa08a4101966683b679d1cbf65fa7391f67b1eb550e9d9,9ae6c8c4-97fa-588b-af9a-f77cc5aa1ea4,POL-ACTION-001,pass,allow,Action 'create_draft_work_order' is permitted as a draft-only action.,synthetic_operational
4fb12cc64bbec42849f45f16ec4064458f3424ef9ad0ba324bfcc56c9fe8a9e3,9ae6c8c4-97fa-588b-af9a-f77cc5aa1ea4,POL-LOCATION-001,pass,allow,Required latitude and longitude were supplied.,synthetic_operational
130d63f20a95ef586b79b0800c3299d4f141199b7cf526309d72e04d50c81db3,9ae6c8c4-97fa-588b-af9a-f77cc5aa1ea4,POL-ASSET-001,pass,allow,The supplied point matched a public litter-bin asset.,synthetic_operational
8535340e5a65f54bc27c6a09025b8e326a4262cde67a8f2522d6093efa4ac80d,9ae6c8c4-97fa-588b-af9a-f77cc5aa1ea4,POL-SAFETY-001,pass,allow,Priority P2 does not trigger the emergency escalation rule.,synthetic_operational
f1626bf786dd52aba3b7a5fe8e33f78409151ce6553554e31a884602eef4d2aa,9ae6c8c4-97fa-588b-af9a-f77cc5aa1ea4,POL-CONFIDENCE-001,pass,allow,Category confidence 0.95 meets the 0.70 threshold.,synthetic_operational
2b942effc6134a690f6dcee43004f9761c73019bfccc67423a6642cd3f810c79,9ae6c8c4-97fa-588b-af9a-f77cc5aa1ea4,POL-REVIEW-001,pass,allow,The diagnosis contains no human-review flag.,synthetic_operational
f01516d5f799cf529eff07bd59b369c9ab3d73a9735484d40494ead027007e82,bd58cf64-2938-582f-87a3-80f88d08e141,POL-SCOPE-001,pass,allow,Category 'waste_litter' is within the demonstration policy scope.,synthetic_operational
3cd2deda599a43b6d0757d9b23e358047ff8d1d2af39547ff7248c2f52ada6a9,bd58cf64-2938-582f-87a3-80f88d08e141,POL-ACTION-001,pass,allow,Action 'create_draft_work_order' is permitted as a draft-only action.,synthetic_operational
b64f11330c58160cec921a35f9ed057a2d643e47d6a4fa0987047cf879ac8206,bd58cf64-2938-582f-87a3-80f88d08e141,POL-LOCATION-001,pass,allow,Required latitude and longitude were supplied.,synthetic_operational
ecd7f854bd74d1c36ee619d2601c45662094f9efe5afd1e2d4d09e775808c2e4,bd58cf64-2938-582f-87a3-80f88d08e141,POL-ASSET-001,pass,allow,The supplied point matched a public litter-bin asset.,synthetic_operational
3a0e67eeb7db08f87ef523aadfb9d4458f84198aeed47fb96513bc68b9783b64,bd58cf64-2938-582f-87a3-80f88d08e141,POL-SAFETY-001,pass,allow,Priority P3 does not trigger the emergency escalation rule.,synthetic_operational
ff28dc4e9def3677b072527dd38b1e512e9ed7dafb50844964dfc232e2a2b9c4,bd58cf64-2938-582f-87a3-80f88d08e141,POL-CONFIDENCE-001,pass,allow,Category confidence 0.95 meets the 0.70 threshold.,synthetic_operational
6770ac985e531ec71371ef3a22924e5efb94e952f2d77fd68b1e73bd85551e93,bd58cf64-2938-582f-87a3-80f88d08e141,POL-REVIEW-001,pass,allow,The diagnosis contains no human-review flag.,synthetic_operational
8996a8b33c36acc2a590a6771f4da9e8911a811b46b8d184214888c3fb07dbb6,27327a92-a5af-5d11-a08f-aa7f994cd987,POL-SCOPE-001,pass,allow,Category 'waste_litter' is within the demonstration policy scope.,synthetic_operational
afc2f75eda912f454bfdc3e3aff8c659459b86f371ca691cb657a672343cef99,27327a92-a5af-5d11-a08f-aa7f994cd987,POL-ACTION-001,pass,allow,Action 'create_draft_work_order' is permitted as a draft-only action.,synthetic_operational
5091b922a6d7969c36f37a98ea5a149dc4eb64a45cf167619105aa319f92d681,27327a92-a5af-5d11-a08f-aa7f994cd987,POL-LOCATION-001,fail,reject,Latitude and longitude are required for a waste/litter draft action.,synthetic_operational
e656b4d0d968fdec1efe2ec8e2bd3abb31c5aab618c7517e5a62284f69cdd527,27327a92-a5af-5d11-a08f-aa7f994cd987,POL-ASSET-001,not_applicable,allow,Asset matching cannot be evaluated until coordinates are supplied.,synthetic_operational
f613b5d8715e2150f927b8f6bd62e17fc4ee159a4b498679f92e986a3810499c,27327a92-a5af-5d11-a08f-aa7f994cd987,POL-SAFETY-001,pass,allow,Priority P3 does not trigger the emergency escalation rule.,synthetic_operational
13168070cffe4c279c05e7cf90beb9b35d371712c67babd5e8e5387e0e925acd,27327a92-a5af-5d11-a08f-aa7f994cd987,POL-CONFIDENCE-001,pass,allow,Category confidence 0.95 meets the 0.70 threshold.,synthetic_operational
d57eb82693ddd8511e85a11211a4cab0eb2727e22a7ab1af134dbfa18e76a919,27327a92-a5af-5d11-a08f-aa7f994cd987,POL-REVIEW-001,pass,allow,The diagnosis contains no human-review flag.,synthetic_operational
bb45c97c70ed64b54bf0f1dad4177df95cd1d2a11b3af5f0382023b10474a3a0,c3bf9610-42bc-5b24-a694-8797753de076,POL-SCOPE-001,fail,escalate,Category 'general_enquiry' is outside policy scope and requires human routing.,synthetic_operational
0b7099cf75d2a9980fae03edc5a2a7bd26d31ffc6bc86aa36e4aa5b56f8d9b3a,c3bf9610-42bc-5b24-a694-8797753de076,POL-ACTION-001,pass,allow,Action 'create_draft_work_order' is permitted as a draft-only action.,synthetic_operational
71c5acee9f691c8cdaf725767dd9ceafd1c887db062837b146b65a06ab2e61d4,c3bf9610-42bc-5b24-a694-8797753de076,POL-LOCATION-001,not_applicable,allow,The policy has no coordinate rule for category 'general_enquiry'.,synthetic_operational
922d9d34d1d6387de66d58c0867ee2f16658a16e245998f1290013dc7221ac1e,c3bf9610-42bc-5b24-a694-8797753de076,POL-ASSET-001,not_applicable,allow,The policy has no asset-match rule for category 'general_enquiry'.,synthetic_operational
a9ffcdf91d1521814914b4c2f15331c1d45a601694896995786ab2297956faa4,c3bf9610-42bc-5b24-a694-8797753de076,POL-SAFETY-001,pass,allow,Priority P4 does not trigger the emergency escalation rule.,synthetic_operational
ff095e6c72008cc5dde000b6370b202913bcd65d47ef84d239ded763d4fbfab7,c3bf9610-42bc-5b24-a694-8797753de076,POL-CONFIDENCE-001,fail,escalate,Category confidence 0.30 is below the 0.70 threshold.,synthetic_operational
9006635ec160e0847f741321fdb0eb215a97ca409bce782b08a7fc89d8c6399c,c3bf9610-42bc-5b24-a694-8797753de076,POL-REVIEW-001,fail,escalate,The diagnosis contains a human-review flag.,synthetic_operational
a7ff60364458007cddc361e2b731d699bf3ea5a8da59ee52d3606fab779659c3,43fc2cd0-f828-5378-a3ea-24e34c895783,POL-SCOPE-001,pass,allow,Category 'waste_litter' is within the demonstration policy scope.,synthetic_operational
a610491e27b328bd7de8e7beb1b735d6714ff3f5153a27d2b791021820a4d107,43fc2cd0-f828-5378-a3ea-24e34c895783,POL-ACTION-001,pass,allow,Action 'create_draft_work_order' is permitted as a draft-only action.,synthetic_operational
66306e625805f831fde33e7b36b6d7ad2e0520397bb57b3bbd053795cd376fdb,43fc2cd0-f828-5378-a3ea-24e34c895783,POL-LOCATION-001,pass,allow,Required latitude and longitude were supplied.,synthetic_operational
42bb52cf950dbd8d46d5830521f6e7061bc7b21ecc539cb8b0f712537c0c3d87,43fc2cd0-f828-5378-a3ea-24e34c895783,POL-ASSET-001,fail,escalate,No public litter-bin asset was found within 500 metres; human verification is required.,synthetic_operational
a0fa5762ef938b9e22c167b3d47646281d9359ddcb2ba999ac3e1fbd6e76e873,43fc2cd0-f828-5378-a3ea-24e34c895783,POL-SAFETY-001,pass,allow,Priority P3 does not trigger the emergency escalation rule.,synthetic_operational
b14cc9fd48a584bbb926c7cdc4f9034979017aca4c33f5f8cf5b1c1e54026031,43fc2cd0-f828-5378-a3ea-24e34c895783,POL-CONFIDENCE-001,pass,allow,Category confidence 0.95 meets the 0.70 threshold.,synthetic_operational
7d23549b4d0198a43cf1a77034d490ea6528f297160464d480a2a934539114b8,43fc2cd0-f828-5378-a3ea-24e34c895783,POL-REVIEW-001,fail,escalate,The diagnosis contains a human-review flag.,synthetic_operational
db6a38f45662ef6c0388d881f8a4bc77195a9ca1525fadb82c0cd5cd1101be88,6090349a-b64a-5842-99bb-952b670114c4,POL-SCOPE-001,fail,escalate,Category 'roads_footpaths' is outside policy scope and requires human routing.,synthetic_operational
23041aa1cb436af5894309d0ccd8295fcc3b739ac68b09098af1b1ca2d5bece4,6090349a-b64a-5842-99bb-952b670114c4,POL-ACTION-001,pass,allow,Action 'create_draft_work_order' is permitted as a draft-only action.,synthetic_operational
4bb228e177b475e517d42a2d66de356bdd7b759e38c8dfb229080fbb19f76c8a,6090349a-b64a-5842-99bb-952b670114c4,POL-LOCATION-001,not_applicable,allow,The policy has no coordinate rule for category 'roads_footpaths'.,synthetic_operational
fb550bdcdc6f998aff8595887f9711dbcbead0009caa9b23021bb7983a5c495c,6090349a-b64a-5842-99bb-952b670114c4,POL-ASSET-001,not_applicable,allow,The policy has no asset-match rule for category 'roads_footpaths'.,synthetic_operational
addd16529aabad10fc61d41fa7fb94315b72e9e1e23bab69b7f9f09d2ceb5510,6090349a-b64a-5842-99bb-952b670114c4,POL-SAFETY-001,pass,allow,Priority P2 does not trigger the emergency escalation rule.,synthetic_operational
36f2a048bffaf964fd3a1b74aa00f8f04605b10664791ac3cdde0a82f800e7b0,6090349a-b64a-5842-99bb-952b670114c4,POL-CONFIDENCE-001,pass,allow,Category confidence 0.82 meets the 0.70 threshold.,synthetic_operational
346c0a2919bd07429ac4f07795df4b4768a2c7627b7ba40be3dd2eac254d3120,6090349a-b64a-5842-99bb-952b670114c4,POL-REVIEW-001,pass,allow,The diagnosis contains no human-review flag.,synthetic_operational
d9855138170229b448a8432da8ad431e84dd3b819e3e98b2c28e25640f14c2e1,28d3a55e-9716-5882-a97d-297afeb257b2,POL-SCOPE-001,pass,allow,Category 'waste_litter' is within the demonstration policy scope.,synthetic_operational
0708e289859b0b5d8d10e13ff94dbb554dd5e073e85fbcdd470a71d40e72af69,28d3a55e-9716-5882-a97d-297afeb257b2,POL-ACTION-001,pass,allow,Action 'create_draft_work_order' is permitted as a draft-only action.,synthetic_operational
0e96f59594a43f95f0c83150f39d4b77ce1c007bb52d696a77fee9a9b901159e,28d3a55e-9716-5882-a97d-297afeb257b2,POL-LOCATION-001,pass,allow,Required latitude and longitude were supplied.,synthetic_operational
66c0af8516be6b89f73e09784509b351a73966db26b1a66342cf64ba3af90239,28d3a55e-9716-5882-a97d-297afeb257b2,POL-ASSET-001,pass,allow,The supplied point matched a public litter-bin asset.,synthetic_operational
71d66f3ca4d1e8885343f283ea6444c6d85148fc011d6c52c12ab2513ed7bd04,28d3a55e-9716-5882-a97d-297afeb257b2,POL-SAFETY-001,fail,escalate,Priority P1 must be escalated to a human.,synthetic_operational
7874c85188086f000c5e52b014e106e1e9b772fa2c9853eb603547302f4164ba,28d3a55e-9716-5882-a97d-297afeb257b2,POL-CONFIDENCE-001,pass,allow,Category confidence 0.82 meets the 0.70 threshold.,synthetic_operational
35d8dfb30c1c16162f11281cb5437b1ee098b97d471947df0898eadeadeba547,28d3a55e-9716-5882-a97d-297afeb257b2,POL-REVIEW-001,fail,escalate,The diagnosis contains a human-review flag.,synthetic_operational
781d0e0acac1ca8f267c2611b5d25f96804ed59da57b0f47acc25b7ab43c1148,37358cab-29e4-555e-9b03-6d62af3d0a85,POL-SCOPE-001,pass,allow,Category 'waste_litter' is within the demonstration policy scope.,synthetic_operational
f45091a47a27d1812c62b7443980ac21fbc1440d9e5abed98596dc821bafca9f,37358cab-29e4-555e-9b03-6d62af3d0a85,POL-ACTION-001,pass,allow,Action 'create_draft_work_order' is permitted as a draft-only action.,synthetic_operational
c056623d7cf7399bd4df969e4495c230b0dcfda23514def4be349dcfd2abdbee,37358cab-29e4-555e-9b03-6d62af3d0a85,POL-LOCATION-001,pass,allow,Required latitude and longitude were supplied.,synthetic_operational
01136919e4b15fd9db42718a16c8ba45db39d538f2390a9d84c7da118497bc83,37358cab-29e4-555e-9b03-6d62af3d0a85,POL-ASSET-001,pass,allow,The supplied point matched a public litter-bin asset.,synthetic_operational
32886498943cad097180ef01a82a44d217a715dc950b2cdba6e86790e09d6e69,37358cab-29e4-555e-9b03-6d62af3d0a85,POL-SAFETY-001,pass,allow,Priority P3 does not trigger the emergency escalation rule.,synthetic_operational
eacda2eedb363570e07982ff343d91fb64aec500f06df83c10aac5e62242945e,37358cab-29e4-555e-9b03-6d62af3d0a85,POL-CONFIDENCE-001,pass,allow,Category confidence 0.95 meets the 0.70 threshold.,synthetic_operational
cb2b745728cdaa86dfbfa87bca97843e80828a5f767f84b8eeb53d06c26ce4bf,37358cab-29e4-555e-9b03-6d62af3d0a85,POL-REVIEW-001,pass,allow,The diagnosis contains no human-review flag.,synthetic_operational
ce8b606a1d5f52858838e2d8ef7852efb5452983316c9284f1e5adf629ea9e89,c9624e31-67f6-59cf-a82c-31adb9597316,POL-SCOPE-001,pass,allow,Category 'waste_litter' is within the demonstration policy scope.,synthetic_operational
78e0c2a1907fec252a409bbeb02547fdd28d2e70185534b8291af996000555d7,c9624e31-67f6-59cf-a82c-31adb9597316,POL-ACTION-001,pass,allow,Action 'create_draft_work_order' is permitted as a draft-only action.,synthetic_operational
305669dd1720355bf0b303110d776583820c2e4ab29e4dc948e90d24bdaff298,c9624e31-67f6-59cf-a82c-31adb9597316,POL-LOCATION-001,pass,allow,Required latitude and longitude were supplied.,synthetic_operational
7ff3d3958fecff0e84eeac704e0a7560fcaf88adb33e9f66f99eb7ce033d34bf,c9624e31-67f6-59cf-a82c-31adb9597316,POL-ASSET-001,pass,allow,The supplied point matched a public litter-bin asset.,synthetic_operational
5512368fa0d848fd13dca5713e0621db0596ed41c72339cf5332e57a2b332d72,c9624e31-67f6-59cf-a82c-31adb9597316,POL-SAFETY-001,pass,allow,Priority P3 does not trigger the emergency escalation rule.,synthetic_operational
dc60301af6b864075e1268331b919e221d11d37603f9ace065bdabc64a14eb80,c9624e31-67f6-59cf-a82c-31adb9597316,POL-CONFIDENCE-001,pass,allow,Category confidence 0.95 meets the 0.70 threshold.,synthetic_operational
aab0fb32bbe6be956391dcd768e8a5289c3af47a02ada2844e23a27684698d1b,c9624e31-67f6-59cf-a82c-31adb9597316,POL-REVIEW-001,pass,allow,The diagnosis contains no human-review flag.,synthetic_operational
a364dc9adc17626c506e6e3d479fc727944e479264f3d65ee7481d20ec181d22,d76596ed-bb90-5ba9-878d-8e89cf509dae,POL-SCOPE-001,pass,allow,Category 'waste_litter' is within the demonstration policy scope.,synthetic_operational
f1c04ab7894154b0e2b806e626a56eb631e25ec2e8cca1277fd2fba5a7acfc69,d76596ed-bb90-5ba9-878d-8e89cf509dae,POL-ACTION-001,fail,reject,Action 'close_live_case' is not permitted by this policy version.,synthetic_operational
f09865da1f300e08512951ba41715ce6f9ddf186df43b398fe7f86b2f13cf56c,d76596ed-bb90-5ba9-878d-8e89cf509dae,POL-LOCATION-001,pass,allow,Required latitude and longitude were supplied.,synthetic_operational
e20560d5541523c61ce16b622a4306f4fff5892ed90d25a3cfb7ebabf3375cb0,d76596ed-bb90-5ba9-878d-8e89cf509dae,POL-ASSET-001,pass,allow,The supplied point matched a public litter-bin asset.,synthetic_operational
8d36fd9b5240a92ed899643005a63f8838cb70569c9bafc0276c00d29cb25a71,d76596ed-bb90-5ba9-878d-8e89cf509dae,POL-SAFETY-001,pass,allow,Priority P2 does not trigger the emergency escalation rule.,synthetic_operational
a105bbcda90655be7e0921b60de1f685b838fabe5b112fd1512133dae027d81f,d76596ed-bb90-5ba9-878d-8e89cf509dae,POL-CONFIDENCE-001,pass,allow,Category confidence 0.95 meets the 0.70 threshold.,synthetic_operational
f41deb22556f6e07a62dcc45c2da6d50756f11bd19214a47a9de965254ea668a,d76596ed-bb90-5ba9-878d-8e89cf509dae,POL-REVIEW-001,pass,allow,The diagnosis contains no human-review flag.,synthetic_operational
ddd20a19017583d0a5951763ea5390f627672fdf1ff17742ae59cbbafca91900,6b8f9668-56a1-564c-ad7b-c3343de733ae,POL-SCOPE-001,pass,allow,Category 'waste_litter' is within the demonstration policy scope.,synthetic_operational
97c7072da63c0a9f6212e5db32be643c5dfa1d81484bac88d29186fa3d7eee6a,6b8f9668-56a1-564c-ad7b-c3343de733ae,POL-ACTION-001,pass,allow,Action 'create_draft_work_order' is permitted as a draft-only action.,synthetic_operational
d088398bb031b48b2768a2d0558016175dd0cc4f9dab1786a172b0ab2d5c9769,6b8f9668-56a1-564c-ad7b-c3343de733ae,POL-LOCATION-001,pass,allow,Required latitude and longitude were supplied.,synthetic_operational
3ea549c5e81bb389cbadc4758b66e457092404087b7a59db395079e5315b8be9,6b8f9668-56a1-564c-ad7b-c3343de733ae,POL-ASSET-001,pass,allow,The supplied point matched a public litter-bin asset.,synthetic_operational
393e21c5f34b217df02712946cf9a9ae16afb4c10710382c48e113b7ea5d77e1,6b8f9668-56a1-564c-ad7b-c3343de733ae,POL-SAFETY-001,pass,allow,Priority P2 does not trigger the emergency escalation rule.,synthetic_operational
36b33353753ca7d186370ee1b8ba4540d72325fedd187ec74292707a70772f52,6b8f9668-56a1-564c-ad7b-c3343de733ae,POL-CONFIDENCE-001,pass,allow,Category confidence 0.95 meets the 0.70 threshold.,synthetic_operational
c4b71ddb45667d3fadcbef68274e0f97839162994437018e1aa789d9478579d6,6b8f9668-56a1-564c-ad7b-c3343de733ae,POL-REVIEW-001,pass,allow,The diagnosis contains no human-review flag.,synthetic_operational
66e01274ebde1424c80e056fdf973c9b9971aceedc4c9f991a17dd3ca50dff4e,2d9f2997-9f5b-5548-b689-5a03fcd1f71f,POL-SCOPE-001,pass,allow,Category 'waste_litter' is within the demonstration policy scope.,synthetic_operational
91e0029a2b7237edb866fc9089ee9a35c0eebd30ef810d761c1f321e28390024,2d9f2997-9f5b-5548-b689-5a03fcd1f71f,POL-ACTION-001,pass,allow,Action 'create_draft_work_order' is permitted as a draft-only action.,synthetic_operational
96415396b9e0693da3da2078cbb16b6fd8d40ecf6677b3d74fab2c2c43a4b480,2d9f2997-9f5b-5548-b689-5a03fcd1f71f,POL-LOCATION-001,pass,allow,Required latitude and longitude were supplied.,synthetic_operational
64d7809997921833debbbc2c437389776774538a3b91d670054a59a47ee03804,2d9f2997-9f5b-5548-b689-5a03fcd1f71f,POL-ASSET-001,pass,allow,The supplied point matched a public litter-bin asset.,synthetic_operational
f3e7db2a93beae746135a02f0472d270270c158df215897032dac1db88cc643b,2d9f2997-9f5b-5548-b689-5a03fcd1f71f,POL-SAFETY-001,pass,allow,Priority P3 does not trigger the emergency escalation rule.,synthetic_operational
cdd8adb1613e0070145ef8fc1d51ecb89f63c4864252af230c094d8cd89f733d,2d9f2997-9f5b-5548-b689-5a03fcd1f71f,POL-CONFIDENCE-001,pass,allow,Category confidence 0.95 meets the 0.70 threshold.,synthetic_operational
4c74b8bc229b7decd541af01f9d5798d74b77daea8be8437cf926733638a1cf2,2d9f2997-9f5b-5548-b689-5a03fcd1f71f,POL-REVIEW-001,pass,allow,The diagnosis contains no human-review flag.,synthetic_operational
9b412f2a6f1249c29da8e3397ded892faf587ecca728a82e35f4640aae688596,2384c144-9418-54e2-b998-28d50759119a,POL-SCOPE-001,pass,allow,Category 'waste_litter' is within the demonstration policy scope.,synthetic_operational
d71b88aef684f28557413abb677188295ae9645637b7b7c5047f1196d7c011b4,2384c144-9418-54e2-b998-28d50759119a,POL-ACTION-001,pass,allow,Action 'create_draft_work_order' is permitted as a draft-only action.,synthetic_operational
23130837b49ce041d9cc470fff6aa85d458410ebfe613711fd7b2bf149c26a62,2384c144-9418-54e2-b998-28d50759119a,POL-LOCATION-001,fail,reject,Latitude and longitude are required for a waste/litter draft action.,synthetic_operational
e2c89f99e466e6a6844724cf501f4739ea7e7d95fc16ea2ffafa1b92d1f14599,2384c144-9418-54e2-b998-28d50759119a,POL-ASSET-001,not_applicable,allow,Asset matching cannot be evaluated until coordinates are supplied.,synthetic_operational
13bd92bcef0ad61e961cd203b9d388e9ec4d30be26948e63eb139e61d20303d5,2384c144-9418-54e2-b998-28d50759119a,POL-SAFETY-001,pass,allow,Priority P3 does not trigger the emergency escalation rule.,synthetic_operational
56659a192f6984c77f58a157033cd88aca67947b62fad300e8c47b0eff0652d6,2384c144-9418-54e2-b998-28d50759119a,POL-CONFIDENCE-001,pass,allow,Category confidence 0.95 meets the 0.70 threshold.,synthetic_operational
c724a38b0765e5becfe006d7596d55eb0be94ebdc6061c6338080fe67baf4061,2384c144-9418-54e2-b998-28d50759119a,POL-REVIEW-001,pass,allow,The diagnosis contains no human-review flag.,synthetic_operational
bb1e39d6e0c8acef2a8f350fa1c5a18657ff124c0ac7a1ac8923995de5a117c5,68a9a94c-0df3-574a-bca5-a4a9d05d3c5b,POL-SCOPE-001,fail,escalate,Category 'general_enquiry' is outside policy scope and requires human routing.,synthetic_operational
f0cd8dba3738d99b38553c07ea98f4b1bdc8bae0c1e956a7bc6536399f917a49,68a9a94c-0df3-574a-bca5-a4a9d05d3c5b,POL-ACTION-001,pass,allow,Action 'create_draft_work_order' is permitted as a draft-only action.,synthetic_operational
9b95868fb6b5f93719935be931fcc07a8f87f9bd2b3de6df5966fb42fd9c101a,68a9a94c-0df3-574a-bca5-a4a9d05d3c5b,POL-LOCATION-001,not_applicable,allow,The policy has no coordinate rule for category 'general_enquiry'.,synthetic_operational
ad5f8903149512eebccbe66e4b5d82307abd14e13af40d1abf3e23a573c7d8b3,68a9a94c-0df3-574a-bca5-a4a9d05d3c5b,POL-ASSET-001,not_applicable,allow,The policy has no asset-match rule for category 'general_enquiry'.,synthetic_operational
38d1b1cab2ef56f2bcf77dde3b7b9b290756a6e699d8e5739eaa803f7bc5cb37,68a9a94c-0df3-574a-bca5-a4a9d05d3c5b,POL-SAFETY-001,pass,allow,Priority P4 does not trigger the emergency escalation rule.,synthetic_operational
15958805486e8cd94c52353135c27ba45b6821517ceb74a78a7e9a1c59140cb8,68a9a94c-0df3-574a-bca5-a4a9d05d3c5b,POL-CONFIDENCE-001,fail,escalate,Category confidence 0.30 is below the 0.70 threshold.,synthetic_operational
67ffca4fdc63368f9f712dcbce5da0fe88f81407f5168717b03bbb2873498323,68a9a94c-0df3-574a-bca5-a4a9d05d3c5b,POL-REVIEW-001,fail,escalate,The diagnosis contains a human-review flag.,synthetic_operational
1de8f0ba59d2766e661eda06094ab0374e1c61988d75b76f59b95bf2618da4ae,d7e55b5c-9501-5c44-8c8f-ec17bfec6780,POL-SCOPE-001,pass,allow,Category 'waste_litter' is within the demonstration policy scope.,synthetic_operational
176e6322caea25cfad169c92b3ca6c9fadc9e953713b4b5420beeff14c546075,d7e55b5c-9501-5c44-8c8f-ec17bfec6780,POL-ACTION-001,pass,allow,Action 'create_draft_work_order' is permitted as a draft-only action.,synthetic_operational
8c3d8b538e5f5635eff718691a7bc8695a5d195e26ae0c747f7d7bfebcd8d1d5,d7e55b5c-9501-5c44-8c8f-ec17bfec6780,POL-LOCATION-001,pass,allow,Required latitude and longitude were supplied.,synthetic_operational
3ed336c61a109afa900911c721629517810878e7e4399144dbb4e6d9043fecad,d7e55b5c-9501-5c44-8c8f-ec17bfec6780,POL-ASSET-001,fail,escalate,No public litter-bin asset was found within 500 metres; human verification is required.,synthetic_operational
923a35890f6d1e293ea89fba7b15c7122df6ec287ba55fa5aecc84dbf9e960df,d7e55b5c-9501-5c44-8c8f-ec17bfec6780,POL-SAFETY-001,pass,allow,Priority P3 does not trigger the emergency escalation rule.,synthetic_operational
984b4c1558af96e2b046180961f0f2a49979d65bb85e70f3c773b5fd6b18a538,d7e55b5c-9501-5c44-8c8f-ec17bfec6780,POL-CONFIDENCE-001,pass,allow,Category confidence 0.95 meets the 0.70 threshold.,synthetic_operational
d6af8a72816cd8e2306704660a8e057e2ba2dd0e761bae5bd040bc1dbf6fa0ed,d7e55b5c-9501-5c44-8c8f-ec17bfec6780,POL-REVIEW-001,fail,escalate,The diagnosis contains a human-review flag.,synthetic_operational
31b119fcff2234bb9b94e04d9ddb963adca187eade923fa364ae1fdcb183b75f,67d7aeb8-84e3-5b49-9952-070269f42914,POL-SCOPE-001,fail,escalate,Category 'roads_footpaths' is outside policy scope and requires human routing.,synthetic_operational
54f705a2be9234f15e90047f385c32c908b1a3270bac2ba0fc0b8950a97f4449,67d7aeb8-84e3-5b49-9952-070269f42914,POL-ACTION-001,pass,allow,Action 'create_draft_work_order' is permitted as a draft-only action.,synthetic_operational
9961e580201cac0f08cfaa7054090e1315573cb7a2e7128146e13096452babeb,67d7aeb8-84e3-5b49-9952-070269f42914,POL-LOCATION-001,not_applicable,allow,The policy has no coordinate rule for category 'roads_footpaths'.,synthetic_operational
58e150bab356b8fe8d74674738c026bad08b3ec2c9aae1b5b37dc7f957a0b2ce,67d7aeb8-84e3-5b49-9952-070269f42914,POL-ASSET-001,not_applicable,allow,The policy has no asset-match rule for category 'roads_footpaths'.,synthetic_operational
0c4e181a9214dff9ba8119e11b76971e56f8628f470d3320178029575b665f0e,67d7aeb8-84e3-5b49-9952-070269f42914,POL-SAFETY-001,pass,allow,Priority P2 does not trigger the emergency escalation rule.,synthetic_operational
56dbdbadd1e4d8a445ce3fc6c614d4a7e42fb229bee0d3da9a3953e3939c0eaf,67d7aeb8-84e3-5b49-9952-070269f42914,POL-CONFIDENCE-001,pass,allow,Category confidence 0.82 meets the 0.70 threshold.,synthetic_operational
3f84c0b6a2ab03a218d831b9987bbafb8891d1c4c03d85cacd8718f25388456f,67d7aeb8-84e3-5b49-9952-070269f42914,POL-REVIEW-001,pass,allow,The diagnosis contains no human-review flag.,synthetic_operational
2cc25bd2059fb0f88cd1baae460291cf6947533436d7117ec59ec46940d97b0e,dc207cbf-c101-5283-86ba-ea03f186305c,POL-SCOPE-001,pass,allow,Category 'waste_litter' is within the demonstration policy scope.,synthetic_operational
0dfe4280e581e751878b3f691f6d3641891e7d7e06c67400cfd5c49907262f30,dc207cbf-c101-5283-86ba-ea03f186305c,POL-ACTION-001,pass,allow,Action 'create_draft_work_order' is permitted as a draft-only action.,synthetic_operational
fcfede4da6f669ceb407676b3137be30bc9f655a566e3719c9d19d95baf1c3aa,dc207cbf-c101-5283-86ba-ea03f186305c,POL-LOCATION-001,pass,allow,Required latitude and longitude were supplied.,synthetic_operational
ad6e7111808253c166829464aa628a6f6719845f8b2fe84c50bc395f3b2e29d3,dc207cbf-c101-5283-86ba-ea03f186305c,POL-ASSET-001,pass,allow,The supplied point matched a public litter-bin asset.,synthetic_operational
1525bf0dd1ccce7fdd66d17339bbc24a03b8444fd4b4a29a2c3b0001dedfff3b,dc207cbf-c101-5283-86ba-ea03f186305c,POL-SAFETY-001,fail,escalate,Priority P1 must be escalated to a human.,synthetic_operational
43355f72e30aad6b0cc9707478d2b846e9b3fa9e7e95655357a8f1f645985884,dc207cbf-c101-5283-86ba-ea03f186305c,POL-CONFIDENCE-001,pass,allow,Category confidence 0.82 meets the 0.70 threshold.,synthetic_operational
55e5429ab32d1852e0d999f4a68aa540645c5dd20fbc182cd49005a5b0b21f74,dc207cbf-c101-5283-86ba-ea03f186305c,POL-REVIEW-001,fail,escalate,The diagnosis contains a human-review flag.,synthetic_operational
d18733c41f633230dcb9ce4855cc98c138308bd6d27123acae31f0b9a6e43132,c2d918e5-6c80-527a-a675-2572b3308cbf,POL-SCOPE-001,pass,allow,Category 'waste_litter' is within the demonstration policy scope.,synthetic_operational
9c4cf00a404583fd26d12ae16371dbbaf7092f717185bd0d08e5bc5b04525698,c2d918e5-6c80-527a-a675-2572b3308cbf,POL-ACTION-001,pass,allow,Action 'create_draft_work_order' is permitted as a draft-only action.,synthetic_operational
65343c90f95c44424f533a0c30f2e66ce5e31b08b161cc7b0b90590d66f22dfd,c2d918e5-6c80-527a-a675-2572b3308cbf,POL-LOCATION-001,pass,allow,Required latitude and longitude were supplied.,synthetic_operational
9e62825cf356cb32c82f5d793b6239bc2ddd80fe60de2ecf92dbfd08dd2cc03f,c2d918e5-6c80-527a-a675-2572b3308cbf,POL-ASSET-001,pass,allow,The supplied point matched a public litter-bin asset.,synthetic_operational
8e4ddcccefbe61499e4ac86c6272bab68d9b5c4f02906c5caa9c4989237a23c5,c2d918e5-6c80-527a-a675-2572b3308cbf,POL-SAFETY-001,pass,allow,Priority P3 does not trigger the emergency escalation rule.,synthetic_operational
4a3f4e84ca94f682924defe3b3880555b2fee6b21a2ed9f9fede15f4320d81fd,c2d918e5-6c80-527a-a675-2572b3308cbf,POL-CONFIDENCE-001,pass,allow,Category confidence 0.95 meets the 0.70 threshold.,synthetic_operational
ac67fef66b2d39f36eefbe9bcdd108c368aad6b9ea0fd3368c10148c811d1f39,c2d918e5-6c80-527a-a675-2572b3308cbf,POL-REVIEW-001,pass,allow,The diagnosis contains no human-review flag.,synthetic_operational
65e784983ab015f327f8f92cd9e000a39baab36f4e4b803aaa0583cecb691736,fa2f6bf5-5f2f-5c64-ae5f-b4686736a7a3,POL-SCOPE-001,pass,allow,Category 'waste_litter' is within the demonstration policy scope.,synthetic_operational
b480afecf3a24fe1d924655d414e08b97fbbdbeebc21964d04a04bea883b900f,fa2f6bf5-5f2f-5c64-ae5f-b4686736a7a3,POL-ACTION-001,pass,allow,Action 'create_draft_work_order' is permitted as a draft-only action.,synthetic_operational
079777f6932cc4f2a042a6f9d6dac22855b0d8b90237345a33335eea5dd5b4d2,fa2f6bf5-5f2f-5c64-ae5f-b4686736a7a3,POL-LOCATION-001,pass,allow,Required latitude and longitude were supplied.,synthetic_operational
698bd1d4725d79ab96fa873c4388afb5d7c869732aed60db211fb526c0b0d466,fa2f6bf5-5f2f-5c64-ae5f-b4686736a7a3,POL-ASSET-001,pass,allow,The supplied point matched a public litter-bin asset.,synthetic_operational
aeeef062d4f8c266dce48ed9330020e525766261ac5bff3195e3649a5144d501,fa2f6bf5-5f2f-5c64-ae5f-b4686736a7a3,POL-SAFETY-001,pass,allow,Priority P3 does not trigger the emergency escalation rule.,synthetic_operational
5dd697f2b2023518476dc1bec209fdd8b17cb5c3fce4537a135b4de8c7bd61f3,fa2f6bf5-5f2f-5c64-ae5f-b4686736a7a3,POL-CONFIDENCE-001,pass,allow,Category confidence 0.95 meets the 0.70 threshold.,synthetic_operational
b5776cfb0888c4acbf0b066103ab2db325c7a0103e820a4ccf51cd7518984266,fa2f6bf5-5f2f-5c64-ae5f-b4686736a7a3,POL-REVIEW-001,pass,allow,The diagnosis contains no human-review flag.,synthetic_operational
c8b13037a98de23c5e0f8dfdabf3c0df30ae85384e8cfad50d138513d173ec58,ae0ce0e8-5a8c-5fbe-a424-48e92895cd77,POL-SCOPE-001,pass,allow,Category 'waste_litter' is within the demonstration policy scope.,synthetic_operational
812fed7c84e3655da278d6144f19fddf728c6471a1488d0db0a416e698081407,ae0ce0e8-5a8c-5fbe-a424-48e92895cd77,POL-ACTION-001,fail,reject,Action 'close_live_case' is not permitted by this policy version.,synthetic_operational
c4c2fd6184cd3336c8fd89cac637288babb459f6677ec00117bc569fd52e4825,ae0ce0e8-5a8c-5fbe-a424-48e92895cd77,POL-LOCATION-001,pass,allow,Required latitude and longitude were supplied.,synthetic_operational
afd6bc9b7760292e8b477cf1dfedfcd8d99335d3169da55a0f4a5a7eb53fe790,ae0ce0e8-5a8c-5fbe-a424-48e92895cd77,POL-ASSET-001,pass,allow,The supplied point matched a public litter-bin asset.,synthetic_operational
470e7737619d9c0ed85a849a82cc73db0793e0f3aea8fbb266a751657831cc85,ae0ce0e8-5a8c-5fbe-a424-48e92895cd77,POL-SAFETY-001,pass,allow,Priority P2 does not trigger the emergency escalation rule.,synthetic_operational
2fda495f53600bdbbde9808797552e7cde256f95ee1ba258cf0bf723dd2c25c9,ae0ce0e8-5a8c-5fbe-a424-48e92895cd77,POL-CONFIDENCE-001,pass,allow,Category confidence 0.95 meets the 0.70 threshold.,synthetic_operational
973f269b1004b2161db2664ffa4a05a5ef4f72739ba40f670d4d90b3e56b2c95,ae0ce0e8-5a8c-5fbe-a424-48e92895cd77,POL-REVIEW-001,pass,allow,The diagnosis contains no human-review flag.,synthetic_operational
be3e9c31a6ed8f16895649af83091ea6deebdd1878cdd3954a97b16749528e64,90265ca7-693c-5758-9093-ea221148d192,POL-SCOPE-001,pass,allow,Category 'waste_litter' is within the demonstration policy scope.,synthetic_operational
fa5f6802f3a2c455dec4c22ab02e882f84815cfd6de1fe738c73f2d0052a9bcf,90265ca7-693c-5758-9093-ea221148d192,POL-ACTION-001,pass,allow,Action 'create_draft_work_order' is permitted as a draft-only action.,synthetic_operational
0cfadd1eefcd771a6769cb6ab85eb82611073e9fbabb268efc926762148bad7e,90265ca7-693c-5758-9093-ea221148d192,POL-LOCATION-001,pass,allow,Required latitude and longitude were supplied.,synthetic_operational
a4ef2ac7421909b659e0b7ba7a94df256ac1f46955be3ce3093710c343102b1a,90265ca7-693c-5758-9093-ea221148d192,POL-ASSET-001,pass,allow,The supplied point matched a public litter-bin asset.,synthetic_operational
e18d168ece044b3c1e43f8e68bb0d1ef7b55fb97d25b22fa1179bdc53f3d1dc2,90265ca7-693c-5758-9093-ea221148d192,POL-SAFETY-001,pass,allow,Priority P2 does not trigger the emergency escalation rule.,synthetic_operational
b9bde0cb6276acc068f9dfdba50b576b8fa6ed2894f325f530ef2c02508230dd,90265ca7-693c-5758-9093-ea221148d192,POL-CONFIDENCE-001,pass,allow,Category confidence 0.95 meets the 0.70 threshold.,synthetic_operational
1f7cb03a8b66db245f0a585a369004bee7641174469afdef64effe6a7b1d6dc1,90265ca7-693c-5758-9093-ea221148d192,POL-REVIEW-001,pass,allow,The diagnosis contains no human-review flag.,synthetic_operational
f48ecff06224a85eb65589a7108c28a0529bb21b21691fae85bfe8e0830bf1bf,9f577c1a-b689-5fc0-90ee-ffa791f5b8ea,POL-SCOPE-001,pass,allow,Category 'waste_litter' is within the demonstration policy scope.,synthetic_operational
d2c50d01c0ed3eb0fe2295d73a21d63b0f7b9029ad412879eec696ce50c3ed15,9f577c1a-b689-5fc0-90ee-ffa791f5b8ea,POL-ACTION-001,pass,allow,Action 'create_draft_work_order' is permitted as a draft-only action.,synthetic_operational
fbea14763412d204d55d1beff2bab3749c92106d33a72ccf8fd15f3b04183b0d,9f577c1a-b689-5fc0-90ee-ffa791f5b8ea,POL-LOCATION-001,pass,allow,Required latitude and longitude were supplied.,synthetic_operational
382986ba4f13060d03071cd8234e5f0f2d46d5cbb06c18d595f3d41e9cbdc59a,9f577c1a-b689-5fc0-90ee-ffa791f5b8ea,POL-ASSET-001,pass,allow,The supplied point matched a public litter-bin asset.,synthetic_operational
f925b79d98cde1fd242745f30a1ea0d0161a9b51dde1e170919a10f1103b8b98,9f577c1a-b689-5fc0-90ee-ffa791f5b8ea,POL-SAFETY-001,pass,allow,Priority P3 does not trigger the emergency escalation rule.,synthetic_operational
558fbb406c7812c2adaae8a3afeeef4bb1a55a6f374ec73ed11edc5c80e90adc,9f577c1a-b689-5fc0-90ee-ffa791f5b8ea,POL-CONFIDENCE-001,pass,allow,Category confidence 0.95 meets the 0.70 threshold.,synthetic_operational
f413bdfa41fad47fab6a0d39c4eac86507e715eb793a855fbfc3f38fd388fc77,9f577c1a-b689-5fc0-90ee-ffa791f5b8ea,POL-REVIEW-001,pass,allow,The diagnosis contains no human-review flag.,synthetic_operational
7427cf61c524bc30c15277756e4cbf8b982568c6679050f455cb891fd29fe204,e524cc85-eb26-56df-b461-282218251e08,POL-SCOPE-001,pass,allow,Category 'waste_litter' is within the demonstration policy scope.,synthetic_operational
9307091829ae60e48ec147719b971b3728d02e0790c89264fd11f880cdb7d5b0,e524cc85-eb26-56df-b461-282218251e08,POL-ACTION-001,pass,allow,Action 'create_draft_work_order' is permitted as a draft-only action.,synthetic_operational
b12583ace2509eae0dbbb212de7c75100923a9514267b0b9cc8480040403fe51,e524cc85-eb26-56df-b461-282218251e08,POL-LOCATION-001,fail,reject,Latitude and longitude are required for a waste/litter draft action.,synthetic_operational
cbc1f835adf2d6e0589f0f58d93b83c45b02e8028ab4b7ca1400e22fa817c734,e524cc85-eb26-56df-b461-282218251e08,POL-ASSET-001,not_applicable,allow,Asset matching cannot be evaluated until coordinates are supplied.,synthetic_operational
3537dfda78b0059bbbdaec1735a80fbbce9950b3f4fc9e5896c98daf916b3a0a,e524cc85-eb26-56df-b461-282218251e08,POL-SAFETY-001,pass,allow,Priority P3 does not trigger the emergency escalation rule.,synthetic_operational
583e490fdaa2c55fc08210e30e81924bffe79434796b7275285b123d087dd20f,e524cc85-eb26-56df-b461-282218251e08,POL-CONFIDENCE-001,pass,allow,Category confidence 0.95 meets the 0.70 threshold.,synthetic_operational
cdcf6b6f6f285fcd171d170ea85f5a8b59b7abdbab455a7a4df429e9952d25cb,e524cc85-eb26-56df-b461-282218251e08,POL-REVIEW-001,pass,allow,The diagnosis contains no human-review flag.,synthetic_operational
665188be3d8bf0115da7325d69e996c0f84be7bf1e769f1a4353278fad83e75e,45b776f1-4d72-54e6-9593-d4a230e1a8b0,POL-SCOPE-001,fail,escalate,Category 'general_enquiry' is outside policy scope and requires human routing.,synthetic_operational
30bda01b52cb01032c1091beeac3b2246e58e608d77fe3abe28abfecc7a2eeab,45b776f1-4d72-54e6-9593-d4a230e1a8b0,POL-ACTION-001,pass,allow,Action 'create_draft_work_order' is permitted as a draft-only action.,synthetic_operational
85b830ae3c690841b7b727cd9cf58c3acdc8f1bf54cbb32595b004d251efc5c2,45b776f1-4d72-54e6-9593-d4a230e1a8b0,POL-LOCATION-001,not_applicable,allow,The policy has no coordinate rule for category 'general_enquiry'.,synthetic_operational
644579d0d62ac4dfdebfaf590ba7f7577364f9b6d6c395a6102771aae904537c,45b776f1-4d72-54e6-9593-d4a230e1a8b0,POL-ASSET-001,not_applicable,allow,The policy has no asset-match rule for category 'general_enquiry'.,synthetic_operational
447dd97a99dfdef58870429ccc3c2899292b393f3e002e0e6d6ef61925635a6e,45b776f1-4d72-54e6-9593-d4a230e1a8b0,POL-SAFETY-001,pass,allow,Priority P4 does not trigger the emergency escalation rule.,synthetic_operational
173062da50bf9e7cafa0c8cb25fa609786d08edc48b0cf8d683c1fc4d3bf3358,45b776f1-4d72-54e6-9593-d4a230e1a8b0,POL-CONFIDENCE-001,fail,escalate,Category confidence 0.30 is below the 0.70 threshold.,synthetic_operational
8adcbf89af10280f6a1e417295f3f0af266c0592dcebde39a6c5aa2b153a938b,45b776f1-4d72-54e6-9593-d4a230e1a8b0,POL-REVIEW-001,fail,escalate,The diagnosis contains a human-review flag.,synthetic_operational
07aba9271b51a61aff887068093e4ed3b7f6296c0918ceecb2f9525ee9febfae,3ec8ceb4-45a9-5090-a68b-2a073023f596,POL-SCOPE-001,pass,allow,Category 'waste_litter' is within the demonstration policy scope.,synthetic_operational
06c697eac3fed01e34f4dbb5c1c3cb52c1550c136621c947cb4c2a8efae46377,3ec8ceb4-45a9-5090-a68b-2a073023f596,POL-ACTION-001,pass,allow,Action 'create_draft_work_order' is permitted as a draft-only action.,synthetic_operational
dc728fe175a72cba12d5fd1ce08338f5a8f76b7693f10cd4e601573f72e509f2,3ec8ceb4-45a9-5090-a68b-2a073023f596,POL-LOCATION-001,pass,allow,Required latitude and longitude were supplied.,synthetic_operational
dd4ebae4b7a90b31bab717f1e0ebe6559d17d51be50f63fe37745c2f0c28ef58,3ec8ceb4-45a9-5090-a68b-2a073023f596,POL-ASSET-001,fail,escalate,No public litter-bin asset was found within 500 metres; human verification is required.,synthetic_operational
0e9fc201bb4797585e922b112a8c40b9f310ca594adf83e0479a2ac16b895955,3ec8ceb4-45a9-5090-a68b-2a073023f596,POL-SAFETY-001,pass,allow,Priority P3 does not trigger the emergency escalation rule.,synthetic_operational
daccc8fbb12ddd65269c0346a505a4b5219f32eacccab1303097dfdc247128ed,3ec8ceb4-45a9-5090-a68b-2a073023f596,POL-CONFIDENCE-001,pass,allow,Category confidence 0.95 meets the 0.70 threshold.,synthetic_operational
639cad01ee5b7e1bae2dced43b3cd2918953f9e44a466039e31c2093d25224db,3ec8ceb4-45a9-5090-a68b-2a073023f596,POL-REVIEW-001,fail,escalate,The diagnosis contains a human-review flag.,synthetic_operational
e3c7eebd54229fdc4d29cbf8ce26598aac19fb8cd164a5c6f1715e6dfb10554a,bfc7bf0b-da35-581d-bd90-f1e0d140e13e,POL-SCOPE-001,fail,escalate,Category 'roads_footpaths' is outside policy scope and requires human routing.,synthetic_operational
4075ecb5aa304eec19f10c5b5a2c829e6def1999f58e9dc3b834584affe6a579,bfc7bf0b-da35-581d-bd90-f1e0d140e13e,POL-ACTION-001,pass,allow,Action 'create_draft_work_order' is permitted as a draft-only action.,synthetic_operational
3da8209c32ca120beb748d5c6dfde75ce964bcab9d0b2057aff9455a4cc3c23d,bfc7bf0b-da35-581d-bd90-f1e0d140e13e,POL-LOCATION-001,not_applicable,allow,The policy has no coordinate rule for category 'roads_footpaths'.,synthetic_operational
b38c2433d12b3b3c87689984039a376d7fae63d9003286609147c1fdfac3b30b,bfc7bf0b-da35-581d-bd90-f1e0d140e13e,POL-ASSET-001,not_applicable,allow,The policy has no asset-match rule for category 'roads_footpaths'.,synthetic_operational
bb95bc01af9b9b48804e1e20e5baa1a4f474b00dee424a475058ad6f22750f5a,bfc7bf0b-da35-581d-bd90-f1e0d140e13e,POL-SAFETY-001,pass,allow,Priority P2 does not trigger the emergency escalation rule.,synthetic_operational
c0bc278e961f4e178f72ab778bc358df46a1214e6898f546328cb956ccd54801,bfc7bf0b-da35-581d-bd90-f1e0d140e13e,POL-CONFIDENCE-001,pass,allow,Category confidence 0.82 meets the 0.70 threshold.,synthetic_operational
0f2ba289c6dca22b38eb788e817ea1b908c56f81322ff0f352e05d1e1ccf6b7c,bfc7bf0b-da35-581d-bd90-f1e0d140e13e,POL-REVIEW-001,pass,allow,The diagnosis contains no human-review flag.,synthetic_operational
19ad1d1d6c3b063829a14e0fac8f107d0dc96c7d924f21bd96a693a20459ae12,56287be5-fe26-5cf5-bbe4-af308353ad8b,POL-SCOPE-001,pass,allow,Category 'waste_litter' is within the demonstration policy scope.,synthetic_operational
e749368847c9fcc145d4438cc3fcdd61f508a2cd78a245e67cf41a71284b43e4,56287be5-fe26-5cf5-bbe4-af308353ad8b,POL-ACTION-001,pass,allow,Action 'create_draft_work_order' is permitted as a draft-only action.,synthetic_operational
b18359eb302a9b408980bd3d87b36a0646a3923f497c433472839215fc0fe77f,56287be5-fe26-5cf5-bbe4-af308353ad8b,POL-LOCATION-001,pass,allow,Required latitude and longitude were supplied.,synthetic_operational
5c31b456370413ac5ac18ea3da2d6cee49f193ba6578ca93fdbe6b933a246580,56287be5-fe26-5cf5-bbe4-af308353ad8b,POL-ASSET-001,pass,allow,The supplied point matched a public litter-bin asset.,synthetic_operational
942969d7ef40bab0b4a6d8520d771b4f018a23f99a587d340e5491c7132a530d,56287be5-fe26-5cf5-bbe4-af308353ad8b,POL-SAFETY-001,fail,escalate,Priority P1 must be escalated to a human.,synthetic_operational
f4367db06cbdc75aa31451cb25f1052c6d85b05ed6fd7a8b655134e9158af93e,56287be5-fe26-5cf5-bbe4-af308353ad8b,POL-CONFIDENCE-001,pass,allow,Category confidence 0.82 meets the 0.70 threshold.,synthetic_operational
eabb577e34d7146e9b5c7a87dd2dd00dc97f06706f2a80a3e78211b2283cb5a8,56287be5-fe26-5cf5-bbe4-af308353ad8b,POL-REVIEW-001,fail,escalate,The diagnosis contains a human-review flag.,synthetic_operational
db6d9bb11eae085350fa2bba0e8e48a1aa74b8dd38ea6e6f9ad82ab6cf05ad56,76289bc9-cdb7-5835-9d85-79134ff49f20,POL-SCOPE-001,pass,allow,Category 'waste_litter' is within the demonstration policy scope.,synthetic_operational
fba64000f877ff8e7074a2db3d9f6ac0a37f570c155354217282302c1fcfda19,76289bc9-cdb7-5835-9d85-79134ff49f20,POL-ACTION-001,pass,allow,Action 'create_draft_work_order' is permitted as a draft-only action.,synthetic_operational
f8ea5550fcc978d1d769cd7ae3d9a205eab517c102f9dcb22cd3b0ac723afc38,76289bc9-cdb7-5835-9d85-79134ff49f20,POL-LOCATION-001,pass,allow,Required latitude and longitude were supplied.,synthetic_operational
41fdb72fd4e00ce6ac168608b5d07ba8787448adc26fc7010d4ba059da8173ab,76289bc9-cdb7-5835-9d85-79134ff49f20,POL-ASSET-001,pass,allow,The supplied point matched a public litter-bin asset.,synthetic_operational
211a336a5159c374a405defb68ec1f5539b75dfd89d62331644515b4149b2b6b,76289bc9-cdb7-5835-9d85-79134ff49f20,POL-SAFETY-001,pass,allow,Priority P3 does not trigger the emergency escalation rule.,synthetic_operational
a4c048ee6643cb573784e57e852d5a672e1afc8bd6ce39aacc9f0e6a6f80a4e2,76289bc9-cdb7-5835-9d85-79134ff49f20,POL-CONFIDENCE-001,pass,allow,Category confidence 0.95 meets the 0.70 threshold.,synthetic_operational
23e7228305ad7e096e847a0474c4241915a56fb5f2f70c1c7234147a7dcb7d01,76289bc9-cdb7-5835-9d85-79134ff49f20,POL-REVIEW-001,pass,allow,The diagnosis contains no human-review flag.,synthetic_operational
66cc08b7b1ff6bf1ca7d8492501a7dd8a58089b3d083b011246ccb61a940fa8d,2d35be46-cda7-57e3-bf3a-7e7504b21119,POL-SCOPE-001,pass,allow,Category 'waste_litter' is within the demonstration policy scope.,synthetic_operational
a0319d80f9df11699c7136387a81ba381f769156ee2ed434a3f048fb29c2fbf3,2d35be46-cda7-57e3-bf3a-7e7504b21119,POL-ACTION-001,pass,allow,Action 'create_draft_work_order' is permitted as a draft-only action.,synthetic_operational
0a1b0399a88d6d6b3d56c380ee985829ec4ab67798413d4ec5ab2fee8da1718d,2d35be46-cda7-57e3-bf3a-7e7504b21119,POL-LOCATION-001,pass,allow,Required latitude and longitude were supplied.,synthetic_operational
e35fe53ca4846fe4daf1c3ab94673df0cf04ac567e81be6c3ebbe9552245fb3a,2d35be46-cda7-57e3-bf3a-7e7504b21119,POL-ASSET-001,pass,allow,The supplied point matched a public litter-bin asset.,synthetic_operational
e05c6f4b5066c25995414c8d3e9b52d01693b6033fb30530d0046a19e04b1620,2d35be46-cda7-57e3-bf3a-7e7504b21119,POL-SAFETY-001,pass,allow,Priority P3 does not trigger the emergency escalation rule.,synthetic_operational
5a4e11684f372ad35bea424c4b2c8fd1f788005c5a97214140fee442e66a7fda,2d35be46-cda7-57e3-bf3a-7e7504b21119,POL-CONFIDENCE-001,pass,allow,Category confidence 0.95 meets the 0.70 threshold.,synthetic_operational
54a6f28c6a46416405bfc0b3770cbaf77da6f06d5c3bef3d33d3a86522401c00,2d35be46-cda7-57e3-bf3a-7e7504b21119,POL-REVIEW-001,pass,allow,The diagnosis contains no human-review flag.,synthetic_operational
2bbe16b8a2a206fcd883a7b3e47a8f985c18acb413f145728b3de410d9689ea2,d748acb8-201c-57c2-a2f6-80ad7e59a95f,POL-SCOPE-001,pass,allow,Category 'waste_litter' is within the demonstration policy scope.,synthetic_operational
79bec3846e2bae3935a5a19331685a994ae1bd48bc316de42e07d6466bd4964f,d748acb8-201c-57c2-a2f6-80ad7e59a95f,POL-ACTION-001,fail,reject,Action 'close_live_case' is not permitted by this policy version.,synthetic_operational
6141f71660473d8e1905b849cb7a379eb8102fe39946acd580d503a0dc7264b7,d748acb8-201c-57c2-a2f6-80ad7e59a95f,POL-LOCATION-001,pass,allow,Required latitude and longitude were supplied.,synthetic_operational
b37849fa6dfc00625cc94b9e3edf543f0dd0bd0f839e66a59ec211735ee6fffb,d748acb8-201c-57c2-a2f6-80ad7e59a95f,POL-ASSET-001,pass,allow,The supplied point matched a public litter-bin asset.,synthetic_operational
0ff0b97cf786a040495087f3c5293585763572ecd15810b2ad8b71b5a7edb114,d748acb8-201c-57c2-a2f6-80ad7e59a95f,POL-SAFETY-001,pass,allow,Priority P2 does not trigger the emergency escalation rule.,synthetic_operational
67df5da8884dd2135f239ba85f28fe2219ba48a97f85626ea48c862c0e8fde77,d748acb8-201c-57c2-a2f6-80ad7e59a95f,POL-CONFIDENCE-001,pass,allow,Category confidence 0.95 meets the 0.70 threshold.,synthetic_operational
54d116ac1a256ad27fb9ae0b59c47d64a0da3bf4d75c6d988b662d5d6aa343f8,d748acb8-201c-57c2-a2f6-80ad7e59a95f,POL-REVIEW-001,pass,allow,The diagnosis contains no human-review flag.,synthetic_operational
92a7e35bf3f7ba11f889b6f2214d4863369d3bd0f6efcd3b0d5ac187fad609ee,f3eb5fd1-b26d-566e-a8ce-37dd5fcb9fae,POL-SCOPE-001,pass,allow,Category 'waste_litter' is within the demonstration policy scope.,synthetic_operational
aca084659fe1df62a43e79d2799a3fe55ec9a66fe7eade16e835de98e0b163bf,f3eb5fd1-b26d-566e-a8ce-37dd5fcb9fae,POL-ACTION-001,pass,allow,Action 'create_draft_work_order' is permitted as a draft-only action.,synthetic_operational
bc714a8ea5c96e7951b4fddab86c28c6fdbb0f672c052cb34ebb3e86cfcbfcc4,f3eb5fd1-b26d-566e-a8ce-37dd5fcb9fae,POL-LOCATION-001,pass,allow,Required latitude and longitude were supplied.,synthetic_operational
3af6536ba505b2670dab7bc9d4b4bff2a5d34941f780639fdfa69be46432db3a,f3eb5fd1-b26d-566e-a8ce-37dd5fcb9fae,POL-ASSET-001,pass,allow,The supplied point matched a public litter-bin asset.,synthetic_operational
38a6cb4d10af454bd1d3607577b5e3c42a12b35ca11eab9766a49c5650a61b94,f3eb5fd1-b26d-566e-a8ce-37dd5fcb9fae,POL-SAFETY-001,pass,allow,Priority P2 does not trigger the emergency escalation rule.,synthetic_operational
d57d5960d4b782b91b8caca2fcffcf7013d13b4f1fb96fb9837d0c52cff86189,f3eb5fd1-b26d-566e-a8ce-37dd5fcb9fae,POL-CONFIDENCE-001,pass,allow,Category confidence 0.95 meets the 0.70 threshold.,synthetic_operational
6e0ea65a527e9941b086b36e7dc9ae870a62e8177d9e44f263a3aec06b1d0d39,f3eb5fd1-b26d-566e-a8ce-37dd5fcb9fae,POL-REVIEW-001,pass,allow,The diagnosis contains no human-review flag.,synthetic_operational
d8b6ba110805a1bf4f3adc4aa8124d065b275bc9d0c29ca7900161c60a6cfc84,439515c3-7372-5d37-81aa-e165eabd5725,POL-SCOPE-001,pass,allow,Category 'waste_litter' is within the demonstration policy scope.,synthetic_operational
bcfddf56511ae05e00abd6a9c45221ddf971c3eea32947fafd2d25354eeae8cc,439515c3-7372-5d37-81aa-e165eabd5725,POL-ACTION-001,pass,allow,Action 'create_draft_work_order' is permitted as a draft-only action.,synthetic_operational
903bdb6894c2a3034133e344c78351163312e3406ef1afe94361f1870629d2d4,439515c3-7372-5d37-81aa-e165eabd5725,POL-LOCATION-001,pass,allow,Required latitude and longitude were supplied.,synthetic_operational
08fd9fec1bf10eea691cc1baad378c25bae067b05d2cddba0aabf7b7f39dac4e,439515c3-7372-5d37-81aa-e165eabd5725,POL-ASSET-001,pass,allow,The supplied point matched a public litter-bin asset.,synthetic_operational
12147abb01adaea8df48c4a99ad895cbe9ce97eb6eb2c8928d1a44caa295dc13,439515c3-7372-5d37-81aa-e165eabd5725,POL-SAFETY-001,pass,allow,Priority P3 does not trigger the emergency escalation rule.,synthetic_operational
e8d43b5a8bc4fa26b205578cb7b97e2cca782d897b4855ef26ec8f25f0cb7a8b,439515c3-7372-5d37-81aa-e165eabd5725,POL-CONFIDENCE-001,pass,allow,Category confidence 0.95 meets the 0.70 threshold.,synthetic_operational
c88bda24ab5b2cdf592e5088fa1df89f65a2dd05785200947c70142850e11b37,439515c3-7372-5d37-81aa-e165eabd5725,POL-REVIEW-001,pass,allow,The diagnosis contains no human-review flag.,synthetic_operational
dba31e800ee97768cbff8d232d38dc1e2bfedf20364b5bf98fe6eb3015bf2d75,95ed47f4-f044-5f4e-8e95-160a7f745a07,POL-SCOPE-001,pass,allow,Category 'waste_litter' is within the demonstration policy scope.,synthetic_operational
1fc599638a9b41c457e78ee6e8db997801799ba3a7fb244c561479317cf60297,95ed47f4-f044-5f4e-8e95-160a7f745a07,POL-ACTION-001,pass,allow,Action 'create_draft_work_order' is permitted as a draft-only action.,synthetic_operational
94d480467074fe01420023609c21190ab96dd76c37d123daeb93456118183807,95ed47f4-f044-5f4e-8e95-160a7f745a07,POL-LOCATION-001,fail,reject,Latitude and longitude are required for a waste/litter draft action.,synthetic_operational
38bbb456639491ad50f50fcb8c35189cb1b1969c69e47ddcdfc62108e5f8bf40,95ed47f4-f044-5f4e-8e95-160a7f745a07,POL-ASSET-001,not_applicable,allow,Asset matching cannot be evaluated until coordinates are supplied.,synthetic_operational
6382022102553cdb9cbccb2aac1ae9591e88d2d62081a7a5c9e68eda68564b89,95ed47f4-f044-5f4e-8e95-160a7f745a07,POL-SAFETY-001,pass,allow,Priority P3 does not trigger the emergency escalation rule.,synthetic_operational
9e70cc900fbbf95827f09dfd57ec14ee414838ccc3455af1be0c642fbdcc1681,95ed47f4-f044-5f4e-8e95-160a7f745a07,POL-CONFIDENCE-001,pass,allow,Category confidence 0.95 meets the 0.70 threshold.,synthetic_operational
d900731d7ef16bb402d4e83722bf503e19f9978a265fd6a908a6685baccf572b,95ed47f4-f044-5f4e-8e95-160a7f745a07,POL-REVIEW-001,pass,allow,The diagnosis contains no human-review flag.,synthetic_operational
f30b2978a15dfb127374f80bd179475e5a09724fb3f1f90b35f4ed81011ee128,c70731e7-453b-588f-a0d2-2d51e012f08d,POL-SCOPE-001,fail,escalate,Category 'general_enquiry' is outside policy scope and requires human routing.,synthetic_operational
e377f1b157133b2197cd27347cfa3d8e95ac0bf0e8a9c758970c66256b4189d9,c70731e7-453b-588f-a0d2-2d51e012f08d,POL-ACTION-001,pass,allow,Action 'create_draft_work_order' is permitted as a draft-only action.,synthetic_operational
f46be6984569c3cf5bad7090cf831ada64e07a3a2c2871a1a1a9d1daf40646e8,c70731e7-453b-588f-a0d2-2d51e012f08d,POL-LOCATION-001,not_applicable,allow,The policy has no coordinate rule for category 'general_enquiry'.,synthetic_operational
6c24620407074613ee6b9e8deaaab0883b96e32a29dd1efad2484e15c871a9b4,c70731e7-453b-588f-a0d2-2d51e012f08d,POL-ASSET-001,not_applicable,allow,The policy has no asset-match rule for category 'general_enquiry'.,synthetic_operational
f47052b28a415d840553c2384be27c9e1c55b8a539dd711b81d50db35dcb25e0,c70731e7-453b-588f-a0d2-2d51e012f08d,POL-SAFETY-001,pass,allow,Priority P4 does not trigger the emergency escalation rule.,synthetic_operational
0f5fa617880e1d49cb3ff8bf438638e4ab6569c61c873be5a1b6fd8950373150,c70731e7-453b-588f-a0d2-2d51e012f08d,POL-CONFIDENCE-001,fail,escalate,Category confidence 0.30 is below the 0.70 threshold.,synthetic_operational
b075692f0c701213f342a9ae076eeef148d1261313edcff261f99333165fd05a,c70731e7-453b-588f-a0d2-2d51e012f08d,POL-REVIEW-001,fail,escalate,The diagnosis contains a human-review flag.,synthetic_operational
440251e3fe01fe75f1ac321c2a36f659529e33ae13c37c75dfaa1386c0b42f8c,63c87b3f-5be4-5597-a9f7-e492bc529d25,POL-SCOPE-001,pass,allow,Category 'waste_litter' is within the demonstration policy scope.,synthetic_operational
3baddfd7424572a72400f17d350166ac1328b8eddcf90cb12751a08f71705204,63c87b3f-5be4-5597-a9f7-e492bc529d25,POL-ACTION-001,pass,allow,Action 'create_draft_work_order' is permitted as a draft-only action.,synthetic_operational
531379a090aa0034bd0717acb96fb2c319a847926e7d608429eeac323817b747,63c87b3f-5be4-5597-a9f7-e492bc529d25,POL-LOCATION-001,pass,allow,Required latitude and longitude were supplied.,synthetic_operational
062d6d81bcf9fb97c0c7083f7a14f1359b5a5b178f1a5a470641acdbf5e0a35e,63c87b3f-5be4-5597-a9f7-e492bc529d25,POL-ASSET-001,fail,escalate,No public litter-bin asset was found within 500 metres; human verification is required.,synthetic_operational
eb8127e73e4786f7f88f300e6490d55fa1e8c0ac73598b31789d5fec3ff57e5c,63c87b3f-5be4-5597-a9f7-e492bc529d25,POL-SAFETY-001,pass,allow,Priority P3 does not trigger the emergency escalation rule.,synthetic_operational
00b34f747d5f8a6f2476bbd242af4a17d241c8c02114a271e51da7a0c7a3eaa4,63c87b3f-5be4-5597-a9f7-e492bc529d25,POL-CONFIDENCE-001,pass,allow,Category confidence 0.95 meets the 0.70 threshold.,synthetic_operational
fb874002e11e31c851d3c0816886ff8a0c9c3f6a757ea5ac0cd6c78fc5e776e6,63c87b3f-5be4-5597-a9f7-e492bc529d25,POL-REVIEW-001,fail,escalate,The diagnosis contains a human-review flag.,synthetic_operational
e8d5d65c92243222d9d219ee997987760cffef793adbbf54f9e9ad21dad07173,871958cb-a828-5aaf-93fe-fbbdb2f0a4ab,POL-SCOPE-001,fail,escalate,Category 'roads_footpaths' is outside policy scope and requires human routing.,synthetic_operational
e94a8a6a5121c2b8a98abfe8af719245ba169963b15860e4f93c781d313051c7,871958cb-a828-5aaf-93fe-fbbdb2f0a4ab,POL-ACTION-001,pass,allow,Action 'create_draft_work_order' is permitted as a draft-only action.,synthetic_operational
4e0693f171e94c74ccd8a07fdac9d2c3d7bdf6efb91a44e964b5b488e0fe8d0f,871958cb-a828-5aaf-93fe-fbbdb2f0a4ab,POL-LOCATION-001,not_applicable,allow,The policy has no coordinate rule for category 'roads_footpaths'.,synthetic_operational
5ea37aab2a3a6fffaadda9984983e2c0236d9282fcc6fa09f73d798400ae0f2b,871958cb-a828-5aaf-93fe-fbbdb2f0a4ab,POL-ASSET-001,not_applicable,allow,The policy has no asset-match rule for category 'roads_footpaths'.,synthetic_operational
cd59d3e165aa013c1c086a62e97f6e0fc17e7794493b49411af30af08726f897,871958cb-a828-5aaf-93fe-fbbdb2f0a4ab,POL-SAFETY-001,pass,allow,Priority P2 does not trigger the emergency escalation rule.,synthetic_operational
d229601e4292e093642da64b534b4be967da78b2c5c24426d044f6c2540a06a3,871958cb-a828-5aaf-93fe-fbbdb2f0a4ab,POL-CONFIDENCE-001,pass,allow,Category confidence 0.82 meets the 0.70 threshold.,synthetic_operational
c44375e94fc1a8f3f4e102773aea1eb33225bdb52e5400de05969ee87ad345d8,871958cb-a828-5aaf-93fe-fbbdb2f0a4ab,POL-REVIEW-001,pass,allow,The diagnosis contains no human-review flag.,synthetic_operational
c346c035f931da5aacd9ef6e816d6b2eb9b4a5bd0ba264e1f85381a32945870e,88ff155f-cd6d-58f9-a553-212c85244c68,POL-SCOPE-001,pass,allow,Category 'waste_litter' is within the demonstration policy scope.,synthetic_operational
074bbc99f447a7cf5442d950c1c0d18698b5bb3deaefb6632beb61a83adb121e,88ff155f-cd6d-58f9-a553-212c85244c68,POL-ACTION-001,pass,allow,Action 'create_draft_work_order' is permitted as a draft-only action.,synthetic_operational
1305eb950ba7c35e75596b4051d5e04caf91df06c090db650924741ccc8cd1e9,88ff155f-cd6d-58f9-a553-212c85244c68,POL-LOCATION-001,pass,allow,Required latitude and longitude were supplied.,synthetic_operational
fc1ec3369d777af6c1c8d6c413757cb77689a931c3dc810ac0137879acf2a226,88ff155f-cd6d-58f9-a553-212c85244c68,POL-ASSET-001,pass,allow,The supplied point matched a public litter-bin asset.,synthetic_operational
2807a6c30105841a239be022b48f5912560d89535dda3f3d90818b0e04010a7f,88ff155f-cd6d-58f9-a553-212c85244c68,POL-SAFETY-001,fail,escalate,Priority P1 must be escalated to a human.,synthetic_operational
ad591c8d667569dbb80e458f1d79a2ad0df2c52e33b6222b7d2c849f7e1b0a90,88ff155f-cd6d-58f9-a553-212c85244c68,POL-CONFIDENCE-001,pass,allow,Category confidence 0.82 meets the 0.70 threshold.,synthetic_operational
021874448bbf41a7e0b47445355744d92240516709e8ead27cf05aa7bfdac588,88ff155f-cd6d-58f9-a553-212c85244c68,POL-REVIEW-001,fail,escalate,The diagnosis contains a human-review flag.,synthetic_operational
7e9783d9b49bee1ada461c792ca2931ebbd529b74ea1b5016d9d5a387f900b8c,4ec24f42-8180-582d-8512-8ca5a7be818e,POL-SCOPE-001,pass,allow,Category 'waste_litter' is within the demonstration policy scope.,synthetic_operational
47fb4e8bdd097955e9a34304a53fb1d7b66ee442cd823ffdc184c1163496bc16,4ec24f42-8180-582d-8512-8ca5a7be818e,POL-ACTION-001,pass,allow,Action 'create_draft_work_order' is permitted as a draft-only action.,synthetic_operational
c3548b765b717c64e612990c9eb4e2ac7d70f2beaa3d966e6cc76f8d60285cd8,4ec24f42-8180-582d-8512-8ca5a7be818e,POL-LOCATION-001,pass,allow,Required latitude and longitude were supplied.,synthetic_operational
23ceaa8281be19fa1732b1e80db96f2d3eeadea86a23835652be7ebea3182c80,4ec24f42-8180-582d-8512-8ca5a7be818e,POL-ASSET-001,pass,allow,The supplied point matched a public litter-bin asset.,synthetic_operational
702907a2da43af2a7c3ba70a8f5803e5e3f859263637c154d38275f4a2d671ed,4ec24f42-8180-582d-8512-8ca5a7be818e,POL-SAFETY-001,pass,allow,Priority P3 does not trigger the emergency escalation rule.,synthetic_operational
2714878f45275a044cba64bfdeec208b78f52940ad0d92558204b132f6d9e28d,4ec24f42-8180-582d-8512-8ca5a7be818e,POL-CONFIDENCE-001,pass,allow,Category confidence 0.95 meets the 0.70 threshold.,synthetic_operational
a852eddc194b3b57cd7ff3e5525c5605e190aeae079a30cb11864a7e39e3dad9,4ec24f42-8180-582d-8512-8ca5a7be818e,POL-REVIEW-001,pass,allow,The diagnosis contains no human-review flag.,synthetic_operational
01e9b475ec817466783e44912c193c82cd31daea1fce1c49e34760270bdd58d1,8a0c1424-8ecd-5ac8-8203-e79a23eee2fe,POL-SCOPE-001,pass,allow,Category 'waste_litter' is within the demonstration policy scope.,synthetic_operational
1d45cc86da363c3ae18fbe09d4b982a350943492f720aea5bebfc958e094edd9,8a0c1424-8ecd-5ac8-8203-e79a23eee2fe,POL-ACTION-001,pass,allow,Action 'create_draft_work_order' is permitted as a draft-only action.,synthetic_operational
fc2709d48f2f9a88fddbf36d9b811f8869da01b09147eb0b8d649163aac31751,8a0c1424-8ecd-5ac8-8203-e79a23eee2fe,POL-LOCATION-001,pass,allow,Required latitude and longitude were supplied.,synthetic_operational
401247d19b73d92553c3067f4cc3f97f40974b6b2f9eff9baff512848e5e3f20,8a0c1424-8ecd-5ac8-8203-e79a23eee2fe,POL-ASSET-001,pass,allow,The supplied point matched a public litter-bin asset.,synthetic_operational
22ab5e739bf9a62538f2791f0c9a7e68e8fec369c1575179ca5bc6493e910939,8a0c1424-8ecd-5ac8-8203-e79a23eee2fe,POL-SAFETY-001,pass,allow,Priority P3 does not trigger the emergency escalation rule.,synthetic_operational
df2497fc1a9f9a4f9a7b3c47e63dda3e0e6ffa433baedfb42993a13b6c455ea2,8a0c1424-8ecd-5ac8-8203-e79a23eee2fe,POL-CONFIDENCE-001,pass,allow,Category confidence 0.95 meets the 0.70 threshold.,synthetic_operational
041010b2968f32f392996a27c33225b5dbf96d538c0a4c79214d4a0430b818bf,8a0c1424-8ecd-5ac8-8203-e79a23eee2fe,POL-REVIEW-001,pass,allow,The diagnosis contains no human-review flag.,synthetic_operational
336c3e9d27c169c75621d092f3a3fa49efd6729c53fd84bcbd866ec440b57235,207dd809-7353-5e34-adc2-a8c0b71ad951,POL-SCOPE-001,pass,allow,Category 'waste_litter' is within the demonstration policy scope.,synthetic_operational
2ea1f867356af8dd71a9518e559fcf867d93334dc8d5b481952276fd12cf1e3a,207dd809-7353-5e34-adc2-a8c0b71ad951,POL-ACTION-001,fail,reject,Action 'close_live_case' is not permitted by this policy version.,synthetic_operational
d426389c57ed896e5872ba3af29ea633a9a03100be088a678409b96b1fdfd7ff,207dd809-7353-5e34-adc2-a8c0b71ad951,POL-LOCATION-001,pass,allow,Required latitude and longitude were supplied.,synthetic_operational
c88dcb6012d88261a997fb9750c42e78a054300c32e49ebfdbee8db0635eb637,207dd809-7353-5e34-adc2-a8c0b71ad951,POL-ASSET-001,pass,allow,The supplied point matched a public litter-bin asset.,synthetic_operational
644763b5ebde7ac0ba09b293a2d81568f491e0ab24300f3c8aa4faa1dcc72ece,207dd809-7353-5e34-adc2-a8c0b71ad951,POL-SAFETY-001,pass,allow,Priority P2 does not trigger the emergency escalation rule.,synthetic_operational
43a63ef8fa7463bbaec342cb3ccb136d48f080a8acc6ac0e46d236542e9b3c76,207dd809-7353-5e34-adc2-a8c0b71ad951,POL-CONFIDENCE-001,pass,allow,Category confidence 0.95 meets the 0.70 threshold.,synthetic_operational
75537255da2e80ed00518912d159253391d1f011ac1042c022cd4c6c5a6c184a,207dd809-7353-5e34-adc2-a8c0b71ad951,POL-REVIEW-001,pass,allow,The diagnosis contains no human-review flag.,synthetic_operational
472ba42c5fc09b7b61504fdd38371331b4493413c0fc850fc7682c046a22e1ae,f4c5ebf8-3d79-5b1e-8823-6d95ab9bbf5d,POL-SCOPE-001,pass,allow,Category 'waste_litter' is within the demonstration policy scope.,synthetic_operational
f0cd2b74de935ce0bdc360513f80252e108805c0daccd3814c701d06bb2656c5,f4c5ebf8-3d79-5b1e-8823-6d95ab9bbf5d,POL-ACTION-001,pass,allow,Action 'create_draft_work_order' is permitted as a draft-only action.,synthetic_operational
7253ba542db3c3f64c1c1e53b7c6f10066bdcf3154b2bbd7788c073c95532fe9,f4c5ebf8-3d79-5b1e-8823-6d95ab9bbf5d,POL-LOCATION-001,pass,allow,Required latitude and longitude were supplied.,synthetic_operational
17a4ede04bdc8df624fb93ce2a9c51830b5838d389a5ff1e6e8fabf8dacbf47f,f4c5ebf8-3d79-5b1e-8823-6d95ab9bbf5d,POL-ASSET-001,pass,allow,The supplied point matched a public litter-bin asset.,synthetic_operational
f046ff6ec4587f688a4dc4476e02f6c4912853319eed64bcda79c03d3764ce75,f4c5ebf8-3d79-5b1e-8823-6d95ab9bbf5d,POL-SAFETY-001,pass,allow,Priority P2 does not trigger the emergency escalation rule.,synthetic_operational
695c62c9bd115ef2c47209b11bc5be92d1258a5561c835949e028aeee4594600,f4c5ebf8-3d79-5b1e-8823-6d95ab9bbf5d,POL-CONFIDENCE-001,pass,allow,Category confidence 0.95 meets the 0.70 threshold.,synthetic_operational
3ba78b9400cbda79facfd8e919e3803d817fd62caf2a14a7e2781512fd3d595d,f4c5ebf8-3d79-5b1e-8823-6d95ab9bbf5d,POL-REVIEW-001,pass,allow,The diagnosis contains no human-review flag.,synthetic_operational
cdffcfa440e3738d11d2d70184deb0a7a7522ae8e50ce0d871c5196c1387d442,259dd7fd-2f69-554b-857f-723226a237ff,POL-SCOPE-001,pass,allow,Category 'waste_litter' is within the demonstration policy scope.,synthetic_operational
2687dad963457dbd28d1a339f1f21384cb496ac29deca0c97313a9ecb74a75a1,259dd7fd-2f69-554b-857f-723226a237ff,POL-ACTION-001,pass,allow,Action 'create_draft_work_order' is permitted as a draft-only action.,synthetic_operational
115effecd6cb5d50de170fe2f8f3c28eb2bb8f555a1275d3e3b29525ace49aeb,259dd7fd-2f69-554b-857f-723226a237ff,POL-LOCATION-001,pass,allow,Required latitude and longitude were supplied.,synthetic_operational
500aaa6c9ccf9cb477a65f14452620afd8785970f33aa3d4212d6edce9abd36b,259dd7fd-2f69-554b-857f-723226a237ff,POL-ASSET-001,pass,allow,The supplied point matched a public litter-bin asset.,synthetic_operational
0e44e06f5fe6696574172238876e8caf4b8084c63be05bd7704df5445613a72b,259dd7fd-2f69-554b-857f-723226a237ff,POL-SAFETY-001,pass,allow,Priority P3 does not trigger the emergency escalation rule.,synthetic_operational
1f4dc234861ec100057f77b84d32a59488a8b4c69442087216b96da652c9776a,259dd7fd-2f69-554b-857f-723226a237ff,POL-CONFIDENCE-001,pass,allow,Category confidence 0.95 meets the 0.70 threshold.,synthetic_operational
061ece571bc9cbb52f0b36aaca4a350421b6b3d034f4b94e1f854b926839382f,259dd7fd-2f69-554b-857f-723226a237ff,POL-REVIEW-001,pass,allow,The diagnosis contains no human-review flag.,synthetic_operational
50b4c50607cff42791c0e095d8abf6ec04eb8d4860ea9f2bc3e5f60a9a81237f,3d1b6249-6822-555b-a031-cc9e779cf6c7,POL-SCOPE-001,pass,allow,Category 'waste_litter' is within the demonstration policy scope.,synthetic_operational
5002d6f910beed46ebd6a31878d8c1054ed10fa482f18604cf540cfb511788a1,3d1b6249-6822-555b-a031-cc9e779cf6c7,POL-ACTION-001,pass,allow,Action 'create_draft_work_order' is permitted as a draft-only action.,synthetic_operational
7b1c3fd67c57d7f3b2a5cadfb1e4c79d745e54986e3a6f81b4aeeea685f9a548,3d1b6249-6822-555b-a031-cc9e779cf6c7,POL-LOCATION-001,fail,reject,Latitude and longitude are required for a waste/litter draft action.,synthetic_operational
8982b108c4221071baaa613acaee1f8003e19ba445451ff71bc24e5396b8f718,3d1b6249-6822-555b-a031-cc9e779cf6c7,POL-ASSET-001,not_applicable,allow,Asset matching cannot be evaluated until coordinates are supplied.,synthetic_operational
4c2429f251dc2f3c5ad12648d76eefe4b84c1d09194ac70cef0311680228c81b,3d1b6249-6822-555b-a031-cc9e779cf6c7,POL-SAFETY-001,pass,allow,Priority P3 does not trigger the emergency escalation rule.,synthetic_operational
ebbf5aa601ecb330685d1720c9fbb353739071060492d1f40cb3066bb1944378,3d1b6249-6822-555b-a031-cc9e779cf6c7,POL-CONFIDENCE-001,pass,allow,Category confidence 0.95 meets the 0.70 threshold.,synthetic_operational
7d0b29d35bd5352f72217277dddcf34b61b38824ebadbdbd790bbca2ec290e46,3d1b6249-6822-555b-a031-cc9e779cf6c7,POL-REVIEW-001,pass,allow,The diagnosis contains no human-review flag.,synthetic_operational
99fd5f2903af5afcdb0ff3f3acdf708c4d6b09c8408e1f2593fbf9bd74e53e2a,f2a57f51-af2a-5274-8345-0a9d313fb42a,POL-SCOPE-001,fail,escalate,Category 'general_enquiry' is outside policy scope and requires human routing.,synthetic_operational
0eff86e68905354fe46bc3cf7249cb88ceabc9f38f25f094b0cd0baf6ee09170,f2a57f51-af2a-5274-8345-0a9d313fb42a,POL-ACTION-001,pass,allow,Action 'create_draft_work_order' is permitted as a draft-only action.,synthetic_operational
400ae511cef032c5876748f145d0fa2bd99229bcd36068ae446cb46136d06f55,f2a57f51-af2a-5274-8345-0a9d313fb42a,POL-LOCATION-001,not_applicable,allow,The policy has no coordinate rule for category 'general_enquiry'.,synthetic_operational
841b07dbad9fdd4c51279e599ab31a371c7c84da159d8a7f7fb84fc3a48e5b5f,f2a57f51-af2a-5274-8345-0a9d313fb42a,POL-ASSET-001,not_applicable,allow,The policy has no asset-match rule for category 'general_enquiry'.,synthetic_operational
a27ebc0525bc97000ea8f9626e8c40a45968f6ee16e555d1b55f6dca3e6a5c20,f2a57f51-af2a-5274-8345-0a9d313fb42a,POL-SAFETY-001,pass,allow,Priority P4 does not trigger the emergency escalation rule.,synthetic_operational
765bd37941d66aa746a341c8697d3891e7e659934868c7000a7ba11eb3faca7b,f2a57f51-af2a-5274-8345-0a9d313fb42a,POL-CONFIDENCE-001,fail,escalate,Category confidence 0.30 is below the 0.70 threshold.,synthetic_operational
fa5c97da0c925786d684c67fa9d0aeac0447fccfc4183a02ee33c270279f1d9f,f2a57f51-af2a-5274-8345-0a9d313fb42a,POL-REVIEW-001,fail,escalate,The diagnosis contains a human-review flag.,synthetic_operational
23194e9f302ca83c01921615bcbd3cd7fd0a340aaaa2307a4ea1bb99e13017a0,67bb6c8b-37b1-5bc5-b423-74b63126dddd,POL-SCOPE-001,pass,allow,Category 'waste_litter' is within the demonstration policy scope.,synthetic_operational
544a6179e33518e560e8c6464f761fedb62ea1873acca2e6a18ce4bac681f843,67bb6c8b-37b1-5bc5-b423-74b63126dddd,POL-ACTION-001,pass,allow,Action 'create_draft_work_order' is permitted as a draft-only action.,synthetic_operational
6055f63b7a64fbf70cad351c85927fd6faa5c7f751275214a39709065d3dd28f,67bb6c8b-37b1-5bc5-b423-74b63126dddd,POL-LOCATION-001,pass,allow,Required latitude and longitude were supplied.,synthetic_operational
69bbcf022830bdc3678450d009afe24f9bbe8938d372a2a8eb8fc57e0b885983,67bb6c8b-37b1-5bc5-b423-74b63126dddd,POL-ASSET-001,fail,escalate,No public litter-bin asset was found within 500 metres; human verification is required.,synthetic_operational
24b5f2f84acc71df2f705ec5834a997eb50bbf9bdd35c571f3ce1bc601e8498d,67bb6c8b-37b1-5bc5-b423-74b63126dddd,POL-SAFETY-001,pass,allow,Priority P3 does not trigger the emergency escalation rule.,synthetic_operational
809c4a3ebaaebbf821be3a6beee4c9701edddee7f9179197e18c80088d5987a7,67bb6c8b-37b1-5bc5-b423-74b63126dddd,POL-CONFIDENCE-001,pass,allow,Category confidence 0.95 meets the 0.70 threshold.,synthetic_operational
67467140af0f93bf9aa5426c6eeda40ac600cb885555618f95b6ff4994df2c86,67bb6c8b-37b1-5bc5-b423-74b63126dddd,POL-REVIEW-001,fail,escalate,The diagnosis contains a human-review flag.,synthetic_operational
5119121f3a563ebb673763b80beec6ea132fadd19fafba1c93698025f4965303,016dba01-9bf0-540e-a82e-838b97ae1cbb,POL-SCOPE-001,fail,escalate,Category 'roads_footpaths' is outside policy scope and requires human routing.,synthetic_operational
d3763fb956db11b34c68330a22078bb52fb77a68a0249356ca3d10986cbc2994,016dba01-9bf0-540e-a82e-838b97ae1cbb,POL-ACTION-001,pass,allow,Action 'create_draft_work_order' is permitted as a draft-only action.,synthetic_operational
98371e74a591fd2dabf4995df1182ad625e8341d2fe1fe71f8b424125f9a9cbf,016dba01-9bf0-540e-a82e-838b97ae1cbb,POL-LOCATION-001,not_applicable,allow,The policy has no coordinate rule for category 'roads_footpaths'.,synthetic_operational
bf39304742cc386a37bc3aa388c4d865d5e9e010efc66b11deda6c62fe7b1e63,016dba01-9bf0-540e-a82e-838b97ae1cbb,POL-ASSET-001,not_applicable,allow,The policy has no asset-match rule for category 'roads_footpaths'.,synthetic_operational
c6bb98b9b19c6c14a3a63f94b69bec853e0fdf71279709a813775d2e76191f35,016dba01-9bf0-540e-a82e-838b97ae1cbb,POL-SAFETY-001,pass,allow,Priority P2 does not trigger the emergency escalation rule.,synthetic_operational
6baaf6de68d42f9cbb610a702945a411b49a16b78d300b58acb71ea572962824,016dba01-9bf0-540e-a82e-838b97ae1cbb,POL-CONFIDENCE-001,pass,allow,Category confidence 0.82 meets the 0.70 threshold.,synthetic_operational
57cbeaf7861aa7f83e563611c0e6c0c5d8335ed1577b9fae06284ca1225317f7,016dba01-9bf0-540e-a82e-838b97ae1cbb,POL-REVIEW-001,pass,allow,The diagnosis contains no human-review flag.,synthetic_operational
7e606df31887840642608c0611186c7a079275d48142390f4c172078899553da,d4d19eed-b396-5a4c-9121-ee52805d55c3,POL-SCOPE-001,pass,allow,Category 'waste_litter' is within the demonstration policy scope.,synthetic_operational
b121e6c0a1b99ff8e485edb5fc499034129e7235472d43940411f4a4178e9829,d4d19eed-b396-5a4c-9121-ee52805d55c3,POL-ACTION-001,pass,allow,Action 'create_draft_work_order' is permitted as a draft-only action.,synthetic_operational
e060b6c1325d9e59ba0b468a56dc63e7c6bdb6797393d0618b439b53fb00459a,d4d19eed-b396-5a4c-9121-ee52805d55c3,POL-LOCATION-001,pass,allow,Required latitude and longitude were supplied.,synthetic_operational
893cc6ed0005cd8605561b7da29f66163a8384095d32aa796db824065a511ce5,d4d19eed-b396-5a4c-9121-ee52805d55c3,POL-ASSET-001,pass,allow,The supplied point matched a public litter-bin asset.,synthetic_operational
96fdf98905d9da611b301d19bd081a58bbe6ecc5af549223a3fd91f235b2eb65,d4d19eed-b396-5a4c-9121-ee52805d55c3,POL-SAFETY-001,fail,escalate,Priority P1 must be escalated to a human.,synthetic_operational
1f8ea114d9ed67a3a3063c28401d7920d8a3da552f049dd94b7c7b50e2a21803,d4d19eed-b396-5a4c-9121-ee52805d55c3,POL-CONFIDENCE-001,pass,allow,Category confidence 0.82 meets the 0.70 threshold.,synthetic_operational
cce8ff53e00f31cfadde8677f75309d99118554d0a2506e34e9933ae541a162b,d4d19eed-b396-5a4c-9121-ee52805d55c3,POL-REVIEW-001,fail,escalate,The diagnosis contains a human-review flag.,synthetic_operational
ea2558a3cc0d81894f7826f24aad48ce05d4f9d54fa93ec135f90fed8da2b240,9a688ff5-963c-51e9-8a96-f252bc9a0dca,POL-SCOPE-001,pass,allow,Category 'waste_litter' is within the demonstration policy scope.,synthetic_operational
e5845889efb52758eb9e6b69216f20c0dda57cc538eac976e932746c9ec385c9,9a688ff5-963c-51e9-8a96-f252bc9a0dca,POL-ACTION-001,pass,allow,Action 'create_draft_work_order' is permitted as a draft-only action.,synthetic_operational
ecece130cb990ebe05907ec4346544e6a3b832c1acc4bc512e14305b57523e1c,9a688ff5-963c-51e9-8a96-f252bc9a0dca,POL-LOCATION-001,pass,allow,Required latitude and longitude were supplied.,synthetic_operational
ffd3529914aea7850893c77cf206d5aeb679d5bbf7cfd9aab67d116453afecf4,9a688ff5-963c-51e9-8a96-f252bc9a0dca,POL-ASSET-001,pass,allow,The supplied point matched a public litter-bin asset.,synthetic_operational
8cb0ab190e7a04e3fae65cdaaa1e0d8b381ad04966f5cd75597e0ad0b90494a4,9a688ff5-963c-51e9-8a96-f252bc9a0dca,POL-SAFETY-001,pass,allow,Priority P3 does not trigger the emergency escalation rule.,synthetic_operational
95cb8948a8fb3ffc0bdfbaad2d4e83f9b69a36eb69b1c0e9939c3261cf056fa0,9a688ff5-963c-51e9-8a96-f252bc9a0dca,POL-CONFIDENCE-001,pass,allow,Category confidence 0.95 meets the 0.70 threshold.,synthetic_operational
9ed3a6a8c5d81b562a3c5317b9076b7bb4c640a9e30d4fa2e21b763b7c5a64bf,9a688ff5-963c-51e9-8a96-f252bc9a0dca,POL-REVIEW-001,pass,allow,The diagnosis contains no human-review flag.,synthetic_operational
9dc1fcd095f191e02add386b78cd582e3d55ea5d56d3b95fbe077e65ed0e8452,eed11574-8542-5d7b-a35a-23f6944ccaba,POL-SCOPE-001,pass,allow,Category 'waste_litter' is within the demonstration policy scope.,synthetic_operational
4f6bfc05314c5bb9b843faa05701547bfa5ccf304a44862b0f427a12514b687f,eed11574-8542-5d7b-a35a-23f6944ccaba,POL-ACTION-001,pass,allow,Action 'create_draft_work_order' is permitted as a draft-only action.,synthetic_operational
d0ae45a4851272061ca09c450713e85f4a7dde5a56e3986ca81b9c681b8cb26d,eed11574-8542-5d7b-a35a-23f6944ccaba,POL-LOCATION-001,pass,allow,Required latitude and longitude were supplied.,synthetic_operational
bae9e782268b44bf20a5cdbc95d601f4be2565c8a4b6c28c6f2e3395bdba26f7,eed11574-8542-5d7b-a35a-23f6944ccaba,POL-ASSET-001,pass,allow,The supplied point matched a public litter-bin asset.,synthetic_operational
e09776bed7f7e05e796f46374da134aa8b60241b98025605944aec6bb85f0ffd,eed11574-8542-5d7b-a35a-23f6944ccaba,POL-SAFETY-001,pass,allow,Priority P3 does not trigger the emergency escalation rule.,synthetic_operational
f5be3bcc1f9e676ce6f3f4fb90cfde42d9f7a821d21f0a7599f2abed7e6ed90f,eed11574-8542-5d7b-a35a-23f6944ccaba,POL-CONFIDENCE-001,pass,allow,Category confidence 0.95 meets the 0.70 threshold.,synthetic_operational
5663f9da5cfaa6d3ca1644540fdfbf4b7be558df6684f06424276e9277b55267,eed11574-8542-5d7b-a35a-23f6944ccaba,POL-REVIEW-001,pass,allow,The diagnosis contains no human-review flag.,synthetic_operational
6414ec2283644cdcbd2e15421f631f0d3a88457e3c1bace2e2f3102d7cfc4c15,5927b6ce-a954-5798-9d84-1f4e59474a74,POL-SCOPE-001,pass,allow,Category 'waste_litter' is within the demonstration policy scope.,synthetic_operational
cfa3bdc9d04debba07cd00433d2d79cf92a3c916f2797be4075130be7544a4e7,5927b6ce-a954-5798-9d84-1f4e59474a74,POL-ACTION-001,fail,reject,Action 'close_live_case' is not permitted by this policy version.,synthetic_operational
0efe3c2df3caf21321c805f8b9089cec2b1a535104d2effd573926c3d8574127,5927b6ce-a954-5798-9d84-1f4e59474a74,POL-LOCATION-001,pass,allow,Required latitude and longitude were supplied.,synthetic_operational
d190b87c349e83a0dd3d98accc4b80b0bdb2e6ba2a108fb5a2c780dbecb91867,5927b6ce-a954-5798-9d84-1f4e59474a74,POL-ASSET-001,pass,allow,The supplied point matched a public litter-bin asset.,synthetic_operational
e2a735ed082aed781fe6b7747f6e45f7e8a9196d983bacab1b540e171b20d0ac,5927b6ce-a954-5798-9d84-1f4e59474a74,POL-SAFETY-001,pass,allow,Priority P2 does not trigger the emergency escalation rule.,synthetic_operational
b10b10f656e1499f9079c1c16df2f36c2c2e541edc405418c8c1cafa695f7a68,5927b6ce-a954-5798-9d84-1f4e59474a74,POL-CONFIDENCE-001,pass,allow,Category confidence 0.95 meets the 0.70 threshold.,synthetic_operational
37995313c85944fec4751c572f61f87d0e7b877126169e566edd636162897e9f,5927b6ce-a954-5798-9d84-1f4e59474a74,POL-REVIEW-001,pass,allow,The diagnosis contains no human-review flag.,synthetic_operational
9ab40c9c0facdb0bbc7f7670f58ce8699123f4d4be324b4398ee124063a7c900,1f078d91-1531-5688-8c87-0c8b25456b88,POL-SCOPE-001,pass,allow,Category 'waste_litter' is within the demonstration policy scope.,synthetic_operational
40c9809f56301d945426fa7db384538814d2dbe3b9421d874fbd4a1be69255c3,1f078d91-1531-5688-8c87-0c8b25456b88,POL-ACTION-001,pass,allow,Action 'create_draft_work_order' is permitted as a draft-only action.,synthetic_operational
4d55cd0415637af85c35e8ca05cc0616dced26d0bd6a2b0b1ca860143ba317d9,1f078d91-1531-5688-8c87-0c8b25456b88,POL-LOCATION-001,pass,allow,Required latitude and longitude were supplied.,synthetic_operational
25c8cd2d32e021c8b3d9436adf50299ae749dffeff83c517018d5ab351aa9fe9,1f078d91-1531-5688-8c87-0c8b25456b88,POL-ASSET-001,pass,allow,The supplied point matched a public litter-bin asset.,synthetic_operational
ec841a66fc0f98c590d066a0a87166660017922fa605f0f9d8f16733d42e3345,1f078d91-1531-5688-8c87-0c8b25456b88,POL-SAFETY-001,pass,allow,Priority P2 does not trigger the emergency escalation rule.,synthetic_operational
b5327840e9a710a59278457d73e3f4feac851610712a36b8004dc500fe53fa62,1f078d91-1531-5688-8c87-0c8b25456b88,POL-CONFIDENCE-001,pass,allow,Category confidence 0.95 meets the 0.70 threshold.,synthetic_operational
7c28021fae5e66a766f15d136e25da1182f91c7dbf627f1de68347b53fcdbf3a,1f078d91-1531-5688-8c87-0c8b25456b88,POL-REVIEW-001,pass,allow,The diagnosis contains no human-review flag.,synthetic_operational
0836013edee3c02a5069ce10579443569658e6e192f81e6df8bb010dd9ea10bd,054bab1f-3c1e-516b-b07b-614c186b289e,POL-SCOPE-001,pass,allow,Category 'waste_litter' is within the demonstration policy scope.,synthetic_operational
a9eaeca8e25eeb4d6e9e0d01aca3d93d289debf3a2137c9ee22b0f26c77ce67e,054bab1f-3c1e-516b-b07b-614c186b289e,POL-ACTION-001,pass,allow,Action 'create_draft_work_order' is permitted as a draft-only action.,synthetic_operational
0e02f0bdc7604fc63075439cd7463b5f769c83d7f9b2c94fe2a50cf61bd30e77,054bab1f-3c1e-516b-b07b-614c186b289e,POL-LOCATION-001,pass,allow,Required latitude and longitude were supplied.,synthetic_operational
bf2d727ae48a87503ce99132cefe1196a4b7f59185628210b4ab1fbcebf02b2c,054bab1f-3c1e-516b-b07b-614c186b289e,POL-ASSET-001,pass,allow,The supplied point matched a public litter-bin asset.,synthetic_operational
67e251226a950e1557b7a8f4ec4b0c88c46cf01e65df574befc64eb6a032834c,054bab1f-3c1e-516b-b07b-614c186b289e,POL-SAFETY-001,pass,allow,Priority P3 does not trigger the emergency escalation rule.,synthetic_operational
6680af66f32310ffd7b1fc405a42d50466ce88a89b6c32b129b0babb84fcfc5a,054bab1f-3c1e-516b-b07b-614c186b289e,POL-CONFIDENCE-001,pass,allow,Category confidence 0.95 meets the 0.70 threshold.,synthetic_operational
e44242f5944d874e9b92d191447deda8e00ed20761287211fe02c40f417179e5,054bab1f-3c1e-516b-b07b-614c186b289e,POL-REVIEW-001,pass,allow,The diagnosis contains no human-review flag.,synthetic_operational
750e222d3cc308797cc6a616a18d7380c31fa7e8bea2455f5351cc7f46a309da,0e2804e9-f762-5248-b5b9-4f1ee23f784d,POL-SCOPE-001,pass,allow,Category 'waste_litter' is within the demonstration policy scope.,synthetic_operational
e8d7e2fa5f28d895171dd2b16ccc29b3e82f9b01664b57bb99b5aa1b85c48fb3,0e2804e9-f762-5248-b5b9-4f1ee23f784d,POL-ACTION-001,pass,allow,Action 'create_draft_work_order' is permitted as a draft-only action.,synthetic_operational
3691e485f6695f895b1382d0f2a03074c5056eaf281aae6ca7a09cf26ade01ed,0e2804e9-f762-5248-b5b9-4f1ee23f784d,POL-LOCATION-001,fail,reject,Latitude and longitude are required for a waste/litter draft action.,synthetic_operational
e7725e7fe3f67490d0123062adf772c0eaed9db857d39b7c2a57430a88540775,0e2804e9-f762-5248-b5b9-4f1ee23f784d,POL-ASSET-001,not_applicable,allow,Asset matching cannot be evaluated until coordinates are supplied.,synthetic_operational
226f88b435cd4471feff5da06e818ee99ff45a166f6eff0a0609df7730e7d5ec,0e2804e9-f762-5248-b5b9-4f1ee23f784d,POL-SAFETY-001,pass,allow,Priority P3 does not trigger the emergency escalation rule.,synthetic_operational
882f005fb696bb83a39cdf39f966d7e583fefced910680b5f3c9708c8a6f1a54,0e2804e9-f762-5248-b5b9-4f1ee23f784d,POL-CONFIDENCE-001,pass,allow,Category confidence 0.95 meets the 0.70 threshold.,synthetic_operational
f3e9d6de5bb5a74e27d490a4b599fbb1e342e27ee50dcec77f0e5d8f2685e8d5,0e2804e9-f762-5248-b5b9-4f1ee23f784d,POL-REVIEW-001,pass,allow,The diagnosis contains no human-review flag.,synthetic_operational
ea2a074630a6ce53b055dd35027ca2acc725d177e19ea7e36e48b454812d84b0,0972f068-4ca6-5af2-b73f-6ea13924e266,POL-SCOPE-001,fail,escalate,Category 'general_enquiry' is outside policy scope and requires human routing.,synthetic_operational
0d96d8140167b0ff9bd2ec5f411f8687e34a6f786d71a1111c99aae940e8f454,0972f068-4ca6-5af2-b73f-6ea13924e266,POL-ACTION-001,pass,allow,Action 'create_draft_work_order' is permitted as a draft-only action.,synthetic_operational
c2d3ce2991cd0bb3a88d41b56ffda59127bb108b1abe73228730d8a8007401c1,0972f068-4ca6-5af2-b73f-6ea13924e266,POL-LOCATION-001,not_applicable,allow,The policy has no coordinate rule for category 'general_enquiry'.,synthetic_operational
30571dd10091defb895eeb3eb07d5a922b0abaf0be365be7ae38368ccd14f986,0972f068-4ca6-5af2-b73f-6ea13924e266,POL-ASSET-001,not_applicable,allow,The policy has no asset-match rule for category 'general_enquiry'.,synthetic_operational
c38641b68ef62ecfb3ef73bc1bc7c3ebde8f635350ab4ca0bc7cb27b5c071ae5,0972f068-4ca6-5af2-b73f-6ea13924e266,POL-SAFETY-001,pass,allow,Priority P4 does not trigger the emergency escalation rule.,synthetic_operational
b6c9b0eebbabda7cff7c419af76d98fa8d9a2bc7aa85c74dfec88580f3bca447,0972f068-4ca6-5af2-b73f-6ea13924e266,POL-CONFIDENCE-001,fail,escalate,Category confidence 0.30 is below the 0.70 threshold.,synthetic_operational
1a91952fffebaeb6f2551b37b83b56e1bd5c8141e66454a60ae173b1ec388d3e,0972f068-4ca6-5af2-b73f-6ea13924e266,POL-REVIEW-001,fail,escalate,The diagnosis contains a human-review flag.,synthetic_operational
e396988bcfedc19bed7b7cb0d06036226ef20cc2e2b0c9a314b0ccf841a88d9d,55df56d1-144d-55b3-a40a-a9e898264b07,POL-SCOPE-001,pass,allow,Category 'waste_litter' is within the demonstration policy scope.,synthetic_operational
a85156c87659fd922ce09ad7c91d1117926c24013c8d5b50a82134c6ffd0e150,55df56d1-144d-55b3-a40a-a9e898264b07,POL-ACTION-001,pass,allow,Action 'create_draft_work_order' is permitted as a draft-only action.,synthetic_operational
c4a5ba11d6f5409f6660428c82fc903b8dc287889b0ee914e30dacd727ba6955,55df56d1-144d-55b3-a40a-a9e898264b07,POL-LOCATION-001,pass,allow,Required latitude and longitude were supplied.,synthetic_operational
ef0dcf022d8016e4f236928e36c4c0312fddd8aa14f8100bb2336845e41bc63f,55df56d1-144d-55b3-a40a-a9e898264b07,POL-ASSET-001,fail,escalate,No public litter-bin asset was found within 500 metres; human verification is required.,synthetic_operational
659e335bfacdbaeccbbdbad076e2fbe85988db891c19f389e81c9199a361ebf2,55df56d1-144d-55b3-a40a-a9e898264b07,POL-SAFETY-001,pass,allow,Priority P3 does not trigger the emergency escalation rule.,synthetic_operational
3741ce99a76569c3011ce83e6404f64c597db4774f0fdf7ba8f9933dbe159fa3,55df56d1-144d-55b3-a40a-a9e898264b07,POL-CONFIDENCE-001,pass,allow,Category confidence 0.95 meets the 0.70 threshold.,synthetic_operational
e50551b089a989a309e33b097913b7a80f83c4c6bdceddd712ef659c111e3892,55df56d1-144d-55b3-a40a-a9e898264b07,POL-REVIEW-001,fail,escalate,The diagnosis contains a human-review flag.,synthetic_operational
06299fd61174ed429159deec3fc4500666159beed8980223d703eec5b1c9c705,01100ae0-c108-5852-b0d0-6041497fb44a,POL-SCOPE-001,fail,escalate,Category 'roads_footpaths' is outside policy scope and requires human routing.,synthetic_operational
a7921a7ef422f3cadfb119e23415945e7466e3b0bc5cc3de4ab420dd7dd5b7e5,01100ae0-c108-5852-b0d0-6041497fb44a,POL-ACTION-001,pass,allow,Action 'create_draft_work_order' is permitted as a draft-only action.,synthetic_operational
68df9ec0eb2381c8c115d418735abd70fcca6cdde072f517b7e509b77513b080,01100ae0-c108-5852-b0d0-6041497fb44a,POL-LOCATION-001,not_applicable,allow,The policy has no coordinate rule for category 'roads_footpaths'.,synthetic_operational
9c8a2930fcabda1fc47c9849682ce9c22236f1576db96d7bf7bc02825f21accc,01100ae0-c108-5852-b0d0-6041497fb44a,POL-ASSET-001,not_applicable,allow,The policy has no asset-match rule for category 'roads_footpaths'.,synthetic_operational
75ddeb8a623bf5a1e052f45f6a44637f2d935c9b4e22fe49682763af7980231f,01100ae0-c108-5852-b0d0-6041497fb44a,POL-SAFETY-001,pass,allow,Priority P2 does not trigger the emergency escalation rule.,synthetic_operational
e4f218dfd0702d1c60b8ea1fa6f6f6845abbd6c49ad9fc4e2b676c4252008ed8,01100ae0-c108-5852-b0d0-6041497fb44a,POL-CONFIDENCE-001,pass,allow,Category confidence 0.82 meets the 0.70 threshold.,synthetic_operational
32c23f3b0e1e78c96ce28535dc2308fe1ef7282fbfec2d3c25c8a77e3292dbdd,01100ae0-c108-5852-b0d0-6041497fb44a,POL-REVIEW-001,pass,allow,The diagnosis contains no human-review flag.,synthetic_operational
8d34c2ca6d5a430f1041c4232f1e924130e68754596713fdc9b548e3d4433bcc,cbcc59c8-7ce8-55f0-849a-d4e894972e40,POL-SCOPE-001,pass,allow,Category 'waste_litter' is within the demonstration policy scope.,synthetic_operational
1ac912f32eba8c192deafc2a05954408b8fa3ad8f3f03592f746bca35ea3d903,cbcc59c8-7ce8-55f0-849a-d4e894972e40,POL-ACTION-001,pass,allow,Action 'create_draft_work_order' is permitted as a draft-only action.,synthetic_operational
0a6cca1eb6bb6ec20d63682c69accbd94d0f7ee6af32173c4fd8c619aa3a0cf6,cbcc59c8-7ce8-55f0-849a-d4e894972e40,POL-LOCATION-001,pass,allow,Required latitude and longitude were supplied.,synthetic_operational
2e846a87222dbd9aefdcb13fb7b7a57d9d64281a82f9624dbda208e0525eb75f,cbcc59c8-7ce8-55f0-849a-d4e894972e40,POL-ASSET-001,pass,allow,The supplied point matched a public litter-bin asset.,synthetic_operational
e19703a1b995d0d4e2e4dfe933cf291b0873a54f60e3af79e9776b969d578ef2,cbcc59c8-7ce8-55f0-849a-d4e894972e40,POL-SAFETY-001,fail,escalate,Priority P1 must be escalated to a human.,synthetic_operational
4eebc2a9e5ab9d0bb5b90aa110fa128b36cc2cf45047bc3005884aac465e3e58,cbcc59c8-7ce8-55f0-849a-d4e894972e40,POL-CONFIDENCE-001,pass,allow,Category confidence 0.82 meets the 0.70 threshold.,synthetic_operational
56bc51cde3b28cf766e41e2fe583c44e1dbb25bf87a979ec098b97ec5803413a,cbcc59c8-7ce8-55f0-849a-d4e894972e40,POL-REVIEW-001,fail,escalate,The diagnosis contains a human-review flag.,synthetic_operational
b60bf928cc2eac59d3bdbc4c354f932af153fdc05ce761dda80b2c4d2a427059,e4eb9483-4696-5f1f-bb16-edc5def9d6e7,POL-SCOPE-001,pass,allow,Category 'waste_litter' is within the demonstration policy scope.,synthetic_operational
2a11b31bb7711c35536d55eee6c2d48b376ecfc66d2c9ab1dfb4e13cbbb3ea05,e4eb9483-4696-5f1f-bb16-edc5def9d6e7,POL-ACTION-001,pass,allow,Action 'create_draft_work_order' is permitted as a draft-only action.,synthetic_operational
40839b20e22b2e3afa07b535f9418bd6e12d3e26d989ea928308abe11fb9ffc5,e4eb9483-4696-5f1f-bb16-edc5def9d6e7,POL-LOCATION-001,pass,allow,Required latitude and longitude were supplied.,synthetic_operational
a7ef71e6b3fa9f11d2f1cfc8fa7cdb10640916214f93da54eddb5d5bf5b6d3c3,e4eb9483-4696-5f1f-bb16-edc5def9d6e7,POL-ASSET-001,pass,allow,The supplied point matched a public litter-bin asset.,synthetic_operational
70caecbfb63aa803142fdff9078fc72f8671cc4110db89b5b52608f4d4227208,e4eb9483-4696-5f1f-bb16-edc5def9d6e7,POL-SAFETY-001,pass,allow,Priority P3 does not trigger the emergency escalation rule.,synthetic_operational
c6dca59f2eb38b8c61531daeca81000b117530bcb658be0ca12938ed3f4601f6,e4eb9483-4696-5f1f-bb16-edc5def9d6e7,POL-CONFIDENCE-001,pass,allow,Category confidence 0.95 meets the 0.70 threshold.,synthetic_operational
ca4cafd2f6e1aa2b3916d2d2ad4ef5c29c87252e94059807d525d20f1def0f28,e4eb9483-4696-5f1f-bb16-edc5def9d6e7,POL-REVIEW-001,pass,allow,The diagnosis contains no human-review flag.,synthetic_operational
92c899a2577efd8c8cab2eee30f132f0eae4722a5bf30a8612640929f840a206,6aa1b56d-fe59-5a9a-80a1-25a2b67deba7,POL-SCOPE-001,pass,allow,Category 'waste_litter' is within the demonstration policy scope.,synthetic_operational
cd1de6b94d572289ed33ab78a53b8216f665e40e80297e64b5980a45af8d7c80,6aa1b56d-fe59-5a9a-80a1-25a2b67deba7,POL-ACTION-001,pass,allow,Action 'create_draft_work_order' is permitted as a draft-only action.,synthetic_operational
adca0c9e40ff4cebc712145d37152a240c6c7fdef72baf417929c80d83e542a0,6aa1b56d-fe59-5a9a-80a1-25a2b67deba7,POL-LOCATION-001,pass,allow,Required latitude and longitude were supplied.,synthetic_operational
fcecb78da8f5ad0bda7111469ec2ca732db998826075eefec06ef3ae38540b3e,6aa1b56d-fe59-5a9a-80a1-25a2b67deba7,POL-ASSET-001,pass,allow,The supplied point matched a public litter-bin asset.,synthetic_operational
dc8922a506fec5d74ae3615b785fd32338ddcf1e0321da6d845003d3686bb809,6aa1b56d-fe59-5a9a-80a1-25a2b67deba7,POL-SAFETY-001,pass,allow,Priority P3 does not trigger the emergency escalation rule.,synthetic_operational
c9a2a4d4c71d80b7d25f856b63bef61aff28cf85f514af191b02d83bb16bc417,6aa1b56d-fe59-5a9a-80a1-25a2b67deba7,POL-CONFIDENCE-001,pass,allow,Category confidence 0.95 meets the 0.70 threshold.,synthetic_operational
0e8b95f3b65609e9ec877265ade3709a45b5fceb91674a4146f9d1b707103e05,6aa1b56d-fe59-5a9a-80a1-25a2b67deba7,POL-REVIEW-001,pass,allow,The diagnosis contains no human-review flag.,synthetic_operational
46ab2365b552923e9f9e7122dcaf60bd1beb2d7a9e964142446045b385f98ed5,fc9c4ecd-c785-55c7-9bd2-7c786dc8e80c,POL-SCOPE-001,pass,allow,Category 'waste_litter' is within the demonstration policy scope.,synthetic_operational
4ff481fdfbc9d2b090467fe7688099df6e1f5530ae37422086c838790bdb569a,fc9c4ecd-c785-55c7-9bd2-7c786dc8e80c,POL-ACTION-001,fail,reject,Action 'close_live_case' is not permitted by this policy version.,synthetic_operational
b2c27b9bdd10df693f258b7904fd24d0708af5350f16d40a24fa94d8d7e0d45a,fc9c4ecd-c785-55c7-9bd2-7c786dc8e80c,POL-LOCATION-001,pass,allow,Required latitude and longitude were supplied.,synthetic_operational
fe5be951fc7049a9be35e49cd5bda66d8ac5b1271beaee9d97bad2275205d8ce,fc9c4ecd-c785-55c7-9bd2-7c786dc8e80c,POL-ASSET-001,pass,allow,The supplied point matched a public litter-bin asset.,synthetic_operational
b6d9097d8ee7f3aa349343040d40ea784d39af345b78c22f25a50e351fcb019c,fc9c4ecd-c785-55c7-9bd2-7c786dc8e80c,POL-SAFETY-001,pass,allow,Priority P2 does not trigger the emergency escalation rule.,synthetic_operational
010ece6a5c3432c32d1fe156865725f6a38540aedb564ccdecb984df08975db8,fc9c4ecd-c785-55c7-9bd2-7c786dc8e80c,POL-CONFIDENCE-001,pass,allow,Category confidence 0.95 meets the 0.70 threshold.,synthetic_operational
619e06a939d3a88d0ff05838a0dc192576d95bf73a6437ce26e7a3eb87cf5e4b,fc9c4ecd-c785-55c7-9bd2-7c786dc8e80c,POL-REVIEW-001,pass,allow,The diagnosis contains no human-review flag.,synthetic_operational
0fe8026d926cafbfe91570eadad6d25ee9cc3c02aac3c905e82ab9133df93cae,021752a4-fbc8-5ab7-96b4-15d382c38a4a,POL-SCOPE-001,pass,allow,Category 'waste_litter' is within the demonstration policy scope.,synthetic_operational
0e84501fd6b966e4d70554523e9042b12f04494798d9669faa9965ee69fa6098,021752a4-fbc8-5ab7-96b4-15d382c38a4a,POL-ACTION-001,pass,allow,Action 'create_draft_work_order' is permitted as a draft-only action.,synthetic_operational
bd09fef9318c4c33cba6346d59e32698adc6ae09348a8d4361a3ff13c2083c5f,021752a4-fbc8-5ab7-96b4-15d382c38a4a,POL-LOCATION-001,pass,allow,Required latitude and longitude were supplied.,synthetic_operational
0d579551feb7e0ef1febf220b4a3310a3ef82e4568b4b3539f83d38874144853,021752a4-fbc8-5ab7-96b4-15d382c38a4a,POL-ASSET-001,pass,allow,The supplied point matched a public litter-bin asset.,synthetic_operational
0f65bb267caa69dee9d1e72d794bdf23bd2d0d62fac9e859290e7647c302bd9d,021752a4-fbc8-5ab7-96b4-15d382c38a4a,POL-SAFETY-001,pass,allow,Priority P2 does not trigger the emergency escalation rule.,synthetic_operational
62146d94bd5c1f42ee8ffda9c7e002a0c0550106c736c0925658a5ae915d243b,021752a4-fbc8-5ab7-96b4-15d382c38a4a,POL-CONFIDENCE-001,pass,allow,Category confidence 0.95 meets the 0.70 threshold.,synthetic_operational
82bbb13119d87c79902981a42c8a0603887aec0bd88d1bf3129f1a8620cb4a1b,021752a4-fbc8-5ab7-96b4-15d382c38a4a,POL-REVIEW-001,pass,allow,The diagnosis contains no human-review flag.,synthetic_operational
7ce8f51751066c13309d5696f1885cb71c50a07953cbf9bae092b083cdd0b9e8,23f0f478-ee4e-5abd-9e69-3163d6bba094,POL-SCOPE-001,pass,allow,Category 'waste_litter' is within the demonstration policy scope.,synthetic_operational
f4e602729a67024a398b2c2ddb69e075d10ce14b0dadbbfb65b3e45a71cae09c,23f0f478-ee4e-5abd-9e69-3163d6bba094,POL-ACTION-001,pass,allow,Action 'create_draft_work_order' is permitted as a draft-only action.,synthetic_operational
e1ac7a8f129a9959bc7d22a55193989d7421bbf6369840c335f0b8870dd508e9,23f0f478-ee4e-5abd-9e69-3163d6bba094,POL-LOCATION-001,pass,allow,Required latitude and longitude were supplied.,synthetic_operational
f4e60d8331a53fabe20aed96e7bbf18b75b8853b4e22a13ffaea46756eadd67b,23f0f478-ee4e-5abd-9e69-3163d6bba094,POL-ASSET-001,pass,allow,The supplied point matched a public litter-bin asset.,synthetic_operational
51749cad8f5c07cf12b51d01a9f882dbfaae1beef0c1b8ea189477f05f743ba0,23f0f478-ee4e-5abd-9e69-3163d6bba094,POL-SAFETY-001,pass,allow,Priority P3 does not trigger the emergency escalation rule.,synthetic_operational
3d8e514850c7ecaf3c054ee45d4d91891bfbc358f8c8c42393836a3beca6d869,23f0f478-ee4e-5abd-9e69-3163d6bba094,POL-CONFIDENCE-001,pass,allow,Category confidence 0.95 meets the 0.70 threshold.,synthetic_operational
8be553be31ee9471c363b15b5fcaf2565f0e39316e1e569dea45eb252ac51845,23f0f478-ee4e-5abd-9e69-3163d6bba094,POL-REVIEW-001,pass,allow,The diagnosis contains no human-review flag.,synthetic_operational
27eac9661763a5ddfc4f732b346e5bd4a9d4b61a6b7749658f69ca10a2bc2d98,825a41e4-f00d-529b-8b04-648116ccfdf2,POL-SCOPE-001,pass,allow,Category 'waste_litter' is within the demonstration policy scope.,synthetic_operational
ed662931dea41bda429486a3398a23f6da393e68a4d145776d1fdebc0e85acfd,825a41e4-f00d-529b-8b04-648116ccfdf2,POL-ACTION-001,pass,allow,Action 'create_draft_work_order' is permitted as a draft-only action.,synthetic_operational
1565ee9fe4bddcb4b49068b2426a909ddddd9d4c8cb13e622e2d7ebafe6cbdd4,825a41e4-f00d-529b-8b04-648116ccfdf2,POL-LOCATION-001,fail,reject,Latitude and longitude are required for a waste/litter draft action.,synthetic_operational
75ffa08582430615ddbc0cc2bfb6feb3ceada350b993fe6d7d49dc33adc74a11,825a41e4-f00d-529b-8b04-648116ccfdf2,POL-ASSET-001,not_applicable,allow,Asset matching cannot be evaluated until coordinates are supplied.,synthetic_operational
edc0e1e952b556bf711f13a5d71908e9cb329682f957dcbae51335173d4016f6,825a41e4-f00d-529b-8b04-648116ccfdf2,POL-SAFETY-001,pass,allow,Priority P3 does not trigger the emergency escalation rule.,synthetic_operational
836d0509e6769e8f846cfcc502257b7d8b2857b7a94ae82f3a1490488e046626,825a41e4-f00d-529b-8b04-648116ccfdf2,POL-CONFIDENCE-001,pass,allow,Category confidence 0.95 meets the 0.70 threshold.,synthetic_operational
e8a4428031643a47bda563e63e46b124a76035fefa1042f3848453b463191cac,825a41e4-f00d-529b-8b04-648116ccfdf2,POL-REVIEW-001,pass,allow,The diagnosis contains no human-review flag.,synthetic_operational
e15be872f89b71f7b7e30db8f7c9ea4da9ef099256678260a20442961ea84667,89124132-ec2e-577e-a8d3-3e89756c726f,POL-SCOPE-001,fail,escalate,Category 'general_enquiry' is outside policy scope and requires human routing.,synthetic_operational
658175f5a7f586f844ae23820827200f5d63d01f183ba32550ebea89089d0373,89124132-ec2e-577e-a8d3-3e89756c726f,POL-ACTION-001,pass,allow,Action 'create_draft_work_order' is permitted as a draft-only action.,synthetic_operational
09ae3b00a7b2f394346540976f63d4dc1951d3a3ac7f3eb69010ff16f63c9053,89124132-ec2e-577e-a8d3-3e89756c726f,POL-LOCATION-001,not_applicable,allow,The policy has no coordinate rule for category 'general_enquiry'.,synthetic_operational
06b8be47f7b780ca15e1887252c729ac406b7bc1e36f20e48610d17ac3134332,89124132-ec2e-577e-a8d3-3e89756c726f,POL-ASSET-001,not_applicable,allow,The policy has no asset-match rule for category 'general_enquiry'.,synthetic_operational
fd282ba3c032f91e5ebb06ba2a76bff3d2fd8fa9c5b38462a4ef6cd4a6f81692,89124132-ec2e-577e-a8d3-3e89756c726f,POL-SAFETY-001,pass,allow,Priority P4 does not trigger the emergency escalation rule.,synthetic_operational
2db8877fa44cb8ce57a35b11e178f12143320c5f4f806f486b2aea07cc290f7d,89124132-ec2e-577e-a8d3-3e89756c726f,POL-CONFIDENCE-001,fail,escalate,Category confidence 0.30 is below the 0.70 threshold.,synthetic_operational
838a110f028bfa80e604a7185f1a48d1ddd8ece676739df672d2ffd7ed79695a,89124132-ec2e-577e-a8d3-3e89756c726f,POL-REVIEW-001,fail,escalate,The diagnosis contains a human-review flag.,synthetic_operational
933995480c691428e419c5176e6f4b755cee76abdd1185d2c826a02a617ccc85,e16841c6-b8c8-5f62-99c1-305c3fecf549,POL-SCOPE-001,pass,allow,Category 'waste_litter' is within the demonstration policy scope.,synthetic_operational
01beb1dc2da68d27c04be43fc421041fe72476e392a40893e110bf927efe4e35,e16841c6-b8c8-5f62-99c1-305c3fecf549,POL-ACTION-001,pass,allow,Action 'create_draft_work_order' is permitted as a draft-only action.,synthetic_operational
640ee7594f6533ea9b3475b0a28bb053d3907d6242e0abec0882a33deb3e1037,e16841c6-b8c8-5f62-99c1-305c3fecf549,POL-LOCATION-001,pass,allow,Required latitude and longitude were supplied.,synthetic_operational
c4e8c3cab568bb74affc179ef27b19497077c98ea80284f27359ffc9bda9bb04,e16841c6-b8c8-5f62-99c1-305c3fecf549,POL-ASSET-001,fail,escalate,No public litter-bin asset was found within 500 metres; human verification is required.,synthetic_operational
64ba17d2491f0733357f787591f15eedd40b02822d5757890800d91e09b61874,e16841c6-b8c8-5f62-99c1-305c3fecf549,POL-SAFETY-001,pass,allow,Priority P3 does not trigger the emergency escalation rule.,synthetic_operational
915a3bac69b9c45eeb0583a107f5994d28d45b14575c8c19566d004f5f410e76,e16841c6-b8c8-5f62-99c1-305c3fecf549,POL-CONFIDENCE-001,pass,allow,Category confidence 0.95 meets the 0.70 threshold.,synthetic_operational
f82e882780a016c1f98c2ad7951f9fac53b086142d03392ec6ddce115654a897,e16841c6-b8c8-5f62-99c1-305c3fecf549,POL-REVIEW-001,fail,escalate,The diagnosis contains a human-review flag.,synthetic_operational
14c7272d6d5f09da00ad03f21312cdd257cbb4afb1a5847386f3c2c665fd810c,7218721e-8f27-52da-a58d-8e96983bc785,POL-SCOPE-001,fail,escalate,Category 'roads_footpaths' is outside policy scope and requires human routing.,synthetic_operational
73fbcdc01be393d769442cf0904223e7fb34bac7cfb822ac796ec89260c4a56d,7218721e-8f27-52da-a58d-8e96983bc785,POL-ACTION-001,pass,allow,Action 'create_draft_work_order' is permitted as a draft-only action.,synthetic_operational
183e92f95f451de6b4c2fb61a7715635acd7ad167c84b360b0b49eee5249816f,7218721e-8f27-52da-a58d-8e96983bc785,POL-LOCATION-001,not_applicable,allow,The policy has no coordinate rule for category 'roads_footpaths'.,synthetic_operational
b14ec10c8f3fc192a6683f50ca21cc654c54cddb65cb3cb7c6d15a2ebfebc552,7218721e-8f27-52da-a58d-8e96983bc785,POL-ASSET-001,not_applicable,allow,The policy has no asset-match rule for category 'roads_footpaths'.,synthetic_operational
ec01598f3c4dd958d3a187fbb1cad5e0bad7a5ce514b1d9246e90d1b9b72fe8b,7218721e-8f27-52da-a58d-8e96983bc785,POL-SAFETY-001,pass,allow,Priority P2 does not trigger the emergency escalation rule.,synthetic_operational
e02e9893b7715063c62746639a64e17ae28930941d9eb357bfb502c190693d87,7218721e-8f27-52da-a58d-8e96983bc785,POL-CONFIDENCE-001,pass,allow,Category confidence 0.82 meets the 0.70 threshold.,synthetic_operational
8adabdb7809297f3078bc45e4a387775c8b748d13a7541a3586b1209421f5ca2,7218721e-8f27-52da-a58d-8e96983bc785,POL-REVIEW-001,pass,allow,The diagnosis contains no human-review flag.,synthetic_operational
6bafa43f6371133bd3fcc96315bfb06a2e2130b173f901d16f7168ea3ada24f5,145d47ef-5287-5027-81a2-968c1e5d4649,POL-SCOPE-001,pass,allow,Category 'waste_litter' is within the demonstration policy scope.,synthetic_operational
16e5ffe85c9ead96c73a1b2d1a4dfd87ce2ff522ce22404c163c6311f931d20e,145d47ef-5287-5027-81a2-968c1e5d4649,POL-ACTION-001,pass,allow,Action 'create_draft_work_order' is permitted as a draft-only action.,synthetic_operational
d0327a58c11e23c3489b9b7411e851b02be4c3a68585c5c4d40de90705126087,145d47ef-5287-5027-81a2-968c1e5d4649,POL-LOCATION-001,pass,allow,Required latitude and longitude were supplied.,synthetic_operational
271508b9c1ad9d8c7e72deb3c0338348d4a561f287c9d49f6afd2fe2e9366cb7,145d47ef-5287-5027-81a2-968c1e5d4649,POL-ASSET-001,pass,allow,The supplied point matched a public litter-bin asset.,synthetic_operational
eee03c05a202dcfb6c4f714404fed8ab95c50a66310779ddec13b4a54bbe99c7,145d47ef-5287-5027-81a2-968c1e5d4649,POL-SAFETY-001,fail,escalate,Priority P1 must be escalated to a human.,synthetic_operational
e12b3ddae96574b0ae56460ea9872c57524dcfb1e970418815d648627180d417,145d47ef-5287-5027-81a2-968c1e5d4649,POL-CONFIDENCE-001,pass,allow,Category confidence 0.82 meets the 0.70 threshold.,synthetic_operational
406554f773d1c1523c11f392fdefed1b1250d59784415a3a10b0ec6806df6e32,145d47ef-5287-5027-81a2-968c1e5d4649,POL-REVIEW-001,fail,escalate,The diagnosis contains a human-review flag.,synthetic_operational
a8dc6949d7a60e66b726fc11f57b31d96cfe09eff43555848704d7d33968ef77,96151653-749b-59ad-b9cd-eee5010277b0,POL-SCOPE-001,pass,allow,Category 'waste_litter' is within the demonstration policy scope.,synthetic_operational
e49ea40d184d2f981d13af6e6f417c971e5584ae8daabf98a49ac6683ea828a3,96151653-749b-59ad-b9cd-eee5010277b0,POL-ACTION-001,pass,allow,Action 'create_draft_work_order' is permitted as a draft-only action.,synthetic_operational
566eb1c402d9146edfc1be2913bc85fdde4ed2aa0d89102bdfa3211bda100f68,96151653-749b-59ad-b9cd-eee5010277b0,POL-LOCATION-001,pass,allow,Required latitude and longitude were supplied.,synthetic_operational
cc4eef057c66d643dd5ecb33f8243c25bb052e5a3928810b94632c49a4b9358d,96151653-749b-59ad-b9cd-eee5010277b0,POL-ASSET-001,pass,allow,The supplied point matched a public litter-bin asset.,synthetic_operational
9ee98c1017b5947ee6e953acebdad29be9c65e8b55f83254c321adfeab157d12,96151653-749b-59ad-b9cd-eee5010277b0,POL-SAFETY-001,pass,allow,Priority P3 does not trigger the emergency escalation rule.,synthetic_operational
a7dbbe4f9f192433622b12c28c52c421f6592ed623088be9da9e9daa98b2e1bb,96151653-749b-59ad-b9cd-eee5010277b0,POL-CONFIDENCE-001,pass,allow,Category confidence 0.95 meets the 0.70 threshold.,synthetic_operational
c023528d6fa319da5d2303c0ec1e8b5363f0b9b514d5cd9d6a562588cce263ae,96151653-749b-59ad-b9cd-eee5010277b0,POL-REVIEW-001,pass,allow,The diagnosis contains no human-review flag.,synthetic_operational
011c54ef46fbd5dbb07ac15b277f20a8c90a08f8649e7c933b92d8f51c7a2d50,e2bf073a-afac-5fc2-92a5-416e0d25e2f3,POL-SCOPE-001,pass,allow,Category 'waste_litter' is within the demonstration policy scope.,synthetic_operational
44841bdef4d0df13de55aca9a62c6890486d3504bceeefd6f509025423a2c1f8,e2bf073a-afac-5fc2-92a5-416e0d25e2f3,POL-ACTION-001,pass,allow,Action 'create_draft_work_order' is permitted as a draft-only action.,synthetic_operational
1ce1418c755c35eb30a362da7aa310989c2b535ac963b3241ead3adc77af0dad,e2bf073a-afac-5fc2-92a5-416e0d25e2f3,POL-LOCATION-001,pass,allow,Required latitude and longitude were supplied.,synthetic_operational
0b89fbc4429a4fa295c6704dd34af53b5d477cc69e68a3c41002522cf7569848,e2bf073a-afac-5fc2-92a5-416e0d25e2f3,POL-ASSET-001,pass,allow,The supplied point matched a public litter-bin asset.,synthetic_operational
bb460f465bc110442d26eeada7e078928d210d0eaa24c7e776ce7435d36de552,e2bf073a-afac-5fc2-92a5-416e0d25e2f3,POL-SAFETY-001,pass,allow,Priority P3 does not trigger the emergency escalation rule.,synthetic_operational
96a0ac56c42676b97c47d8703539e43fc8b4711ca709ab89a817ac9962215c10,e2bf073a-afac-5fc2-92a5-416e0d25e2f3,POL-CONFIDENCE-001,pass,allow,Category confidence 0.95 meets the 0.70 threshold.,synthetic_operational
f0bc4e33deaf403aa6a54a5838a10695dc7d71c00353eda0dbd8e9e0c16d2d12,e2bf073a-afac-5fc2-92a5-416e0d25e2f3,POL-REVIEW-001,pass,allow,The diagnosis contains no human-review flag.,synthetic_operational
90bcdf9f57927b4956709ff05a62629ab2729c6debcc3588b6335a2d8b3807f1,ce2b8ed8-43ab-5d2d-b097-b871d7d925d6,POL-SCOPE-001,pass,allow,Category 'waste_litter' is within the demonstration policy scope.,synthetic_operational
b406f87ccb9e3f452755b4b8966e0c2f9023ed5d9340fec77f98c339c7fff2ea,ce2b8ed8-43ab-5d2d-b097-b871d7d925d6,POL-ACTION-001,fail,reject,Action 'close_live_case' is not permitted by this policy version.,synthetic_operational
8e8c31e6d82fe9f159dfde66ca85dd8cf3e3cc8ef8a32b209c3c95b91b5149e2,ce2b8ed8-43ab-5d2d-b097-b871d7d925d6,POL-LOCATION-001,pass,allow,Required latitude and longitude were supplied.,synthetic_operational
ad5e96bc1b008c75babe535cb55f8b79edf9a37db2345421d8255b562fd974eb,ce2b8ed8-43ab-5d2d-b097-b871d7d925d6,POL-ASSET-001,pass,allow,The supplied point matched a public litter-bin asset.,synthetic_operational
168bea73aaa16c8ec01126e49af2b535801bd2e1641894d38e08ddbf10fec8e0,ce2b8ed8-43ab-5d2d-b097-b871d7d925d6,POL-SAFETY-001,pass,allow,Priority P2 does not trigger the emergency escalation rule.,synthetic_operational
9ef19238f5d770036d8fae52d478cbdb2c36b7cd8695e30e36648e9716c94686,ce2b8ed8-43ab-5d2d-b097-b871d7d925d6,POL-CONFIDENCE-001,pass,allow,Category confidence 0.95 meets the 0.70 threshold.,synthetic_operational
8de3c0b4fa4047ce5fda2a60eeb3b8014214425bdb5de6f659fddbbfbe364d35,ce2b8ed8-43ab-5d2d-b097-b871d7d925d6,POL-REVIEW-001,pass,allow,The diagnosis contains no human-review flag.,synthetic_operational
760e4552088dfe417f696cb7b82d2327d783a8bebeb29712dcb5888745c62c8f,7b383678-75a3-5000-925b-4bbadacacb59,POL-SCOPE-001,pass,allow,Category 'waste_litter' is within the demonstration policy scope.,synthetic_operational
e870f182198ee5ca4eaa6fa70bd2425e4ec531c72790309cc21353f8b07b3e0c,7b383678-75a3-5000-925b-4bbadacacb59,POL-ACTION-001,pass,allow,Action 'create_draft_work_order' is permitted as a draft-only action.,synthetic_operational
b6c0eba7541c43bcaf4ebba95b85ce075d716c500b0786db882a2df2c72da465,7b383678-75a3-5000-925b-4bbadacacb59,POL-LOCATION-001,pass,allow,Required latitude and longitude were supplied.,synthetic_operational
e04424528c84e5cac1835856f9401f5e97bd3e0bdb7a115da0a996dde40dc2b0,7b383678-75a3-5000-925b-4bbadacacb59,POL-ASSET-001,pass,allow,The supplied point matched a public litter-bin asset.,synthetic_operational
3334034b1eae71efec8d86fe3c6dd161b520529e206deead0ff68eb04b95f731,7b383678-75a3-5000-925b-4bbadacacb59,POL-SAFETY-001,pass,allow,Priority P2 does not trigger the emergency escalation rule.,synthetic_operational
b7ebc1a4635a43f79a04ad6307e2d0d2d4bfcf7068268693d1d4b18a96902c1a,7b383678-75a3-5000-925b-4bbadacacb59,POL-CONFIDENCE-001,pass,allow,Category confidence 0.95 meets the 0.70 threshold.,synthetic_operational
90b7832f3918c9e29b556d516179ecddc0e1a5dde04b369b22af81ffe51249f5,7b383678-75a3-5000-925b-4bbadacacb59,POL-REVIEW-001,pass,allow,The diagnosis contains no human-review flag.,synthetic_operational
307e673f94d33827e2062d92b806a9ac473754ca084898b825829d7a7379a876,ac0211fd-38e5-5782-821d-e5e146ff1da7,POL-SCOPE-001,pass,allow,Category 'waste_litter' is within the demonstration policy scope.,synthetic_operational
5e7cd987bcb9e3241363a66b174233e5e1b6b8442d6af01808d2c599896c9375,ac0211fd-38e5-5782-821d-e5e146ff1da7,POL-ACTION-001,pass,allow,Action 'create_draft_work_order' is permitted as a draft-only action.,synthetic_operational
23e90a2e54f2b4c2efc86a30a683675ccd18670a404c674407872d23dbec3928,ac0211fd-38e5-5782-821d-e5e146ff1da7,POL-LOCATION-001,pass,allow,Required latitude and longitude were supplied.,synthetic_operational
f94e2843b0b24464bf0ca81238425a5b1518b8a7df4e447fb174003924f2f738,ac0211fd-38e5-5782-821d-e5e146ff1da7,POL-ASSET-001,pass,allow,The supplied point matched a public litter-bin asset.,synthetic_operational
884b6236df91c637954ee0497fb3b2d6d91036775c45474c589792ffa7017247,ac0211fd-38e5-5782-821d-e5e146ff1da7,POL-SAFETY-001,pass,allow,Priority P3 does not trigger the emergency escalation rule.,synthetic_operational
98029ecdcb297865d4c4a887dcc123a73ddcdd7146bc35e87211de305a050c93,ac0211fd-38e5-5782-821d-e5e146ff1da7,POL-CONFIDENCE-001,pass,allow,Category confidence 0.95 meets the 0.70 threshold.,synthetic_operational
f3dd6063a655b79a118e7e908381a717831af2a7b72c85c6ff55b3f521771556,ac0211fd-38e5-5782-821d-e5e146ff1da7,POL-REVIEW-001,pass,allow,The diagnosis contains no human-review flag.,synthetic_operational
a0973fdf35f9cc0d4137bdefda1d82e9c9211d8a35c2e28364e6369169ea7f96,73665528-a523-5ee2-9a15-aa431a35fde4,POL-SCOPE-001,pass,allow,Category 'waste_litter' is within the demonstration policy scope.,synthetic_operational
2cfefc14852aa2e430d80b040fcf89e9df6cbb552fe11d8ef1ea7310eb249c93,73665528-a523-5ee2-9a15-aa431a35fde4,POL-ACTION-001,pass,allow,Action 'create_draft_work_order' is permitted as a draft-only action.,synthetic_operational
51fd21136791908111643bb45544522d0569266e3c9892300f619952d8cc541d,73665528-a523-5ee2-9a15-aa431a35fde4,POL-LOCATION-001,fail,reject,Latitude and longitude are required for a waste/litter draft action.,synthetic_operational
f3b4a923d62cc2fd8daa9aadfb642b2637ff10930511ca0d5039b7ae81797d8d,73665528-a523-5ee2-9a15-aa431a35fde4,POL-ASSET-001,not_applicable,allow,Asset matching cannot be evaluated until coordinates are supplied.,synthetic_operational
86eb50d888b7eaf4d6913dd742a1c22dbaf1fa7f2bbbd331d8e66764b3542efd,73665528-a523-5ee2-9a15-aa431a35fde4,POL-SAFETY-001,pass,allow,Priority P3 does not trigger the emergency escalation rule.,synthetic_operational
29ff4c9e7e78d0abfab03a4018ac8350412e0d4196e48dbac07377c323eed57b,73665528-a523-5ee2-9a15-aa431a35fde4,POL-CONFIDENCE-001,pass,allow,Category confidence 0.95 meets the 0.70 threshold.,synthetic_operational
b7f088a7c2fa21948bceb3228795e4a71026efbbb6275773a1bfac93c9192560,73665528-a523-5ee2-9a15-aa431a35fde4,POL-REVIEW-001,pass,allow,The diagnosis contains no human-review flag.,synthetic_operational
77dc77c27771cd867b2e84cdf4a356916c8d6db16ec712080fec384f3f1091cd,32728420-8ec0-52a6-a5c3-ad282aebab72,POL-SCOPE-001,fail,escalate,Category 'general_enquiry' is outside policy scope and requires human routing.,synthetic_operational
68a45d5caf893d7b03a59aa4ebacc0405d5a3154613143539009f49a111fb146,32728420-8ec0-52a6-a5c3-ad282aebab72,POL-ACTION-001,pass,allow,Action 'create_draft_work_order' is permitted as a draft-only action.,synthetic_operational
3291ab2ef54302325a77e66eb5004c98a2d930dbeb6ecc9589a0cc99a7b54a2e,32728420-8ec0-52a6-a5c3-ad282aebab72,POL-LOCATION-001,not_applicable,allow,The policy has no coordinate rule for category 'general_enquiry'.,synthetic_operational
a22bef105bbeefc352c14055d67b9b3252bde2536077fc07a7383a9a674b61e1,32728420-8ec0-52a6-a5c3-ad282aebab72,POL-ASSET-001,not_applicable,allow,The policy has no asset-match rule for category 'general_enquiry'.,synthetic_operational
72e230d9b6baec612325155c6d10dab839390294b810c266c3959ec0d8f92c9a,32728420-8ec0-52a6-a5c3-ad282aebab72,POL-SAFETY-001,pass,allow,Priority P4 does not trigger the emergency escalation rule.,synthetic_operational
93ca3d938deabf1b83140b6b5c62158aa007aab4a21dfd5e90b2655d9270ae3b,32728420-8ec0-52a6-a5c3-ad282aebab72,POL-CONFIDENCE-001,fail,escalate,Category confidence 0.30 is below the 0.70 threshold.,synthetic_operational
c1555ea6e693da88f9ba879948f1659d935012581d703a8f684b43ada8be395e,32728420-8ec0-52a6-a5c3-ad282aebab72,POL-REVIEW-001,fail,escalate,The diagnosis contains a human-review flag.,synthetic_operational
1bfb0dd055cc50ab286a4b70abe3858ad148292072ce97d4f00ee9ea33484431,171912ae-0ecf-5241-a861-64a88a89949a,POL-SCOPE-001,pass,allow,Category 'waste_litter' is within the demonstration policy scope.,synthetic_operational
c7ca30d34894f8e0e2fbb99c96f33d3cd4260dbbe50a7418362a1f2e25dc1f7a,171912ae-0ecf-5241-a861-64a88a89949a,POL-ACTION-001,pass,allow,Action 'create_draft_work_order' is permitted as a draft-only action.,synthetic_operational
26face276806609a6435414ffd9bf0009f433de0641c7eb4d2c9feb401f756e1,171912ae-0ecf-5241-a861-64a88a89949a,POL-LOCATION-001,pass,allow,Required latitude and longitude were supplied.,synthetic_operational
a5750a34cc76fba259b50fced6eb0a58ea74006c1ba50d259469a87b8bc746aa,171912ae-0ecf-5241-a861-64a88a89949a,POL-ASSET-001,fail,escalate,No public litter-bin asset was found within 500 metres; human verification is required.,synthetic_operational
0869785dc12cf3b6156e8a11462bc6276fce770bad7ce0b299f1887b6bfce87d,171912ae-0ecf-5241-a861-64a88a89949a,POL-SAFETY-001,pass,allow,Priority P3 does not trigger the emergency escalation rule.,synthetic_operational
4de63d19b2aa1ec51312b9f5c2c66034ab602e5abeecf31db7b67f3c728acc02,171912ae-0ecf-5241-a861-64a88a89949a,POL-CONFIDENCE-001,pass,allow,Category confidence 0.95 meets the 0.70 threshold.,synthetic_operational
fe1a4d28fa8260d92bb2e37aecf5e5295653bb03d1f1aa2c14d75174894efb53,171912ae-0ecf-5241-a861-64a88a89949a,POL-REVIEW-001,fail,escalate,The diagnosis contains a human-review flag.,synthetic_operational
567a890438147dc8e7a2a523359cb4e00497c1b36c722f3b9cd3405b4edf3fcd,75541c5e-2b61-5cb0-b8fc-d01c2f4460d1,POL-SCOPE-001,fail,escalate,Category 'roads_footpaths' is outside policy scope and requires human routing.,synthetic_operational
cc3f403b50fe3a104a3b2f94905e238c7a002c3f4b922740e377c1bfee6b9955,75541c5e-2b61-5cb0-b8fc-d01c2f4460d1,POL-ACTION-001,pass,allow,Action 'create_draft_work_order' is permitted as a draft-only action.,synthetic_operational
0b75d5df42276e13aac1c0c977caca05ee8d787735bd15faa6e86bf824ef4712,75541c5e-2b61-5cb0-b8fc-d01c2f4460d1,POL-LOCATION-001,not_applicable,allow,The policy has no coordinate rule for category 'roads_footpaths'.,synthetic_operational
348d6603f6fe7187d44cb4c9f7f995ac737ac06a10bcb5bcb47894779be3be62,75541c5e-2b61-5cb0-b8fc-d01c2f4460d1,POL-ASSET-001,not_applicable,allow,The policy has no asset-match rule for category 'roads_footpaths'.,synthetic_operational
53b8c869117440f1af3f6122b47327160e99ef86e1e67ad07fbfca1bee07d5fe,75541c5e-2b61-5cb0-b8fc-d01c2f4460d1,POL-SAFETY-001,pass,allow,Priority P2 does not trigger the emergency escalation rule.,synthetic_operational
83268c3e9d35a477c9ff8fd6f21ca16c072a1dc7efbdc5402f25eb64c2379d41,75541c5e-2b61-5cb0-b8fc-d01c2f4460d1,POL-CONFIDENCE-001,pass,allow,Category confidence 0.82 meets the 0.70 threshold.,synthetic_operational
27ac957e382d46b945d8e777467a253963482b9a4b83fea59cc8d982131d3ed3,75541c5e-2b61-5cb0-b8fc-d01c2f4460d1,POL-REVIEW-001,pass,allow,The diagnosis contains no human-review flag.,synthetic_operational
14cf1b7181df5c7155385cd4af9309d9c324a26815d0ca1ad6e497b3e2477ef6,33fef64c-a81b-5b8f-985e-6e60c4935111,POL-SCOPE-001,pass,allow,Category 'waste_litter' is within the demonstration policy scope.,synthetic_operational
2bbe3918a19e10ca77d9a6aa98baee8bf375c18e629215b5d1464f6086bb8956,33fef64c-a81b-5b8f-985e-6e60c4935111,POL-ACTION-001,pass,allow,Action 'create_draft_work_order' is permitted as a draft-only action.,synthetic_operational
24dc7aa92b4ecc8bb6380bc06a6c4ed37707ef80db8edb3264b4e0ca662b2c63,33fef64c-a81b-5b8f-985e-6e60c4935111,POL-LOCATION-001,pass,allow,Required latitude and longitude were supplied.,synthetic_operational
e324e0b7831282b0e10ec065caa1a3e87911d633b11c5141112605829f6c044c,33fef64c-a81b-5b8f-985e-6e60c4935111,POL-ASSET-001,pass,allow,The supplied point matched a public litter-bin asset.,synthetic_operational
f02d138cab16dbf45c261a7a2063fdeeb466f8fe1dbefbcde290dbb9c24f64a9,33fef64c-a81b-5b8f-985e-6e60c4935111,POL-SAFETY-001,fail,escalate,Priority P1 must be escalated to a human.,synthetic_operational
11e9ec086e8f886a7ae3e945127dd5fdb7b1a253f9bd5aee0a3da496b0441e97,33fef64c-a81b-5b8f-985e-6e60c4935111,POL-CONFIDENCE-001,pass,allow,Category confidence 0.82 meets the 0.70 threshold.,synthetic_operational
fead77ea6497fa20bebe15e0e00309584b389ff7de10d0c161d2a06d326acb7f,33fef64c-a81b-5b8f-985e-6e60c4935111,POL-REVIEW-001,fail,escalate,The diagnosis contains a human-review flag.,synthetic_operational
c38e011a78415404015970f5bf4245047a438ccfbde6d91674b9bd490394ed00,7df26e3f-ed9b-5fbf-8ab7-b14adae1faad,POL-SCOPE-001,pass,allow,Category 'waste_litter' is within the demonstration policy scope.,synthetic_operational
ca90bad803958b13e361acdc8a8e8b71a7e579474ccafcd2152738dd3f9c753c,7df26e3f-ed9b-5fbf-8ab7-b14adae1faad,POL-ACTION-001,pass,allow,Action 'create_draft_work_order' is permitted as a draft-only action.,synthetic_operational
b004db9ec97cd8eb3a71ac0a8373aba8b4714cc9b333b5e2d83d22f5d7190d74,7df26e3f-ed9b-5fbf-8ab7-b14adae1faad,POL-LOCATION-001,pass,allow,Required latitude and longitude were supplied.,synthetic_operational
23101c35003ccb7aaa63e74ee41d73694b32eceee8b6e04095ee1ad1e0763e0f,7df26e3f-ed9b-5fbf-8ab7-b14adae1faad,POL-ASSET-001,pass,allow,The supplied point matched a public litter-bin asset.,synthetic_operational
fb33856e405fd51a5b5fbdf56a9939c418f51dccd93654a47920e05afd55a55f,7df26e3f-ed9b-5fbf-8ab7-b14adae1faad,POL-SAFETY-001,pass,allow,Priority P3 does not trigger the emergency escalation rule.,synthetic_operational
193bd0f52018cf4b3ff2cbb3e9e43abace3772f1ae93c6e1c7852be69cd69103,7df26e3f-ed9b-5fbf-8ab7-b14adae1faad,POL-CONFIDENCE-001,pass,allow,Category confidence 0.95 meets the 0.70 threshold.,synthetic_operational
67cc59b44f178a861df833e6a61d92ccf1c455005d3acbfcffd83a18f3f5804f,7df26e3f-ed9b-5fbf-8ab7-b14adae1faad,POL-REVIEW-001,pass,allow,The diagnosis contains no human-review flag.,synthetic_operational
d96eb5b4204f47babac284d6e6d82121f0d7075a568b30c4260d3a6f4c122ee7,9f657412-cd41-59e3-923d-4a1257f9fd09,POL-SCOPE-001,pass,allow,Category 'waste_litter' is within the demonstration policy scope.,synthetic_operational
5c78afc27ae8e077e97f70c8e68da7e3bc1bc7189cde094531f71078bcb1f3ae,9f657412-cd41-59e3-923d-4a1257f9fd09,POL-ACTION-001,pass,allow,Action 'create_draft_work_order' is permitted as a draft-only action.,synthetic_operational
954e31b99bb998420445afd96bbce8494f9dbda3344d88cced7c2d884eff1dfa,9f657412-cd41-59e3-923d-4a1257f9fd09,POL-LOCATION-001,pass,allow,Required latitude and longitude were supplied.,synthetic_operational
6167483cbec29df4f0e1f22f79c1b8004457551f88e03ba48782b1000230dea6,9f657412-cd41-59e3-923d-4a1257f9fd09,POL-ASSET-001,pass,allow,The supplied point matched a public litter-bin asset.,synthetic_operational
840a6b4bf2c81ec9b3e19280b02bed625842c180a63a328c3b2428a2cb4da780,9f657412-cd41-59e3-923d-4a1257f9fd09,POL-SAFETY-001,pass,allow,Priority P3 does not trigger the emergency escalation rule.,synthetic_operational
61e7815496fe62b1a69abeb4a4a385bd70405c19e27fe95a2bc9473df329de33,9f657412-cd41-59e3-923d-4a1257f9fd09,POL-CONFIDENCE-001,pass,allow,Category confidence 0.95 meets the 0.70 threshold.,synthetic_operational
90658178b5143ebc1fd667fda94068aa35d0962a2cd2decd3f9e3af7f48413df,9f657412-cd41-59e3-923d-4a1257f9fd09,POL-REVIEW-001,pass,allow,The diagnosis contains no human-review flag.,synthetic_operational
8c764d0e8ea419a8740ad9c1cba15084b7d658a0e8dc9716c437b233b23cdcf4,32346432-fdb4-5c1e-bdcc-73850b1432e8,POL-SCOPE-001,pass,allow,Category 'waste_litter' is within the demonstration policy scope.,synthetic_operational
e52a44191b2613279042dfe3ead314d70cfca067ad239899a4558bf52dc36a25,32346432-fdb4-5c1e-bdcc-73850b1432e8,POL-ACTION-001,fail,reject,Action 'close_live_case' is not permitted by this policy version.,synthetic_operational
c15bd20023e6401d3540a0fc3e69c3721c3554caa924202330490ec9ed1dac31,32346432-fdb4-5c1e-bdcc-73850b1432e8,POL-LOCATION-001,pass,allow,Required latitude and longitude were supplied.,synthetic_operational
a62739324c571c84eaf6bfe8be7fa22fcfff749eb2610d911effb149bba43516,32346432-fdb4-5c1e-bdcc-73850b1432e8,POL-ASSET-001,pass,allow,The supplied point matched a public litter-bin asset.,synthetic_operational
1e616f99942797eac4177867d77bb462179a7bd9b13302d37cbef8e521f14c63,32346432-fdb4-5c1e-bdcc-73850b1432e8,POL-SAFETY-001,pass,allow,Priority P2 does not trigger the emergency escalation rule.,synthetic_operational
78742aaac9365f9f7ff81b06fca6125182928dedff567c9e70c9f2076f7d1549,32346432-fdb4-5c1e-bdcc-73850b1432e8,POL-CONFIDENCE-001,pass,allow,Category confidence 0.95 meets the 0.70 threshold.,synthetic_operational
a00cbe0774482be15518294df1fba8b8e81ae9686d8819de8d0e1d8d5a3f27e0,32346432-fdb4-5c1e-bdcc-73850b1432e8,POL-REVIEW-001,pass,allow,The diagnosis contains no human-review flag.,synthetic_operational
ebf3eeadddda07e87a3ee32272e2794a45477a66dc4845d71ee1bc4243c11e05,c1ece9a1-856f-5993-aed3-2e930ef5e67a,POL-SCOPE-001,pass,allow,Category 'waste_litter' is within the demonstration policy scope.,synthetic_operational
3229e2922d5776e928383f1d4d46cb483e6947a0a8e3b0add76399aa6992b4e1,c1ece9a1-856f-5993-aed3-2e930ef5e67a,POL-ACTION-001,pass,allow,Action 'create_draft_work_order' is permitted as a draft-only action.,synthetic_operational
7d044a44d510c81edc03a9cb77309505f9232132d8d3a563cafe2a5144319a4c,c1ece9a1-856f-5993-aed3-2e930ef5e67a,POL-LOCATION-001,pass,allow,Required latitude and longitude were supplied.,synthetic_operational
41ced9dc1eca7595163b15be08d0b3c65762cc24245f1ed9826c72edfcdc0851,c1ece9a1-856f-5993-aed3-2e930ef5e67a,POL-ASSET-001,pass,allow,The supplied point matched a public litter-bin asset.,synthetic_operational
2ed05fd06198932ca161b0a64a5efc248c3a0d04734a0335c19602fffec65557,c1ece9a1-856f-5993-aed3-2e930ef5e67a,POL-SAFETY-001,pass,allow,Priority P2 does not trigger the emergency escalation rule.,synthetic_operational
a7b2ae296d025772cfe10bbfafd5d66ac8580f5079d2ba93667f981a2680e0a8,c1ece9a1-856f-5993-aed3-2e930ef5e67a,POL-CONFIDENCE-001,pass,allow,Category confidence 0.95 meets the 0.70 threshold.,synthetic_operational
0140fe068929118973be5a72869a321ae73670efa0d400616ab489df6c9c0224,c1ece9a1-856f-5993-aed3-2e930ef5e67a,POL-REVIEW-001,pass,allow,The diagnosis contains no human-review flag.,synthetic_operational
f01e031d653084272544d89cfa88fcb9d592c00e8f983b121119820c7c0891f8,37a3837a-96f7-5753-b926-26fbd9cf0880,POL-SCOPE-001,pass,allow,Category 'waste_litter' is within the demonstration policy scope.,synthetic_operational
a9b9cc75ea3587464a52f793e6f99d458d51d768daf940964f336ed0fe9458ac,37a3837a-96f7-5753-b926-26fbd9cf0880,POL-ACTION-001,pass,allow,Action 'create_draft_work_order' is permitted as a draft-only action.,synthetic_operational
db4524e2ebb87206571c4b9607bb7b1c88325c5d8c6c33539ebeabeab03309df,37a3837a-96f7-5753-b926-26fbd9cf0880,POL-LOCATION-001,pass,allow,Required latitude and longitude were supplied.,synthetic_operational
76dbb0c83cb98feb1bd56dcd541eee1d6102f27da775f1f1dc851e11c0fa53ca,37a3837a-96f7-5753-b926-26fbd9cf0880,POL-ASSET-001,pass,allow,The supplied point matched a public litter-bin asset.,synthetic_operational
20b89f792ac65f22e876563196e4903cf400b2f8e02f45d38a5a06f1c0b6545a,37a3837a-96f7-5753-b926-26fbd9cf0880,POL-SAFETY-001,pass,allow,Priority P3 does not trigger the emergency escalation rule.,synthetic_operational
0fa51915051d331a6acb58d2f604b7cc412023dd23e0d12ca65afbdcb9c79439,37a3837a-96f7-5753-b926-26fbd9cf0880,POL-CONFIDENCE-001,pass,allow,Category confidence 0.95 meets the 0.70 threshold.,synthetic_operational
943305ac2639ef374cc2d097da1ddb154bc29b380ffc35c8eac662263f0d5239,37a3837a-96f7-5753-b926-26fbd9cf0880,POL-REVIEW-001,pass,allow,The diagnosis contains no human-review flag.,synthetic_operational
0a59f8a43917cd9170301b3c0b29bae6bca7ff7de55693b39dc08b4d3bf09a4c,84aaa5a8-eea7-5872-8606-dd85ab2af93b,POL-SCOPE-001,pass,allow,Category 'waste_litter' is within the demonstration policy scope.,synthetic_operational
967174bd76ff478b0a77fd1dba0abaeb592235866aca8074bed581b87cf36896,84aaa5a8-eea7-5872-8606-dd85ab2af93b,POL-ACTION-001,pass,allow,Action 'create_draft_work_order' is permitted as a draft-only action.,synthetic_operational
85aace8b5fee1aa6efc8e4f098c82fdab8b771edb1d8728226788b1fa9ac2597,84aaa5a8-eea7-5872-8606-dd85ab2af93b,POL-LOCATION-001,fail,reject,Latitude and longitude are required for a waste/litter draft action.,synthetic_operational
1f4ceaac0b12080ba5bd6a645ac3c5dce5e1eeb9599d851e934fa6b49dbb429d,84aaa5a8-eea7-5872-8606-dd85ab2af93b,POL-ASSET-001,not_applicable,allow,Asset matching cannot be evaluated until coordinates are supplied.,synthetic_operational
899040818c48f20010eeb361be326b54a176b74f63ef12aef5ae0803a42bf338,84aaa5a8-eea7-5872-8606-dd85ab2af93b,POL-SAFETY-001,pass,allow,Priority P3 does not trigger the emergency escalation rule.,synthetic_operational
51792465ecc395e7ff5ea02f3c40c09e91c351015e161e885480ce3d16a4058d,84aaa5a8-eea7-5872-8606-dd85ab2af93b,POL-CONFIDENCE-001,pass,allow,Category confidence 0.95 meets the 0.70 threshold.,synthetic_operational
75751664cc0e2ff3de1799530f96435912f86516876900cc61408862482b7eed,84aaa5a8-eea7-5872-8606-dd85ab2af93b,POL-REVIEW-001,pass,allow,The diagnosis contains no human-review flag.,synthetic_operational
6d601f138c6513ae5aeba011fa553e1840d687e7f52e0ea3c6b03b52d32e2171,7437ee99-7ec0-5fe4-bb56-3f895a8f7ed9,POL-SCOPE-001,fail,escalate,Category 'general_enquiry' is outside policy scope and requires human routing.,synthetic_operational
afbe0c98dec67dc0ebafb6be57c87d72d1d2292ae54c425b03a00a4f0676df90,7437ee99-7ec0-5fe4-bb56-3f895a8f7ed9,POL-ACTION-001,pass,allow,Action 'create_draft_work_order' is permitted as a draft-only action.,synthetic_operational
262639430867cd80fc327bb0b1d5a32dc0eb1ad6b169c3a434b83e41487d5c6f,7437ee99-7ec0-5fe4-bb56-3f895a8f7ed9,POL-LOCATION-001,not_applicable,allow,The policy has no coordinate rule for category 'general_enquiry'.,synthetic_operational
71061c57cedd6fcf61f67df8db77644c1f167b557f0186f9f83675d3b5cda9cd,7437ee99-7ec0-5fe4-bb56-3f895a8f7ed9,POL-ASSET-001,not_applicable,allow,The policy has no asset-match rule for category 'general_enquiry'.,synthetic_operational
0587dea7b3ebbffa289f663e561b63a545e95c929c805b4d8b3b73f54646cb95,7437ee99-7ec0-5fe4-bb56-3f895a8f7ed9,POL-SAFETY-001,pass,allow,Priority P4 does not trigger the emergency escalation rule.,synthetic_operational
5009dd99dec2521c8b7541e5920ce8a916d14efcbc977765638dccf88890d3d6,7437ee99-7ec0-5fe4-bb56-3f895a8f7ed9,POL-CONFIDENCE-001,fail,escalate,Category confidence 0.30 is below the 0.70 threshold.,synthetic_operational
72d4a158a38684d2e44fe363ba9095c4ab3308f1e0499a285c1f25b99f5fff88,7437ee99-7ec0-5fe4-bb56-3f895a8f7ed9,POL-REVIEW-001,fail,escalate,The diagnosis contains a human-review flag.,synthetic_operational
2418eb665a71c7aefd2e222ff72e825250763b41c9e2e31fb7356162d02d7b74,b9815162-19b4-5e79-80f3-d24d614e2e48,POL-SCOPE-001,pass,allow,Category 'waste_litter' is within the demonstration policy scope.,synthetic_operational
7e8c28fa789414f150776550f20cded06e4bd0e410bf911730de7492a71a5987,b9815162-19b4-5e79-80f3-d24d614e2e48,POL-ACTION-001,pass,allow,Action 'create_draft_work_order' is permitted as a draft-only action.,synthetic_operational
1e8b7cc2d75578ca2c2dd4e7d1e4b165a02bdec35e1a4d20eab11b09ca7957df,b9815162-19b4-5e79-80f3-d24d614e2e48,POL-LOCATION-001,pass,allow,Required latitude and longitude were supplied.,synthetic_operational
ad4d4a7cf174b53a703e5d5aeeca8cf6ff2cbd0038a03cd8fcc5a1b5ee7a10b2,b9815162-19b4-5e79-80f3-d24d614e2e48,POL-ASSET-001,fail,escalate,No public litter-bin asset was found within 500 metres; human verification is required.,synthetic_operational
c60b5862ca4cb605dee4572a88f34cdc50d0c1c6bac7cd3d959dbb1771ea6600,b9815162-19b4-5e79-80f3-d24d614e2e48,POL-SAFETY-001,pass,allow,Priority P3 does not trigger the emergency escalation rule.,synthetic_operational
891264d4594f6c3ded918651c61b8b2521056b30e0042f63358c5c1a0ec48485,b9815162-19b4-5e79-80f3-d24d614e2e48,POL-CONFIDENCE-001,pass,allow,Category confidence 0.95 meets the 0.70 threshold.,synthetic_operational
a2a7dbbb063f944fb4f9a8bea3141d8e6ab969be96f2f85d4ba262491ad94721,b9815162-19b4-5e79-80f3-d24d614e2e48,POL-REVIEW-001,fail,escalate,The diagnosis contains a human-review flag.,synthetic_operational
9f5baf5069b90a7b3aa44cf67fc8ebf58ad73a246dba5f3418f4480116b5d1b1,b8a98639-2cd2-56b1-878b-d7f456467930,POL-SCOPE-001,fail,escalate,Category 'roads_footpaths' is outside policy scope and requires human routing.,synthetic_operational
b94145281efd30d211bc0ce13614bb533838ff225cb2792d36127f30b2f6aa2b,b8a98639-2cd2-56b1-878b-d7f456467930,POL-ACTION-001,pass,allow,Action 'create_draft_work_order' is permitted as a draft-only action.,synthetic_operational
1458e5f2953afbcd4cd21cf48b0b1a2afc49ca0a5872cb7e9bad6cd3d111daea,b8a98639-2cd2-56b1-878b-d7f456467930,POL-LOCATION-001,not_applicable,allow,The policy has no coordinate rule for category 'roads_footpaths'.,synthetic_operational
75710e6dc4273c2c1dd7bdd720598309d9e683a8ce5b68d7124713a41334deec,b8a98639-2cd2-56b1-878b-d7f456467930,POL-ASSET-001,not_applicable,allow,The policy has no asset-match rule for category 'roads_footpaths'.,synthetic_operational
46194af0e7d30507d0f5de5e2491822aad35187b63d6bb63ae07a33bd1627a34,b8a98639-2cd2-56b1-878b-d7f456467930,POL-SAFETY-001,pass,allow,Priority P2 does not trigger the emergency escalation rule.,synthetic_operational
187fe5b2a5ac5d411a198945a8abae9e9472bc11a683ec93d9581fa776b6d6fb,b8a98639-2cd2-56b1-878b-d7f456467930,POL-CONFIDENCE-001,pass,allow,Category confidence 0.82 meets the 0.70 threshold.,synthetic_operational
f7810405c739222194c88d802fe35232374ed390364765cfc039a95c82fe5aa4,b8a98639-2cd2-56b1-878b-d7f456467930,POL-REVIEW-001,pass,allow,The diagnosis contains no human-review flag.,synthetic_operational
deefaf91e6d9767217942a93ed121b428ccd4b26756871addbbbdc17c4aca5b8,7f642dbb-5f41-52a3-a086-267ce6c24a89,POL-SCOPE-001,pass,allow,Category 'waste_litter' is within the demonstration policy scope.,synthetic_operational
8873af2723e657d604a8c312487f1c6369ffae030bc0b3b20563041cad181e0a,7f642dbb-5f41-52a3-a086-267ce6c24a89,POL-ACTION-001,pass,allow,Action 'create_draft_work_order' is permitted as a draft-only action.,synthetic_operational
2dc3dea0ab0f59e689cf0cc035ba42f39dd20aa81ca6ae0902ac8bd332eccad1,7f642dbb-5f41-52a3-a086-267ce6c24a89,POL-LOCATION-001,pass,allow,Required latitude and longitude were supplied.,synthetic_operational
f68c527781c384ba85698477d25a6a46aea0fa490225bbb3df489bfe1f481553,7f642dbb-5f41-52a3-a086-267ce6c24a89,POL-ASSET-001,pass,allow,The supplied point matched a public litter-bin asset.,synthetic_operational
365e4d99052f25ef090eb917961ca82d3e67e7e71b2f6f8a358122b355c00ccf,7f642dbb-5f41-52a3-a086-267ce6c24a89,POL-SAFETY-001,fail,escalate,Priority P1 must be escalated to a human.,synthetic_operational
8231c7cff01f5999d9164da800736da48e0a0e930202d66e1bd3d5714dcab564,7f642dbb-5f41-52a3-a086-267ce6c24a89,POL-CONFIDENCE-001,pass,allow,Category confidence 0.82 meets the 0.70 threshold.,synthetic_operational
0ad8cef10de99eafe432822ea8a5d80dfe481b8ed750998745d9b26ffc73095f,7f642dbb-5f41-52a3-a086-267ce6c24a89,POL-REVIEW-001,fail,escalate,The diagnosis contains a human-review flag.,synthetic_operational
53f035ff99f384a17d06feab0da13e6867f37b3d6edff10db17ebd8d3f173e55,89d00ecb-ae3c-5162-99db-5f65df8e0231,POL-SCOPE-001,pass,allow,Category 'waste_litter' is within the demonstration policy scope.,synthetic_operational
fb3d877aa0d6fc9a913644d8b09516d2d6fbea1d7a2c390f654e64c8d4db9894,89d00ecb-ae3c-5162-99db-5f65df8e0231,POL-ACTION-001,pass,allow,Action 'create_draft_work_order' is permitted as a draft-only action.,synthetic_operational
761532c8f2e907898ef3263845700012e95b6643ac09ed7c5b5d5a28b2658231,89d00ecb-ae3c-5162-99db-5f65df8e0231,POL-LOCATION-001,pass,allow,Required latitude and longitude were supplied.,synthetic_operational
402bcd51548f2aaf2aff0428e6cbf6fc4d9b4501b9a8000889de7eb53b69d5e1,89d00ecb-ae3c-5162-99db-5f65df8e0231,POL-ASSET-001,pass,allow,The supplied point matched a public litter-bin asset.,synthetic_operational
40feb348a3a8f14f73b1c6c76469c95c1c86f554ac03f3790fd8e5c8f3c09c7f,89d00ecb-ae3c-5162-99db-5f65df8e0231,POL-SAFETY-001,pass,allow,Priority P3 does not trigger the emergency escalation rule.,synthetic_operational
44a7532ccbe959d5c15621a2d306e9f97be39f9c5918aad599e37c90eae2246f,89d00ecb-ae3c-5162-99db-5f65df8e0231,POL-CONFIDENCE-001,pass,allow,Category confidence 0.95 meets the 0.70 threshold.,synthetic_operational
3f926bedd4ad386ed24417daf07b2b4e292f67d87b197d6c659b6a9e38f1c6da,89d00ecb-ae3c-5162-99db-5f65df8e0231,POL-REVIEW-001,pass,allow,The diagnosis contains no human-review flag.,synthetic_operational
e5f050885314fd54aeff198bf7dd617ce8af09781e5adbae595abee3f2b591db,22625ab3-b712-5cd7-aa6b-11246832d043,POL-SCOPE-001,pass,allow,Category 'waste_litter' is within the demonstration policy scope.,synthetic_operational
59afcd31822f7159b147b826db4b585450054dcd2a789177a4ff427116192baf,22625ab3-b712-5cd7-aa6b-11246832d043,POL-ACTION-001,pass,allow,Action 'create_draft_work_order' is permitted as a draft-only action.,synthetic_operational
40cd6e5218cd1200f4f980a40d83351e0a974846efc166dd605168515e706c6d,22625ab3-b712-5cd7-aa6b-11246832d043,POL-LOCATION-001,pass,allow,Required latitude and longitude were supplied.,synthetic_operational
fc75fbffcceefb3c34219478fed1b4449f61bdb63e066bdbc21eb1330f167885,22625ab3-b712-5cd7-aa6b-11246832d043,POL-ASSET-001,pass,allow,The supplied point matched a public litter-bin asset.,synthetic_operational
3670d4420bdff0edb860f8d3964a551a0036a8a152d4c39afc0526da9f04d316,22625ab3-b712-5cd7-aa6b-11246832d043,POL-SAFETY-001,pass,allow,Priority P3 does not trigger the emergency escalation rule.,synthetic_operational
8a44a889f90ce4b3b56364d85aacc30cd9c243d14ce1b9c78cb7dccc41673b5c,22625ab3-b712-5cd7-aa6b-11246832d043,POL-CONFIDENCE-001,pass,allow,Category confidence 0.95 meets the 0.70 threshold.,synthetic_operational
37b315ae3ff086f4d7920893683a0e1758724934576a4300cef9dbfc62344757,22625ab3-b712-5cd7-aa6b-11246832d043,POL-REVIEW-001,pass,allow,The diagnosis contains no human-review flag.,synthetic_operational
99fb19100710bf41664d7504c818f784e08722c045c00d573324a6fd13894222,de8770be-d922-5654-b32e-ecd959fcf84e,POL-SCOPE-001,pass,allow,Category 'waste_litter' is within the demonstration policy scope.,synthetic_operational
b5a8761513c28df24dc6181d958d07f540490f2033e64838e06ecad83fc7d859,de8770be-d922-5654-b32e-ecd959fcf84e,POL-ACTION-001,fail,reject,Action 'close_live_case' is not permitted by this policy version.,synthetic_operational
fdb8f5f19e3a194e89f8a01ec717193310a6fc5f3f57d21aee2d132604db13e0,de8770be-d922-5654-b32e-ecd959fcf84e,POL-LOCATION-001,pass,allow,Required latitude and longitude were supplied.,synthetic_operational
97ef467b5f9ae97b95e18b9245fa357399b4491dd8e0cc559c8dd6f3ae807c26,de8770be-d922-5654-b32e-ecd959fcf84e,POL-ASSET-001,pass,allow,The supplied point matched a public litter-bin asset.,synthetic_operational
4ccaaac169126ab5af54dfbd0a6ec9d823f3228aa546e37d0885e65ec8b17aaa,de8770be-d922-5654-b32e-ecd959fcf84e,POL-SAFETY-001,pass,allow,Priority P2 does not trigger the emergency escalation rule.,synthetic_operational
57d09adf26e3f7c3dee064e1610b236efa390e6f2c2096fc3fe9c40dbc915227,de8770be-d922-5654-b32e-ecd959fcf84e,POL-CONFIDENCE-001,pass,allow,Category confidence 0.95 meets the 0.70 threshold.,synthetic_operational
d1f04ad4a952f029fb07c799e8f3f27a7c51733c6bbfcb6dc7d1219f5dd5b515,de8770be-d922-5654-b32e-ecd959fcf84e,POL-REVIEW-001,pass,allow,The diagnosis contains no human-review flag.,synthetic_operational
5adcd32bcee561dce029f6d03fb36f343810774c44664d70714c5fa0f57d9eb6,b635559c-546a-5a71-a698-55997811618d,POL-SCOPE-001,pass,allow,Category 'waste_litter' is within the demonstration policy scope.,synthetic_operational
8cf7e6ebb725250cd79b3cef446b3575a73fdf7435775424416cf90f4c368310,b635559c-546a-5a71-a698-55997811618d,POL-ACTION-001,pass,allow,Action 'create_draft_work_order' is permitted as a draft-only action.,synthetic_operational
8b3f10fa94b3dc35ac801c40d4037d265441173b8a950fa3cd83bb906265cfb3,b635559c-546a-5a71-a698-55997811618d,POL-LOCATION-001,pass,allow,Required latitude and longitude were supplied.,synthetic_operational
784e93e32b9c40ab7035a3b7ff1809acb0134f029987ae77ed450342ffbbd97a,b635559c-546a-5a71-a698-55997811618d,POL-ASSET-001,pass,allow,The supplied point matched a public litter-bin asset.,synthetic_operational
a6348f30b5b07e77fd7aaa3d99c0d90d493b2c32066c8c14ddab486602f29c46,b635559c-546a-5a71-a698-55997811618d,POL-SAFETY-001,pass,allow,Priority P2 does not trigger the emergency escalation rule.,synthetic_operational
033e69fcca4af94bd7a3868c255eb9fea75a553028e8bfaba09c4c11b3fa1bc8,b635559c-546a-5a71-a698-55997811618d,POL-CONFIDENCE-001,pass,allow,Category confidence 0.95 meets the 0.70 threshold.,synthetic_operational
6fd66da58a1c52a6ab173d9b61b3e909ee24561c942514366c8a9cc22d8ff71e,b635559c-546a-5a71-a698-55997811618d,POL-REVIEW-001,pass,allow,The diagnosis contains no human-review flag.,synthetic_operational
2f572792718ffe7b92e443e88a489104b422822f65354d76ac13354e41f1b1c1,d628048d-d3a9-5d9f-9ad5-938da5158185,POL-SCOPE-001,pass,allow,Category 'waste_litter' is within the demonstration policy scope.,synthetic_operational
0504376ef9d13665d9b464c58f6ad1716e6615e13c30bfa604ce240c6fa2eebb,d628048d-d3a9-5d9f-9ad5-938da5158185,POL-ACTION-001,pass,allow,Action 'create_draft_work_order' is permitted as a draft-only action.,synthetic_operational
f31eea8719b596e985723f38bc71194f404805406f4d94926f8bcc1e057e128d,d628048d-d3a9-5d9f-9ad5-938da5158185,POL-LOCATION-001,pass,allow,Required latitude and longitude were supplied.,synthetic_operational
d38dafefb8c42e1ad62649d3cd4de7f4302ed5af1dd958cf3049a94088c43337,d628048d-d3a9-5d9f-9ad5-938da5158185,POL-ASSET-001,pass,allow,The supplied point matched a public litter-bin asset.,synthetic_operational
ef84f293eb7199a0d37e3367e64e7a696e8787e73a329106d2571b87bd46e4ab,d628048d-d3a9-5d9f-9ad5-938da5158185,POL-SAFETY-001,pass,allow,Priority P3 does not trigger the emergency escalation rule.,synthetic_operational
2162a044c10c9aca40c65c1b7f92be154374a5bbea2f79e1af2b90fbef52d6de,d628048d-d3a9-5d9f-9ad5-938da5158185,POL-CONFIDENCE-001,pass,allow,Category confidence 0.95 meets the 0.70 threshold.,synthetic_operational
3498918fb8a849154172fb8251adcc4bebcb34da8a969645b8b541d6611f915c,d628048d-d3a9-5d9f-9ad5-938da5158185,POL-REVIEW-001,pass,allow,The diagnosis contains no human-review flag.,synthetic_operational
417a191c5b7dd5b2ac4348148698bb0e74392ca5d11eedd0e1acc7971264563f,7d8ee355-68fb-5a14-b27c-471fac10a6e6,POL-SCOPE-001,pass,allow,Category 'waste_litter' is within the demonstration policy scope.,synthetic_operational
681ca67df95faa8f3c35ad76cd7a70363e97de914731e0c7068763c0f6410034,7d8ee355-68fb-5a14-b27c-471fac10a6e6,POL-ACTION-001,pass,allow,Action 'create_draft_work_order' is permitted as a draft-only action.,synthetic_operational
b9b9f228a209b6c10beb676bb2be02ce80a268319b7c71793cf31df99b396e9e,7d8ee355-68fb-5a14-b27c-471fac10a6e6,POL-LOCATION-001,fail,reject,Latitude and longitude are required for a waste/litter draft action.,synthetic_operational
c61daf146a3bffac103b422f07b23753708d7530d07576de79f5ade93617a8e1,7d8ee355-68fb-5a14-b27c-471fac10a6e6,POL-ASSET-001,not_applicable,allow,Asset matching cannot be evaluated until coordinates are supplied.,synthetic_operational
f10456d66729b1816d97fb51281a1b227b17fecf8a8103da50918960b42c7ed4,7d8ee355-68fb-5a14-b27c-471fac10a6e6,POL-SAFETY-001,pass,allow,Priority P3 does not trigger the emergency escalation rule.,synthetic_operational
c2a29c4215c0c8a4ac241edaf43ae047eef662b6d04b6e3829252e14f879dfd4,7d8ee355-68fb-5a14-b27c-471fac10a6e6,POL-CONFIDENCE-001,pass,allow,Category confidence 0.95 meets the 0.70 threshold.,synthetic_operational
e815a4d586618672872494550495feb78f6f96701f695e72219e33c8b4f4c1cc,7d8ee355-68fb-5a14-b27c-471fac10a6e6,POL-REVIEW-001,pass,allow,The diagnosis contains no human-review flag.,synthetic_operational
a88ca809b400403e32a6c210f8c099d1faeb1d9c149f762653f58c101ac4d0ca,14b9f0ab-46bc-5c7f-bb9a-4d3f3e78f50a,POL-SCOPE-001,fail,escalate,Category 'general_enquiry' is outside policy scope and requires human routing.,synthetic_operational
f9fb5dd0da3d7c72e4a6149db8902669f302be27eabb29d88b4278e5a00dfac4,14b9f0ab-46bc-5c7f-bb9a-4d3f3e78f50a,POL-ACTION-001,pass,allow,Action 'create_draft_work_order' is permitted as a draft-only action.,synthetic_operational
7156a8eed9e696de64a3114337aae8588a63f73da7af727267fed237aae6bd3a,14b9f0ab-46bc-5c7f-bb9a-4d3f3e78f50a,POL-LOCATION-001,not_applicable,allow,The policy has no coordinate rule for category 'general_enquiry'.,synthetic_operational
e417c8a1161fc221c70217222dc3db873a287f177eab13730f9a14ed3b6a88d8,14b9f0ab-46bc-5c7f-bb9a-4d3f3e78f50a,POL-ASSET-001,not_applicable,allow,The policy has no asset-match rule for category 'general_enquiry'.,synthetic_operational
d0849b032a9d71f460b47e17c0e8911e1fadf989a2db3e81ce55c84620cad884,14b9f0ab-46bc-5c7f-bb9a-4d3f3e78f50a,POL-SAFETY-001,pass,allow,Priority P4 does not trigger the emergency escalation rule.,synthetic_operational
8bfcb043fa3c202d56613106359ec628c6201d21b9b5c0ef0eb21d70aae69554,14b9f0ab-46bc-5c7f-bb9a-4d3f3e78f50a,POL-CONFIDENCE-001,fail,escalate,Category confidence 0.30 is below the 0.70 threshold.,synthetic_operational
79ff83658f7dff2fed4fd11e3fe10a8865e2e25927757dd1053d49e7bff40317,14b9f0ab-46bc-5c7f-bb9a-4d3f3e78f50a,POL-REVIEW-001,fail,escalate,The diagnosis contains a human-review flag.,synthetic_operational
eb342cdc6ee9f003911c5ac952520974bdf6343e89b72a25354f195a36a4e8a3,c1620ed8-1278-5e58-a04e-5fe41b83d14b,POL-SCOPE-001,pass,allow,Category 'waste_litter' is within the demonstration policy scope.,synthetic_operational
463c5a77a0a815abdf287b7a03098a5bfec9a4129a3c740f457ffc037a16bc36,c1620ed8-1278-5e58-a04e-5fe41b83d14b,POL-ACTION-001,pass,allow,Action 'create_draft_work_order' is permitted as a draft-only action.,synthetic_operational
01edf184ddb0b83dd138c3432db4f05111ab17a1c02e58a948484d4dbe662ef7,c1620ed8-1278-5e58-a04e-5fe41b83d14b,POL-LOCATION-001,pass,allow,Required latitude and longitude were supplied.,synthetic_operational
4004dc8225745071815cf5ef0c27037b9d3b773e3d2b08d9ef74aa88eccd5823,c1620ed8-1278-5e58-a04e-5fe41b83d14b,POL-ASSET-001,fail,escalate,No public litter-bin asset was found within 500 metres; human verification is required.,synthetic_operational
df5afb53cbdd16ed09e0e6c34ae655f05a31b6d1a374062336644380b6836db8,c1620ed8-1278-5e58-a04e-5fe41b83d14b,POL-SAFETY-001,pass,allow,Priority P3 does not trigger the emergency escalation rule.,synthetic_operational
6efb109425a722e7d76da4ab0a53c922a87df1c71b63436d417bd3b63951c22a,c1620ed8-1278-5e58-a04e-5fe41b83d14b,POL-CONFIDENCE-001,pass,allow,Category confidence 0.95 meets the 0.70 threshold.,synthetic_operational
36448558e8fd6976d90798a550f10074550c6b4ecd493e747570c8f29ff37f5c,c1620ed8-1278-5e58-a04e-5fe41b83d14b,POL-REVIEW-001,fail,escalate,The diagnosis contains a human-review flag.,synthetic_operational
dfd13bab554105f49b54df968ffba6d39c94d8c06caaef649d9c935cc2cdf98f,bf6d71ae-dbc3-5d7c-a5b8-48ce37a3a1f2,POL-SCOPE-001,fail,escalate,Category 'roads_footpaths' is outside policy scope and requires human routing.,synthetic_operational
5f0988ef38ec6f04c83cb1d01301a32d0232119d0dc7aff5995f2456e045667e,bf6d71ae-dbc3-5d7c-a5b8-48ce37a3a1f2,POL-ACTION-001,pass,allow,Action 'create_draft_work_order' is permitted as a draft-only action.,synthetic_operational
0095addf75fda9a98330d73a58fa865be9545707bd4ec4bfd5f87b3b53a7a4e9,bf6d71ae-dbc3-5d7c-a5b8-48ce37a3a1f2,POL-LOCATION-001,not_applicable,allow,The policy has no coordinate rule for category 'roads_footpaths'.,synthetic_operational
78f9db6456f6437f55a241b5516af5100a6a49a6006cf4bc07a37bfaaea57eac,bf6d71ae-dbc3-5d7c-a5b8-48ce37a3a1f2,POL-ASSET-001,not_applicable,allow,The policy has no asset-match rule for category 'roads_footpaths'.,synthetic_operational
5dfd1d57e9161a7963d4ff21db7b0715d27e0748291a85328a99ec716149850c,bf6d71ae-dbc3-5d7c-a5b8-48ce37a3a1f2,POL-SAFETY-001,pass,allow,Priority P2 does not trigger the emergency escalation rule.,synthetic_operational
b85aca8e7e86c3b3e13b9ffa8b4f95205e378a0b58330e5f576529151bdc8bf0,bf6d71ae-dbc3-5d7c-a5b8-48ce37a3a1f2,POL-CONFIDENCE-001,pass,allow,Category confidence 0.82 meets the 0.70 threshold.,synthetic_operational
6a61a5bb0d51e242bd1a2bedd1cdaa58a992e93918243c8eea45eff0dfa054b4,bf6d71ae-dbc3-5d7c-a5b8-48ce37a3a1f2,POL-REVIEW-001,pass,allow,The diagnosis contains no human-review flag.,synthetic_operational
b3a6daeb67544355c9a088c0ece42921ff73988a0f5d5d27a9ec8686392a0d2d,350980c1-c3c1-5d3e-9bc0-082435918ff9,POL-SCOPE-001,pass,allow,Category 'waste_litter' is within the demonstration policy scope.,synthetic_operational
cdca828ebcdcc2c28639d8ba93f2bc202145bcb8dd85d42acff603e9647d8c64,350980c1-c3c1-5d3e-9bc0-082435918ff9,POL-ACTION-001,pass,allow,Action 'create_draft_work_order' is permitted as a draft-only action.,synthetic_operational
cdf2b2c7eb97098bdf030590068d74fdbf0913e0dcc324e6e20ad947c044000d,350980c1-c3c1-5d3e-9bc0-082435918ff9,POL-LOCATION-001,pass,allow,Required latitude and longitude were supplied.,synthetic_operational
1dc73b85b575691db13302b98f4d8aca91228ac0e3a038aa5f469f5f8d72b469,350980c1-c3c1-5d3e-9bc0-082435918ff9,POL-ASSET-001,pass,allow,The supplied point matched a public litter-bin asset.,synthetic_operational
00d886f46b37efdb7cdaf3387b47e4be254898206231dd8847342a93761a271b,350980c1-c3c1-5d3e-9bc0-082435918ff9,POL-SAFETY-001,fail,escalate,Priority P1 must be escalated to a human.,synthetic_operational
7c987c382bc024480a07e241a2b46726aa88e16ba6095b141bc3a366a163d01f,350980c1-c3c1-5d3e-9bc0-082435918ff9,POL-CONFIDENCE-001,pass,allow,Category confidence 0.82 meets the 0.70 threshold.,synthetic_operational
b2aa0654101ffbd5dc3413f06353c54ecd29c2c9d55300ff9c163ae07c4c2af4,350980c1-c3c1-5d3e-9bc0-082435918ff9,POL-REVIEW-001,fail,escalate,The diagnosis contains a human-review flag.,synthetic_operational
463832d5893a1748f982f8b7714c79295f8cc479cf213758169941c6f9f5412a,0bf48426-149d-59df-891f-002f3455ed06,POL-SCOPE-001,pass,allow,Category 'waste_litter' is within the demonstration policy scope.,synthetic_operational
5ff57d86201729ae87c3bbb10c2fe9e09cd154a7b9be2c2ec00d0553c941fdee,0bf48426-149d-59df-891f-002f3455ed06,POL-ACTION-001,pass,allow,Action 'create_draft_work_order' is permitted as a draft-only action.,synthetic_operational
19b9b1f33be7c3f8299aa6db1769ad404c7ef177906e47d73c2e37e69c146953,0bf48426-149d-59df-891f-002f3455ed06,POL-LOCATION-001,pass,allow,Required latitude and longitude were supplied.,synthetic_operational
6679f3241b586c29905638f6bb9fd44b637ca931a7d3fa55d9d46d2de75ac346,0bf48426-149d-59df-891f-002f3455ed06,POL-ASSET-001,pass,allow,The supplied point matched a public litter-bin asset.,synthetic_operational
cde698b144731fc9d3f4381a7142b66fc46bce6522c5d88cd4c663f03f7c1c66,0bf48426-149d-59df-891f-002f3455ed06,POL-SAFETY-001,pass,allow,Priority P3 does not trigger the emergency escalation rule.,synthetic_operational
a769ba7c153505b41e18fe5505a35aad220cc7734b1e8227213378887f5451dc,0bf48426-149d-59df-891f-002f3455ed06,POL-CONFIDENCE-001,pass,allow,Category confidence 0.95 meets the 0.70 threshold.,synthetic_operational
a7482ff2ec38f97767b767959e17c8d483ef30e4dba7514e9407d9a32ea2b520,0bf48426-149d-59df-891f-002f3455ed06,POL-REVIEW-001,pass,allow,The diagnosis contains no human-review flag.,synthetic_operational
64f6f0fd8bf6a6105df6fef68a0d6ca08585620196be7d89356262df788c5fd2,ff3c448b-05c9-558c-ad90-7e26d148f471,POL-SCOPE-001,pass,allow,Category 'waste_litter' is within the demonstration policy scope.,synthetic_operational
96246f36d37482ba1ca79147d0d5954b532e7488c04f7fffe991ddbd857d6091,ff3c448b-05c9-558c-ad90-7e26d148f471,POL-ACTION-001,pass,allow,Action 'create_draft_work_order' is permitted as a draft-only action.,synthetic_operational
bf7f387bf9afdbd2ffccff14e25b4e144facc3ce55be8b17d9f24c3a4eeed2a8,ff3c448b-05c9-558c-ad90-7e26d148f471,POL-LOCATION-001,pass,allow,Required latitude and longitude were supplied.,synthetic_operational
dbfcc95bfaad815fab639ce67d378462492a24c3495367c7b8c98ab4e28f3890,ff3c448b-05c9-558c-ad90-7e26d148f471,POL-ASSET-001,pass,allow,The supplied point matched a public litter-bin asset.,synthetic_operational
dca4ad630b721ee67d720edde21b367d98eac25eea08f65112d357d8e8844781,ff3c448b-05c9-558c-ad90-7e26d148f471,POL-SAFETY-001,pass,allow,Priority P3 does not trigger the emergency escalation rule.,synthetic_operational
e5b1b996adf9a80b172d3189b3808bc64c65fd5957ff3685c6f1cb80696a3edf,ff3c448b-05c9-558c-ad90-7e26d148f471,POL-CONFIDENCE-001,pass,allow,Category confidence 0.95 meets the 0.70 threshold.,synthetic_operational
6b3e5e3fd18b41b4f501a9e0fb1fef97714c6f933d3c044cbedcacc0da3b705f,ff3c448b-05c9-558c-ad90-7e26d148f471,POL-REVIEW-001,pass,allow,The diagnosis contains no human-review flag.,synthetic_operational
f528d8c3ee40b60d6789fc2e3d915c91ac32aa68185818d2c9f744ae4f0369df,7ce66bb7-c449-51a7-a937-266f8a38e442,POL-SCOPE-001,pass,allow,Category 'waste_litter' is within the demonstration policy scope.,synthetic_operational
b1410d3ddfa224e35791a7ed0fc7170d42a2c6bdcc6dc6d58f365c2af5f00204,7ce66bb7-c449-51a7-a937-266f8a38e442,POL-ACTION-001,fail,reject,Action 'close_live_case' is not permitted by this policy version.,synthetic_operational
1df3f78d9fa0770ef047b16c1a9d74e76d7af901ad0b1f81bc5a5b96f688e8a1,7ce66bb7-c449-51a7-a937-266f8a38e442,POL-LOCATION-001,pass,allow,Required latitude and longitude were supplied.,synthetic_operational
596fe518a2de373db0ca0e6f5444b5e441efd1e88758f3d69fec73cac5f271e3,7ce66bb7-c449-51a7-a937-266f8a38e442,POL-ASSET-001,pass,allow,The supplied point matched a public litter-bin asset.,synthetic_operational
3aeb08347c77544ac54bc17e28f69a9e55197864e735fa44f64c8b772c69084f,7ce66bb7-c449-51a7-a937-266f8a38e442,POL-SAFETY-001,pass,allow,Priority P2 does not trigger the emergency escalation rule.,synthetic_operational
62eeb7a0e1772e7c6b2577826c8406746645539df5fa4068d1a34a208cd7c070,7ce66bb7-c449-51a7-a937-266f8a38e442,POL-CONFIDENCE-001,pass,allow,Category confidence 0.95 meets the 0.70 threshold.,synthetic_operational
cad80f664e4da10a8e8087c8a0ca97a233b757f09d4c6bfbae8c7834dddbe14e,7ce66bb7-c449-51a7-a937-266f8a38e442,POL-REVIEW-001,pass,allow,The diagnosis contains no human-review flag.,synthetic_operational
2fabd264f0db5cdb2b9dafaf54bc789865e2c3e6bedabc00182b2482b6b780b0,e6788b62-4325-5904-8b69-1491a8f8d797,POL-SCOPE-001,pass,allow,Category 'waste_litter' is within the demonstration policy scope.,synthetic_operational
3665392c1412a8b01d221ffb2d87c8151df9c7085da93c1bc1eb2c780ce739f9,e6788b62-4325-5904-8b69-1491a8f8d797,POL-ACTION-001,pass,allow,Action 'create_draft_work_order' is permitted as a draft-only action.,synthetic_operational
0d9fcecd597c11dcffd57308046a59da89b49c1f1b54b21ba08901c21dbac773,e6788b62-4325-5904-8b69-1491a8f8d797,POL-LOCATION-001,pass,allow,Required latitude and longitude were supplied.,synthetic_operational
35b2e724cc8805bc3f869fc4ad624c5558f8d09edbea47f06db6d03d8cd4c6d4,e6788b62-4325-5904-8b69-1491a8f8d797,POL-ASSET-001,pass,allow,The supplied point matched a public litter-bin asset.,synthetic_operational
2029b7cd4e139e7c359967a849c0d3160cd904b38573423ae12393fb590d0259,e6788b62-4325-5904-8b69-1491a8f8d797,POL-SAFETY-001,pass,allow,Priority P2 does not trigger the emergency escalation rule.,synthetic_operational
45eec53496733cb074c38c23e0416b6aec5b22f17026e6ed433cc51e2124e6ef,e6788b62-4325-5904-8b69-1491a8f8d797,POL-CONFIDENCE-001,pass,allow,Category confidence 0.95 meets the 0.70 threshold.,synthetic_operational
0384a8b2e0c8180114f3c80b77409504cd04cfbbe3352765a663c90a7a21662a,e6788b62-4325-5904-8b69-1491a8f8d797,POL-REVIEW-001,pass,allow,The diagnosis contains no human-review flag.,synthetic_operational
beb5b827a52d6f8acadbe707aee89c79bc248a1318f8e1eb74b46f2685c16b2a,8d0a1a98-b8e9-5694-94cd-14e59cc5135f,POL-SCOPE-001,pass,allow,Category 'waste_litter' is within the demonstration policy scope.,synthetic_operational
98b043897664362747d7638c0dc23f3be144d757611b5277f37c3a7e11c86d8b,8d0a1a98-b8e9-5694-94cd-14e59cc5135f,POL-ACTION-001,pass,allow,Action 'create_draft_work_order' is permitted as a draft-only action.,synthetic_operational
a779f2c589282c432c26be7e696981ab5a543afc30c8f8a8e182bb9404c929bb,8d0a1a98-b8e9-5694-94cd-14e59cc5135f,POL-LOCATION-001,pass,allow,Required latitude and longitude were supplied.,synthetic_operational
7b4829bc63bc322cacf82e2d51ec0271986ffde6f4780bb2c9afdf2b39154630,8d0a1a98-b8e9-5694-94cd-14e59cc5135f,POL-ASSET-001,pass,allow,The supplied point matched a public litter-bin asset.,synthetic_operational
1a52e48acd5e50bc7a82eb7e9fcde6fee68fd07becd8fe48c4a3f37c4a7191ea,8d0a1a98-b8e9-5694-94cd-14e59cc5135f,POL-SAFETY-001,pass,allow,Priority P3 does not trigger the emergency escalation rule.,synthetic_operational
4447f4881a5c5b858047c32bd0f3d56ec7970f23bf3d4a3cf87e5da31b770081,8d0a1a98-b8e9-5694-94cd-14e59cc5135f,POL-CONFIDENCE-001,pass,allow,Category confidence 0.95 meets the 0.70 threshold.,synthetic_operational
8ebed3fd8f919d0b7c6cea100778755d19c546a4a9802e7bc90da4de8105cc5a,8d0a1a98-b8e9-5694-94cd-14e59cc5135f,POL-REVIEW-001,pass,allow,The diagnosis contains no human-review flag.,synthetic_operational
5476c8758f2b3902476a5b4f33f3024ff2cdda3ddcf2cfed4b5add1cb1d23ac9,4a57ac64-c56a-5998-bab1-e7d705e6bec1,POL-SCOPE-001,pass,allow,Category 'waste_litter' is within the demonstration policy scope.,synthetic_operational
ed24b166d3976452f2c9f5a912ea8574eedd73875287352923c7802af8500ee2,4a57ac64-c56a-5998-bab1-e7d705e6bec1,POL-ACTION-001,pass,allow,Action 'create_draft_work_order' is permitted as a draft-only action.,synthetic_operational
283824b2f812870c3e167de9b331d27da6e71f2685d50229e91cbeb26805b7c0,4a57ac64-c56a-5998-bab1-e7d705e6bec1,POL-LOCATION-001,fail,reject,Latitude and longitude are required for a waste/litter draft action.,synthetic_operational
4198eda335f021891eeb62bc79c489c8f51514587e3d9a31ad3c603e2a8f01ab,4a57ac64-c56a-5998-bab1-e7d705e6bec1,POL-ASSET-001,not_applicable,allow,Asset matching cannot be evaluated until coordinates are supplied.,synthetic_operational
d7781d254455992bab97d65b70c8e2ed16529de515bc8f0254b5c7bebf2811f0,4a57ac64-c56a-5998-bab1-e7d705e6bec1,POL-SAFETY-001,pass,allow,Priority P3 does not trigger the emergency escalation rule.,synthetic_operational
a5536226837c5bc3272e1d1141d65891bf4375e68554e908f5917f0379fc1b02,4a57ac64-c56a-5998-bab1-e7d705e6bec1,POL-CONFIDENCE-001,pass,allow,Category confidence 0.95 meets the 0.70 threshold.,synthetic_operational
11061779258210edf1fdee84da6f88fcb52017dbe97b987ec6c100deb103e8a2,4a57ac64-c56a-5998-bab1-e7d705e6bec1,POL-REVIEW-001,pass,allow,The diagnosis contains no human-review flag.,synthetic_operational
f889e9f2b69b7ecdde7ba29f4bce9303d72c9af5250af4bd49550ff2ca3e22fc,762270c2-c709-5a36-af46-84b88e673379,POL-SCOPE-001,fail,escalate,Category 'general_enquiry' is outside policy scope and requires human routing.,synthetic_operational
0b205f4d2f9f57a0cd67b90013590618ceb6d5777e056749d9ea95cceee5aeaa,762270c2-c709-5a36-af46-84b88e673379,POL-ACTION-001,pass,allow,Action 'create_draft_work_order' is permitted as a draft-only action.,synthetic_operational
762e1e36f9397ecc6ec7732529eaeebce753ee758c38af8051119e2a0f7f5cc7,762270c2-c709-5a36-af46-84b88e673379,POL-LOCATION-001,not_applicable,allow,The policy has no coordinate rule for category 'general_enquiry'.,synthetic_operational
78dc832809f1f8bfa43555f851fbef653fd5a77f4768103ca2d5eb151a11b721,762270c2-c709-5a36-af46-84b88e673379,POL-ASSET-001,not_applicable,allow,The policy has no asset-match rule for category 'general_enquiry'.,synthetic_operational
bdd1c0ae34045c0d081cdd66bde7b31ab418de8ecbf3bb4ada2d57bd358b4bb6,762270c2-c709-5a36-af46-84b88e673379,POL-SAFETY-001,pass,allow,Priority P4 does not trigger the emergency escalation rule.,synthetic_operational
a9e31100f7a12b7cab87d05b4f4944cd79a57218c6bea7a7a9e2c5cd354f1b4c,762270c2-c709-5a36-af46-84b88e673379,POL-CONFIDENCE-001,fail,escalate,Category confidence 0.30 is below the 0.70 threshold.,synthetic_operational
fde928f6bcc76887ebed8f93a0133e9f1eb881fa4cff16df1c3a94ec4ae244ba,762270c2-c709-5a36-af46-84b88e673379,POL-REVIEW-001,fail,escalate,The diagnosis contains a human-review flag.,synthetic_operational
5d2a619be06611498e4c07d41128f2266bb60f1555cdb68cd36586b62a4a640b,2434759b-0899-5ec1-a231-d8856cc3e89d,POL-SCOPE-001,pass,allow,Category 'waste_litter' is within the demonstration policy scope.,synthetic_operational
772df8d425a60a98796bfc96ecc6779825c3430797092279a9e7ae3d872435e7,2434759b-0899-5ec1-a231-d8856cc3e89d,POL-ACTION-001,pass,allow,Action 'create_draft_work_order' is permitted as a draft-only action.,synthetic_operational
7a34b43ba82c4633e4a332b9b88c471eb9f1e418009972ec548531ba8c567b83,2434759b-0899-5ec1-a231-d8856cc3e89d,POL-LOCATION-001,pass,allow,Required latitude and longitude were supplied.,synthetic_operational
36cfea0f190f53c5aecb354db931adcf70cccc651dae1e9b0552c3cd7f4227e8,2434759b-0899-5ec1-a231-d8856cc3e89d,POL-ASSET-001,fail,escalate,No public litter-bin asset was found within 500 metres; human verification is required.,synthetic_operational
f7305ba33fde2a6f5bd7a6afee085d8c0fef970ab0a40ddad62bed8d72e26900,2434759b-0899-5ec1-a231-d8856cc3e89d,POL-SAFETY-001,pass,allow,Priority P3 does not trigger the emergency escalation rule.,synthetic_operational
d7bd1ff5c761c38bb1d2f26b3ed4da2970726320c6b8e4362afa312b602b5bba,2434759b-0899-5ec1-a231-d8856cc3e89d,POL-CONFIDENCE-001,pass,allow,Category confidence 0.95 meets the 0.70 threshold.,synthetic_operational
fe03f5d26149f2810123562889dcb4e29c857044194548d966b47d95914f1629,2434759b-0899-5ec1-a231-d8856cc3e89d,POL-REVIEW-001,fail,escalate,The diagnosis contains a human-review flag.,synthetic_operational
6d196503aa6a641d47abbd865096f0e5d835f17fc47d7feded0404bc4b19099e,c0505261-4463-5ed4-9ab0-0e508c5f4300,POL-SCOPE-001,fail,escalate,Category 'roads_footpaths' is outside policy scope and requires human routing.,synthetic_operational
32a02ffaf38232850f03b28a38fa8d45b5142e5680016c106f3e84e0b83e8170,c0505261-4463-5ed4-9ab0-0e508c5f4300,POL-ACTION-001,pass,allow,Action 'create_draft_work_order' is permitted as a draft-only action.,synthetic_operational
4752f584f22500972b390fdbff81997a4544ccd69841816f858bcd4ec5207c15,c0505261-4463-5ed4-9ab0-0e508c5f4300,POL-LOCATION-001,not_applicable,allow,The policy has no coordinate rule for category 'roads_footpaths'.,synthetic_operational
fac044cfe2c9d4a393454ef73b6b0f62c52e71311c6b1d3494913bc33595832d,c0505261-4463-5ed4-9ab0-0e508c5f4300,POL-ASSET-001,not_applicable,allow,The policy has no asset-match rule for category 'roads_footpaths'.,synthetic_operational
ea2f1f1a44fee31f389dbbb3f03891e9114f6c69a37b1957ece9c82ceb1ea4ff,c0505261-4463-5ed4-9ab0-0e508c5f4300,POL-SAFETY-001,pass,allow,Priority P2 does not trigger the emergency escalation rule.,synthetic_operational
c1146f5ce4842ba7fa36998fb11ce2dcc8e78eb96ec839502e44a4b3ad7f7424,c0505261-4463-5ed4-9ab0-0e508c5f4300,POL-CONFIDENCE-001,pass,allow,Category confidence 0.82 meets the 0.70 threshold.,synthetic_operational
5d65c3b4813013c5cac15015812fd43425771bf5146e924259dfc382b1a46125,c0505261-4463-5ed4-9ab0-0e508c5f4300,POL-REVIEW-001,pass,allow,The diagnosis contains no human-review flag.,synthetic_operational
aee650bf0e91a6ec783137a1d3ea0e4acb5f6d7da1748b3f8f9d9f57c9e1057d,b7b75b15-3876-55e8-8222-88ee2db4f0a9,POL-SCOPE-001,pass,allow,Category 'waste_litter' is within the demonstration policy scope.,synthetic_operational
a9ccc8724696f4de5496ca10c79894cb0167a6f99f814749a4290d2385229132,b7b75b15-3876-55e8-8222-88ee2db4f0a9,POL-ACTION-001,pass,allow,Action 'create_draft_work_order' is permitted as a draft-only action.,synthetic_operational
fc911af537970008a498fc12826496108d1e5f075d10be0db67288b0267c01e1,b7b75b15-3876-55e8-8222-88ee2db4f0a9,POL-LOCATION-001,pass,allow,Required latitude and longitude were supplied.,synthetic_operational
e646b97db5a080f8274a92f38abd530085a2a08e1a33e5b62442abd704997a20,b7b75b15-3876-55e8-8222-88ee2db4f0a9,POL-ASSET-001,pass,allow,The supplied point matched a public litter-bin asset.,synthetic_operational
3c17610c50771d5e2c323b19cae5dddc39f7d30eef6c388114035ba7126dfa0b,b7b75b15-3876-55e8-8222-88ee2db4f0a9,POL-SAFETY-001,fail,escalate,Priority P1 must be escalated to a human.,synthetic_operational
334084f447cc439fe8438072b87dc61a6e59f0d6cf569050e1ca14b4c03fd169,b7b75b15-3876-55e8-8222-88ee2db4f0a9,POL-CONFIDENCE-001,pass,allow,Category confidence 0.82 meets the 0.70 threshold.,synthetic_operational
65b7d036bc923037763220415d5ecb361e9d095a8c72b430d7b6f57676c55dbe,b7b75b15-3876-55e8-8222-88ee2db4f0a9,POL-REVIEW-001,fail,escalate,The diagnosis contains a human-review flag.,synthetic_operational
2ba21effbc608d92a10a7d80ee7be5ff94b00d31a690dc08b467fe1001f1bb90,9bff6ed9-8ee2-53c2-b3e3-e7339b59acf9,POL-SCOPE-001,pass,allow,Category 'waste_litter' is within the demonstration policy scope.,synthetic_operational
d994e874b92bbdefa346adb3be08901d505c10ce726a8eaaec14ed2f383c8b52,9bff6ed9-8ee2-53c2-b3e3-e7339b59acf9,POL-ACTION-001,pass,allow,Action 'create_draft_work_order' is permitted as a draft-only action.,synthetic_operational
c1b6cfac44f93dcffb7c0764026b7c1aef1548472ca68a72102a0abf0bcbd082,9bff6ed9-8ee2-53c2-b3e3-e7339b59acf9,POL-LOCATION-001,pass,allow,Required latitude and longitude were supplied.,synthetic_operational
957ee408bf9f9e887a11cb72426418974a067ef82686f213307876d4feea22ec,9bff6ed9-8ee2-53c2-b3e3-e7339b59acf9,POL-ASSET-001,pass,allow,The supplied point matched a public litter-bin asset.,synthetic_operational
6d91714dbc9ddc35182d5fec01b048348000b47cf2318fdddf326751dd47f547,9bff6ed9-8ee2-53c2-b3e3-e7339b59acf9,POL-SAFETY-001,pass,allow,Priority P3 does not trigger the emergency escalation rule.,synthetic_operational
95daa1593a7079295d628163f2d5568358b03cfd28e48b3f435599241b3719ec,9bff6ed9-8ee2-53c2-b3e3-e7339b59acf9,POL-CONFIDENCE-001,pass,allow,Category confidence 0.95 meets the 0.70 threshold.,synthetic_operational
1839fb46fc17a90e3dfdfae29f650d291641faf4594fa1d3c4b69d9651edb530,9bff6ed9-8ee2-53c2-b3e3-e7339b59acf9,POL-REVIEW-001,pass,allow,The diagnosis contains no human-review flag.,synthetic_operational
1c932506cb795a3dc61cec4c1c7d1903a2be9c44717dd8117cb44b8337523ffb,a20c4ef3-43ea-518d-bb1e-cff3a9526d6b,POL-SCOPE-001,pass,allow,Category 'waste_litter' is within the demonstration policy scope.,synthetic_operational
ef837ca2a1319d32a8c5f84cc0843c0447844b76a5a66b69f17f32076569bd1e,a20c4ef3-43ea-518d-bb1e-cff3a9526d6b,POL-ACTION-001,pass,allow,Action 'create_draft_work_order' is permitted as a draft-only action.,synthetic_operational
be6f002eedaecb49fd2879057c7b4c279488669e9f128e52cd7757f0e2f393c5,a20c4ef3-43ea-518d-bb1e-cff3a9526d6b,POL-LOCATION-001,pass,allow,Required latitude and longitude were supplied.,synthetic_operational
5ab670797577e9f5e3a58c86de1fd621bab8d174d12868bd76a632f8f1e98dcd,a20c4ef3-43ea-518d-bb1e-cff3a9526d6b,POL-ASSET-001,pass,allow,The supplied point matched a public litter-bin asset.,synthetic_operational
7a13cc163dc3a59ad643a548cd0c6eb759a89303fb806c1f2a0f6b3ad546fef9,a20c4ef3-43ea-518d-bb1e-cff3a9526d6b,POL-SAFETY-001,pass,allow,Priority P3 does not trigger the emergency escalation rule.,synthetic_operational
3184ba63a6e150c3f4e62c24d6a48808bbc99ab30e50dd806ee510cf345b36c5,a20c4ef3-43ea-518d-bb1e-cff3a9526d6b,POL-CONFIDENCE-001,pass,allow,Category confidence 0.95 meets the 0.70 threshold.,synthetic_operational
a7c10efa454a82bd38e97b08babe508c83055c7b5bc33046a957d33af23b368c,a20c4ef3-43ea-518d-bb1e-cff3a9526d6b,POL-REVIEW-001,pass,allow,The diagnosis contains no human-review flag.,synthetic_operational
171a4b8378b58917d91f672eef46a5fd8e27366e972107466753031a437c4b81,82caf8b6-0bd2-5054-aa9e-284a767a6512,POL-SCOPE-001,pass,allow,Category 'waste_litter' is within the demonstration policy scope.,synthetic_operational
4da89f6f605a2369a21d9b4f2a5b0c4bf7e9d7aa95ca156bbcc22b220444428c,82caf8b6-0bd2-5054-aa9e-284a767a6512,POL-ACTION-001,fail,reject,Action 'close_live_case' is not permitted by this policy version.,synthetic_operational
6a0b78ae7efd0d5f7fd5c5ee02f94a309ed1b5eb4ca0541eab47e12742d9aca9,82caf8b6-0bd2-5054-aa9e-284a767a6512,POL-LOCATION-001,pass,allow,Required latitude and longitude were supplied.,synthetic_operational
3ec51f4a565731dc8c7d73437e6b149d32fc02a866f9b062bc0967c4bcc90923,82caf8b6-0bd2-5054-aa9e-284a767a6512,POL-ASSET-001,pass,allow,The supplied point matched a public litter-bin asset.,synthetic_operational
36dc84161f61e0ba4ca7917cce6c929d95de78a977ef6e7ddb2f5266798749b1,82caf8b6-0bd2-5054-aa9e-284a767a6512,POL-SAFETY-001,pass,allow,Priority P2 does not trigger the emergency escalation rule.,synthetic_operational
448fa908f63db965e39f51f4a9de32d16894017ead45e17a7ef9a087b1ab6d83,82caf8b6-0bd2-5054-aa9e-284a767a6512,POL-CONFIDENCE-001,pass,allow,Category confidence 0.95 meets the 0.70 threshold.,synthetic_operational
9efb243725fcfe70eb0e5aae35260b113db0d2c97101b5496ada4ff12edc95c2,82caf8b6-0bd2-5054-aa9e-284a767a6512,POL-REVIEW-001,pass,allow,The diagnosis contains no human-review flag.,synthetic_operational
b66934bb07004a05a15ea9f064d562ff69e8b93786c03326c702eae7ae750b1f,19e4c7f0-7655-58e8-8e96-4a87979fcc86,POL-SCOPE-001,pass,allow,Category 'waste_litter' is within the demonstration policy scope.,synthetic_operational
72eee0fd76eff63b42c9dc199da0585ee09cb7adee822ded5e747f0d99bb293d,19e4c7f0-7655-58e8-8e96-4a87979fcc86,POL-ACTION-001,pass,allow,Action 'create_draft_work_order' is permitted as a draft-only action.,synthetic_operational
5a9a8ce837d4d45a49ad9f712cf59ad8b8e3be2301682ec87232beeafa81f2a6,19e4c7f0-7655-58e8-8e96-4a87979fcc86,POL-LOCATION-001,pass,allow,Required latitude and longitude were supplied.,synthetic_operational
44ed2b008676b09f86d59502679512c799c0c5a7b0f177bf02d1cecf1fcb5279,19e4c7f0-7655-58e8-8e96-4a87979fcc86,POL-ASSET-001,pass,allow,The supplied point matched a public litter-bin asset.,synthetic_operational
a34ba2fcfc66d849d141cacc7bc4fabc85ee3edec8837e892292ce0b5d06a4cd,19e4c7f0-7655-58e8-8e96-4a87979fcc86,POL-SAFETY-001,pass,allow,Priority P2 does not trigger the emergency escalation rule.,synthetic_operational
401b93706844ae04a4537684075cd3306b81f00bf3fa75f0ca3c05abc265af95,19e4c7f0-7655-58e8-8e96-4a87979fcc86,POL-CONFIDENCE-001,pass,allow,Category confidence 0.95 meets the 0.70 threshold.,synthetic_operational
38fea20ec078deb712b41232ff1e1a601597416839d32449f3ea21b8cdb79f9d,19e4c7f0-7655-58e8-8e96-4a87979fcc86,POL-REVIEW-001,pass,allow,The diagnosis contains no human-review flag.,synthetic_operational
b0a3ef91c1eb66acaa8774154d059114720e794c042fede1a9ebb80768c2a7e1,b08ef180-0758-5c49-96ea-af3f65aa73ee,POL-SCOPE-001,pass,allow,Category 'waste_litter' is within the demonstration policy scope.,synthetic_operational
5662ef7bacdfd9820b6a5700889e0c931f593ac87f8d26fcebe36de263cbb896,b08ef180-0758-5c49-96ea-af3f65aa73ee,POL-ACTION-001,pass,allow,Action 'create_draft_work_order' is permitted as a draft-only action.,synthetic_operational
cc432f321ed81e9d09f145802c91301eb1c081d45e8390cd6cc8f967dcec5947,b08ef180-0758-5c49-96ea-af3f65aa73ee,POL-LOCATION-001,pass,allow,Required latitude and longitude were supplied.,synthetic_operational
8c16e752a2f74a95526c0a77c51ce98fc530859a5def6c811bc0910f05dc8709,b08ef180-0758-5c49-96ea-af3f65aa73ee,POL-ASSET-001,pass,allow,The supplied point matched a public litter-bin asset.,synthetic_operational
828994618c6778d353233e366f6577190fee710820bb27bf3c3f0992b4871523,b08ef180-0758-5c49-96ea-af3f65aa73ee,POL-SAFETY-001,pass,allow,Priority P3 does not trigger the emergency escalation rule.,synthetic_operational
4fa5db8609210947bccdc4d3fcfcad7ad467b9c0e1424e52f9164c947edfa3f3,b08ef180-0758-5c49-96ea-af3f65aa73ee,POL-CONFIDENCE-001,pass,allow,Category confidence 0.95 meets the 0.70 threshold.,synthetic_operational
2a24706d228a73695b30ca434e72eed4604454de046ac149bda71fcea55da04b,b08ef180-0758-5c49-96ea-af3f65aa73ee,POL-REVIEW-001,pass,allow,The diagnosis contains no human-review flag.,synthetic_operational
29c9378ca1a3e93e5feca3a3dc7d7855df6a0cbaedbc2bf396bb71e45fe43d61,093d327b-8f68-5dba-b886-964797a59781,POL-SCOPE-001,pass,allow,Category 'waste_litter' is within the demonstration policy scope.,synthetic_operational
8266ce94bb52cc2218545c2593742364fda2be03d3fa1bd73dd2e48b12c1b3f8,093d327b-8f68-5dba-b886-964797a59781,POL-ACTION-001,pass,allow,Action 'create_draft_work_order' is permitted as a draft-only action.,synthetic_operational
00096d76142923e965db8f463a140debfd9276ca694b85309e6863a7516bb96c,093d327b-8f68-5dba-b886-964797a59781,POL-LOCATION-001,fail,reject,Latitude and longitude are required for a waste/litter draft action.,synthetic_operational
767ea4af4bc7af6211bdadc8e05008c28ebf2aca1cca9866dc738a4f55ba8380,093d327b-8f68-5dba-b886-964797a59781,POL-ASSET-001,not_applicable,allow,Asset matching cannot be evaluated until coordinates are supplied.,synthetic_operational
3f129c6bfda7ad8370ef53d40ec786393a2ea14611742b403cdb0f6de1237c29,093d327b-8f68-5dba-b886-964797a59781,POL-SAFETY-001,pass,allow,Priority P3 does not trigger the emergency escalation rule.,synthetic_operational
c9c694ce63e066e2d00c01fc6045593227a94f5897f13d44e6b1971ae4d23203,093d327b-8f68-5dba-b886-964797a59781,POL-CONFIDENCE-001,pass,allow,Category confidence 0.95 meets the 0.70 threshold.,synthetic_operational
b1d62a7bc4dfccdfbf5c2b9dd3f270e6c2152e4eac3f83361b3f2272b7c4b054,093d327b-8f68-5dba-b886-964797a59781,POL-REVIEW-001,pass,allow,The diagnosis contains no human-review flag.,synthetic_operational
cafcf5fb0d799f3e9e110c73ca5a818f43933737d1217fb1a95b9527f8f7cc2d,2b0258a0-ae31-5145-b52e-e906ee6f268e,POL-SCOPE-001,fail,escalate,Category 'general_enquiry' is outside policy scope and requires human routing.,synthetic_operational
30c1dce0dd5fdbe612e8ed86f2057a195149dd3205a1d78d2229bfd5b07450a2,2b0258a0-ae31-5145-b52e-e906ee6f268e,POL-ACTION-001,pass,allow,Action 'create_draft_work_order' is permitted as a draft-only action.,synthetic_operational
ef69d33a30da0517af26d9ce1c8ac5d040557e15ab866666f45f842fea0b9035,2b0258a0-ae31-5145-b52e-e906ee6f268e,POL-LOCATION-001,not_applicable,allow,The policy has no coordinate rule for category 'general_enquiry'.,synthetic_operational
1120f26f4358f5f47d42a4687ff43d05184739e8778c4385b321835a79ccfa6c,2b0258a0-ae31-5145-b52e-e906ee6f268e,POL-ASSET-001,not_applicable,allow,The policy has no asset-match rule for category 'general_enquiry'.,synthetic_operational
4ce38568705fb24258942bc15d13f45a254fca984336765d32240305d1c881fe,2b0258a0-ae31-5145-b52e-e906ee6f268e,POL-SAFETY-001,pass,allow,Priority P4 does not trigger the emergency escalation rule.,synthetic_operational
1b35ff20d41edffda9ab9a725767dddda56984f1c8c8132987f7db74fdfad785,2b0258a0-ae31-5145-b52e-e906ee6f268e,POL-CONFIDENCE-001,fail,escalate,Category confidence 0.30 is below the 0.70 threshold.,synthetic_operational
4637e5b76e5e9db8bff2f46b87d5b519f8d64fdcef404c95b4c9b83a3966b044,2b0258a0-ae31-5145-b52e-e906ee6f268e,POL-REVIEW-001,fail,escalate,The diagnosis contains a human-review flag.,synthetic_operational
4689058a105aeefcc07280dbc042faac95a4450cc044c940d5f94da52dc5628d,b0afd50e-e305-5ab5-9912-ddb79f7d39a4,POL-SCOPE-001,pass,allow,Category 'waste_litter' is within the demonstration policy scope.,synthetic_operational
ba1764e371ccf4db7c3cefe994cead0f50c6bd9e352b18916701f1e7bdbd3771,b0afd50e-e305-5ab5-9912-ddb79f7d39a4,POL-ACTION-001,pass,allow,Action 'create_draft_work_order' is permitted as a draft-only action.,synthetic_operational
6115f67745fd8bd960bd0eefa0602b0b082390758dcb01baf291c2c6eee7ecb4,b0afd50e-e305-5ab5-9912-ddb79f7d39a4,POL-LOCATION-001,pass,allow,Required latitude and longitude were supplied.,synthetic_operational
2928679e8ea349a37e49ea77a36fe7a10301e731eb1dd46496d863c916e12a98,b0afd50e-e305-5ab5-9912-ddb79f7d39a4,POL-ASSET-001,fail,escalate,No public litter-bin asset was found within 500 metres; human verification is required.,synthetic_operational
9b5bed80a380fd08f70ea9e539639270eb3b64cc02ab3bfb2482d7f279d538c5,b0afd50e-e305-5ab5-9912-ddb79f7d39a4,POL-SAFETY-001,pass,allow,Priority P3 does not trigger the emergency escalation rule.,synthetic_operational
edddb793042129630d88c2f3162c1fd291cd24c7aa55813538d2756028848434,b0afd50e-e305-5ab5-9912-ddb79f7d39a4,POL-CONFIDENCE-001,pass,allow,Category confidence 0.95 meets the 0.70 threshold.,synthetic_operational
b823444ae6d5f90b6e8e6ec80fe11b5a00e5883a02b236607e6d7c98932ea531,b0afd50e-e305-5ab5-9912-ddb79f7d39a4,POL-REVIEW-001,fail,escalate,The diagnosis contains a human-review flag.,synthetic_operational
81861abd9b7bbb9b76e7aff7a1dbe66da0d0ef5a211e9ef8125fda064235e071,1a05ef45-faef-59ae-ac16-5942f5bb46fc,POL-SCOPE-001,fail,escalate,Category 'roads_footpaths' is outside policy scope and requires human routing.,synthetic_operational
b682538cabd7401b491dee5b5c82ce0ab7faf093f63ef2d94fdf14ac3f129f36,1a05ef45-faef-59ae-ac16-5942f5bb46fc,POL-ACTION-001,pass,allow,Action 'create_draft_work_order' is permitted as a draft-only action.,synthetic_operational
ed95a9008aff3d490d737f9c4ecc069ac65362ef005c1bca8fb17b146a6e6969,1a05ef45-faef-59ae-ac16-5942f5bb46fc,POL-LOCATION-001,not_applicable,allow,The policy has no coordinate rule for category 'roads_footpaths'.,synthetic_operational
a8a84b15b40971deb266bca0cb6f9a03277c48f29c634209cf89660dd7289395,1a05ef45-faef-59ae-ac16-5942f5bb46fc,POL-ASSET-001,not_applicable,allow,The policy has no asset-match rule for category 'roads_footpaths'.,synthetic_operational
e2aceb29552d62a0f4ec77a971456261ca2247159b8fe4815292e1656d6f0b86,1a05ef45-faef-59ae-ac16-5942f5bb46fc,POL-SAFETY-001,pass,allow,Priority P2 does not trigger the emergency escalation rule.,synthetic_operational
49042a3d928ec57128fac581579570a866c8b8fa0cc5e172132be2aff9a6f05e,1a05ef45-faef-59ae-ac16-5942f5bb46fc,POL-CONFIDENCE-001,pass,allow,Category confidence 0.82 meets the 0.70 threshold.,synthetic_operational
7e394499cab82ca9c448540c7a7b433ba55496de66910561238312731272f60c,1a05ef45-faef-59ae-ac16-5942f5bb46fc,POL-REVIEW-001,pass,allow,The diagnosis contains no human-review flag.,synthetic_operational
35d03869077db8a43b3fb5bde292fe4e64889d8bc5fef4eee027c0b5012a4d84,4ab599e1-c12a-5a14-96c9-a602136f8954,POL-SCOPE-001,pass,allow,Category 'waste_litter' is within the demonstration policy scope.,synthetic_operational
cae9d560dd0413e5ba0f4ab2fc59eb66f0a8e49b2903012e772f4057cd8ab5f6,4ab599e1-c12a-5a14-96c9-a602136f8954,POL-ACTION-001,pass,allow,Action 'create_draft_work_order' is permitted as a draft-only action.,synthetic_operational
a12cf3d6f3e5846336950c3472ebc0cce1c85a68058af297b5c753e6612b18ac,4ab599e1-c12a-5a14-96c9-a602136f8954,POL-LOCATION-001,pass,allow,Required latitude and longitude were supplied.,synthetic_operational
3bfe68ecacfb6e87c625b0e4f9adc8f573908fa828f7350efa72c38e33f8ae37,4ab599e1-c12a-5a14-96c9-a602136f8954,POL-ASSET-001,pass,allow,The supplied point matched a public litter-bin asset.,synthetic_operational
8bc972985a274d5fb2ced1f45fda748901b95c7b1b6e1b8a84ce7b85d60b4040,4ab599e1-c12a-5a14-96c9-a602136f8954,POL-SAFETY-001,fail,escalate,Priority P1 must be escalated to a human.,synthetic_operational
2f6f025345aac6e0c9bebe297b9b289613bfc42ae5edec3d81d029207743f9c1,4ab599e1-c12a-5a14-96c9-a602136f8954,POL-CONFIDENCE-001,pass,allow,Category confidence 0.82 meets the 0.70 threshold.,synthetic_operational
b4a50b4e31908021c124e8a910f65430c323613361035fbfca0d65bcdc879b45,4ab599e1-c12a-5a14-96c9-a602136f8954,POL-REVIEW-001,fail,escalate,The diagnosis contains a human-review flag.,synthetic_operational
b7902460a4b671a4e436fc519f8b459632ac5a8ff9b8af264781a6feb9c4b6c0,d460f27b-262c-50b4-b096-27537dda10c2,POL-SCOPE-001,pass,allow,Category 'waste_litter' is within the demonstration policy scope.,synthetic_operational
074241e038766ed55445661cdabaf015684aeb1566acbb7e76166a262e177add,d460f27b-262c-50b4-b096-27537dda10c2,POL-ACTION-001,pass,allow,Action 'create_draft_work_order' is permitted as a draft-only action.,synthetic_operational
6b7de510766e83d2e0147ece8983527591aef310b2865a88056acd1b35d9c95e,d460f27b-262c-50b4-b096-27537dda10c2,POL-LOCATION-001,pass,allow,Required latitude and longitude were supplied.,synthetic_operational
9afc7c8d31d468ebd4bfd232b917c1c6c053b7d05700e74477e21210c40f8294,d460f27b-262c-50b4-b096-27537dda10c2,POL-ASSET-001,pass,allow,The supplied point matched a public litter-bin asset.,synthetic_operational
ab5c0a0c4ee36e2ca097363f3c7b4e4c33f46fb22470b148d6ef80d3784e23ae,d460f27b-262c-50b4-b096-27537dda10c2,POL-SAFETY-001,pass,allow,Priority P3 does not trigger the emergency escalation rule.,synthetic_operational
404e962973717b51c718f33bd72072d7dba22835f153bcc29b476a94eaf20d03,d460f27b-262c-50b4-b096-27537dda10c2,POL-CONFIDENCE-001,pass,allow,Category confidence 0.95 meets the 0.70 threshold.,synthetic_operational
3c6c642fb4de79816a02a1e5ec0ca5f5f68ece81c83c2c35664ad2f181916e4d,d460f27b-262c-50b4-b096-27537dda10c2,POL-REVIEW-001,pass,allow,The diagnosis contains no human-review flag.,synthetic_operational
ab502e5ae8d486577625ec8424741b8c00bcc09d85d88a9cc720226a73969918,7d82cb4d-e70b-5161-bbdc-7ace4c835871,POL-SCOPE-001,pass,allow,Category 'waste_litter' is within the demonstration policy scope.,synthetic_operational
675c02b41ae8064ad38f3745df51642ebef196dae995bb204815afddefa45a6e,7d82cb4d-e70b-5161-bbdc-7ace4c835871,POL-ACTION-001,pass,allow,Action 'create_draft_work_order' is permitted as a draft-only action.,synthetic_operational
95a582c44ec2251faea4ebaac6535474cc0ee5f0f04d1aa7e3e8a50c2d0fadcd,7d82cb4d-e70b-5161-bbdc-7ace4c835871,POL-LOCATION-001,pass,allow,Required latitude and longitude were supplied.,synthetic_operational
ae0dcdfb268b988a6651aba9eeac6889e1c6a665f6cdc543c216ecb1e0e8cff8,7d82cb4d-e70b-5161-bbdc-7ace4c835871,POL-ASSET-001,pass,allow,The supplied point matched a public litter-bin asset.,synthetic_operational
abaa5ff1d7c8fb0e73815634cc04dc184ecfa6b65cea92fa24738b7229089268,7d82cb4d-e70b-5161-bbdc-7ace4c835871,POL-SAFETY-001,pass,allow,Priority P3 does not trigger the emergency escalation rule.,synthetic_operational
16cadaa69221c58ec0c0cae567b229f7cd8a2f32260a3ceecec223c2eb65edf4,7d82cb4d-e70b-5161-bbdc-7ace4c835871,POL-CONFIDENCE-001,pass,allow,Category confidence 0.95 meets the 0.70 threshold.,synthetic_operational
be867b1dd87a2ffb564b7f11f369a4bd171846ddf325d4fab3caa6db541c8cab,7d82cb4d-e70b-5161-bbdc-7ace4c835871,POL-REVIEW-001,pass,allow,The diagnosis contains no human-review flag.,synthetic_operational
f508f07df664f0a7a21bd312bea353aae35e230d9c959d3846df8f390df114fa,1125a903-fe8b-5ac3-b33f-25b89a892ef4,POL-SCOPE-001,pass,allow,Category 'waste_litter' is within the demonstration policy scope.,synthetic_operational
ddf5477e8af08fc2f241e87501eebbe4758a82cac6aacce324aa37eafb8a6242,1125a903-fe8b-5ac3-b33f-25b89a892ef4,POL-ACTION-001,fail,reject,Action 'close_live_case' is not permitted by this policy version.,synthetic_operational
8066db633bb1c1c1cf6a78bfaaba52f5f0802ac9ba375495d9c594caff074879,1125a903-fe8b-5ac3-b33f-25b89a892ef4,POL-LOCATION-001,pass,allow,Required latitude and longitude were supplied.,synthetic_operational
4e9194aafbc1f1605e71e16dc3511f9768a5f37c9570bdef0f36fdf4ba52db7c,1125a903-fe8b-5ac3-b33f-25b89a892ef4,POL-ASSET-001,pass,allow,The supplied point matched a public litter-bin asset.,synthetic_operational
c75e0c48dcb253c5798b62c6d503b84e343d9d289f2d687d74f5a92ef0d7e98e,1125a903-fe8b-5ac3-b33f-25b89a892ef4,POL-SAFETY-001,pass,allow,Priority P2 does not trigger the emergency escalation rule.,synthetic_operational
412ff530b9217191c1f995e126b4c216b3723fffc87c817f20e873ddceae6fe0,1125a903-fe8b-5ac3-b33f-25b89a892ef4,POL-CONFIDENCE-001,pass,allow,Category confidence 0.95 meets the 0.70 threshold.,synthetic_operational
0b7573897bd94fa6e4e7582e7bbdbdbb17c39cea9887752b8fabcb19e658739b,1125a903-fe8b-5ac3-b33f-25b89a892ef4,POL-REVIEW-001,pass,allow,The diagnosis contains no human-review flag.,synthetic_operational
e10838e94c437263fa0d810cd3627e7304f017335c376c6f5f4dd778eeb22d1b,700448d0-e53b-586e-b318-3f978fff0c74,POL-SCOPE-001,pass,allow,Category 'waste_litter' is within the demonstration policy scope.,synthetic_operational
621e337178e378a2866a665d884d39ae92a8bf0d8178ad870a500fa070fdab73,700448d0-e53b-586e-b318-3f978fff0c74,POL-ACTION-001,pass,allow,Action 'create_draft_work_order' is permitted as a draft-only action.,synthetic_operational
717d02db45ad982d87628d78e60ce56a8d3b85d18d5e093d74eca435b61b36c8,700448d0-e53b-586e-b318-3f978fff0c74,POL-LOCATION-001,pass,allow,Required latitude and longitude were supplied.,synthetic_operational
c2ad2ee29d0de580a9da57badb5d6109d0324034cdc8d063190c0c01b46eefab,700448d0-e53b-586e-b318-3f978fff0c74,POL-ASSET-001,pass,allow,The supplied point matched a public litter-bin asset.,synthetic_operational
74b1411edaed7a2daef91c5e4a815e7b8f69871b796524e7769c3e7e7c4f8776,700448d0-e53b-586e-b318-3f978fff0c74,POL-SAFETY-001,pass,allow,Priority P2 does not trigger the emergency escalation rule.,synthetic_operational
ee6d79c78f489320a66a35dd0b258afa9cb1ff4722ff6a6c7f1f0f4f9440c6fa,700448d0-e53b-586e-b318-3f978fff0c74,POL-CONFIDENCE-001,pass,allow,Category confidence 0.95 meets the 0.70 threshold.,synthetic_operational
af1d63f7fcc1c827246142560f771455edf10f11678db81a53888f7efc2a68b0,700448d0-e53b-586e-b318-3f978fff0c74,POL-REVIEW-001,pass,allow,The diagnosis contains no human-review flag.,synthetic_operational
00f21e6afea2ca34e784da78573bde8d82428cf6eb9e543d6d8a4ca6b1004323,4982d206-7170-5c14-be71-d24014d7a5cf,POL-SCOPE-001,pass,allow,Category 'waste_litter' is within the demonstration policy scope.,synthetic_operational
5493687c910b0589edfa9eacdac1580c4bd075e0d5730bdcb1a9f1636286ed8b,4982d206-7170-5c14-be71-d24014d7a5cf,POL-ACTION-001,pass,allow,Action 'create_draft_work_order' is permitted as a draft-only action.,synthetic_operational
5bbaff27e19ed411e2184848566ce6ebed696813c47426ae71937a837f777268,4982d206-7170-5c14-be71-d24014d7a5cf,POL-LOCATION-001,pass,allow,Required latitude and longitude were supplied.,synthetic_operational
48b96330d478e2842dd0b5177a615b8ea3034a709d33c665d4a8f1bc0e08a10b,4982d206-7170-5c14-be71-d24014d7a5cf,POL-ASSET-001,pass,allow,The supplied point matched a public litter-bin asset.,synthetic_operational
35cebe42734ff9f3dde218af910563e282afc4bd875b307bba4b97c1b8116494,4982d206-7170-5c14-be71-d24014d7a5cf,POL-SAFETY-001,pass,allow,Priority P3 does not trigger the emergency escalation rule.,synthetic_operational
eeacf05dd36e725eccfac17a5770d8be12de24f01b9b540fbadaa96767b13e34,4982d206-7170-5c14-be71-d24014d7a5cf,POL-CONFIDENCE-001,pass,allow,Category confidence 0.95 meets the 0.70 threshold.,synthetic_operational
27e803ee12173ca7fe25d5fa7a8dd323e069952a268689da7a3edc033903132d,4982d206-7170-5c14-be71-d24014d7a5cf,POL-REVIEW-001,pass,allow,The diagnosis contains no human-review flag.,synthetic_operational
6d7ec3c6442f1b7abb4c64d7c31de65401b76d0468a4aea00c4c9ad94115df46,c2838c13-5a58-5173-a6a6-a903d07351df,POL-SCOPE-001,pass,allow,Category 'waste_litter' is within the demonstration policy scope.,synthetic_operational
c4db04e0502ceb104b4b247cec2910e5b63cc87ce554091ae426ac35a8d9a68c,c2838c13-5a58-5173-a6a6-a903d07351df,POL-ACTION-001,pass,allow,Action 'create_draft_work_order' is permitted as a draft-only action.,synthetic_operational
ce1c821cc0770196dcb9f3aff388b08eda9e918eb1d4424497d25863ea13ad8b,c2838c13-5a58-5173-a6a6-a903d07351df,POL-LOCATION-001,fail,reject,Latitude and longitude are required for a waste/litter draft action.,synthetic_operational
faa50a49178f2cb4c0a4927cb7bac452f727a664335be0b3280551bdbb203242,c2838c13-5a58-5173-a6a6-a903d07351df,POL-ASSET-001,not_applicable,allow,Asset matching cannot be evaluated until coordinates are supplied.,synthetic_operational
2e3186e4a18b37b43fe5a493cec1155fcf27ef39465b2b3ec9ea6ac96e1dfeea,c2838c13-5a58-5173-a6a6-a903d07351df,POL-SAFETY-001,pass,allow,Priority P3 does not trigger the emergency escalation rule.,synthetic_operational
897a7accd8f2d6f5b097d500d4d3fdb651f81d98caa4844083732f2b06c80916,c2838c13-5a58-5173-a6a6-a903d07351df,POL-CONFIDENCE-001,pass,allow,Category confidence 0.95 meets the 0.70 threshold.,synthetic_operational
03dba73717ffa96e72feb64f216c5864d5c02c3193e923bb8710cac1b017e549,c2838c13-5a58-5173-a6a6-a903d07351df,POL-REVIEW-001,pass,allow,The diagnosis contains no human-review flag.,synthetic_operational
a6398d2a65fdebb3f9fcebad472e3fd6c07cb96ce3ad9643ac7e37b1b5288e37,aec766f7-033c-50e7-8d15-735b18662fe4,POL-SCOPE-001,fail,escalate,Category 'general_enquiry' is outside policy scope and requires human routing.,synthetic_operational
815c59b72dc300cf60a53ecd2dfad5449428bc61fb384d7b7b8bb6c8843a9710,aec766f7-033c-50e7-8d15-735b18662fe4,POL-ACTION-001,pass,allow,Action 'create_draft_work_order' is permitted as a draft-only action.,synthetic_operational
1e832ece4e9e6bf57ad6af03f6946e7d5ab3ba0500a0121c3da1ab94ea1f76b5,aec766f7-033c-50e7-8d15-735b18662fe4,POL-LOCATION-001,not_applicable,allow,The policy has no coordinate rule for category 'general_enquiry'.,synthetic_operational
0c1dd7b790c48e07cc3e6112292e4f5f7eb8ee997d11c498d4edcaea1d765679,aec766f7-033c-50e7-8d15-735b18662fe4,POL-ASSET-001,not_applicable,allow,The policy has no asset-match rule for category 'general_enquiry'.,synthetic_operational
505312baea301dd38f9def459077e67015cfa4fe6ec58e66f69c7a0964289e4e,aec766f7-033c-50e7-8d15-735b18662fe4,POL-SAFETY-001,pass,allow,Priority P4 does not trigger the emergency escalation rule.,synthetic_operational
0c12c3696f1ea8edf5068e130f9ba06b8aaead775271ca771976edb0393212a6,aec766f7-033c-50e7-8d15-735b18662fe4,POL-CONFIDENCE-001,fail,escalate,Category confidence 0.30 is below the 0.70 threshold.,synthetic_operational
05640e4a7ffab45bd2d9874e3fe55128e2a20a9041e4d0662f064f261bb4aa61,aec766f7-033c-50e7-8d15-735b18662fe4,POL-REVIEW-001,fail,escalate,The diagnosis contains a human-review flag.,synthetic_operational
a9fe03ea330ef138e3e087631f919727bc56eaf89d29b49856f8b904bf4108c1,29c548b7-6016-57c3-97f3-b0dd139aeea2,POL-SCOPE-001,pass,allow,Category 'waste_litter' is within the demonstration policy scope.,synthetic_operational
9f6b09aa7777760245c24b7c4e1c388b3252b91b00f21c90cd9cd463e89af961,29c548b7-6016-57c3-97f3-b0dd139aeea2,POL-ACTION-001,pass,allow,Action 'create_draft_work_order' is permitted as a draft-only action.,synthetic_operational
faad445495ba8cc23b2ea767efd6164565d2e7719dd249c35e548cc17eeb0a8f,29c548b7-6016-57c3-97f3-b0dd139aeea2,POL-LOCATION-001,pass,allow,Required latitude and longitude were supplied.,synthetic_operational
f69ff5f11c0b17585cf9f741e3787268d2f5f1b7af9606a4fc81ab9c6b253f31,29c548b7-6016-57c3-97f3-b0dd139aeea2,POL-ASSET-001,fail,escalate,No public litter-bin asset was found within 500 metres; human verification is required.,synthetic_operational
cc7ee27c7166687f6a3d6fd9a12b24c327510d75c2e21359196ebbdeb92de87b,29c548b7-6016-57c3-97f3-b0dd139aeea2,POL-SAFETY-001,pass,allow,Priority P3 does not trigger the emergency escalation rule.,synthetic_operational
99827d5f0135c31964b757000a73464619ab6d0ea225f00a8bce5983b033a102,29c548b7-6016-57c3-97f3-b0dd139aeea2,POL-CONFIDENCE-001,pass,allow,Category confidence 0.95 meets the 0.70 threshold.,synthetic_operational
0dd493012fe8f0697321be3ca64501c50bcb662fa64962c625c2445d25d2d580,29c548b7-6016-57c3-97f3-b0dd139aeea2,POL-REVIEW-001,fail,escalate,The diagnosis contains a human-review flag.,synthetic_operational
8d7a4879185f1be2c802fd5d3f29969c97e8f627ebe1717b44b5a48f507db4b8,5101da34-185f-5fa1-85ac-19c7108c03fa,POL-SCOPE-001,fail,escalate,Category 'roads_footpaths' is outside policy scope and requires human routing.,synthetic_operational
b2c1c34ba42105a4ae5c0d05edc26da7e70595f13e4f99321c9ac82c26d6dc06,5101da34-185f-5fa1-85ac-19c7108c03fa,POL-ACTION-001,pass,allow,Action 'create_draft_work_order' is permitted as a draft-only action.,synthetic_operational
7c12183a2021c28a7c752fbd783d7f5d2826410f5df1b720e76359383a197972,5101da34-185f-5fa1-85ac-19c7108c03fa,POL-LOCATION-001,not_applicable,allow,The policy has no coordinate rule for category 'roads_footpaths'.,synthetic_operational
3ee1c05de41e504cae76d0bfef54c5db18c27ec43bf038ba6fa1bccff210da5c,5101da34-185f-5fa1-85ac-19c7108c03fa,POL-ASSET-001,not_applicable,allow,The policy has no asset-match rule for category 'roads_footpaths'.,synthetic_operational
acae6e5121fa23141380a82f307c365e95684473b8653e47eb1c80503a27d6ff,5101da34-185f-5fa1-85ac-19c7108c03fa,POL-SAFETY-001,pass,allow,Priority P2 does not trigger the emergency escalation rule.,synthetic_operational
35863899e1d4f445fe8ed214bd2acc38f3265b9b20fde08846c169ac53afb56e,5101da34-185f-5fa1-85ac-19c7108c03fa,POL-CONFIDENCE-001,pass,allow,Category confidence 0.82 meets the 0.70 threshold.,synthetic_operational
68110beec065677eac9cc550955f32c4fe1a575faf98ba1bc90a1856da5672aa,5101da34-185f-5fa1-85ac-19c7108c03fa,POL-REVIEW-001,pass,allow,The diagnosis contains no human-review flag.,synthetic_operational
faf154fa44a3e3b619b99c0af80afdd8603589ee42bb2c44bf2cdcaf7d814cd5,06a95fac-1f59-5c29-80cf-9ae20549edfa,POL-SCOPE-001,pass,allow,Category 'waste_litter' is within the demonstration policy scope.,synthetic_operational
35427db842a4c420ecd48a42525a63fa6ee4dc10a02f0376b9190ca79f3a6b02,06a95fac-1f59-5c29-80cf-9ae20549edfa,POL-ACTION-001,pass,allow,Action 'create_draft_work_order' is permitted as a draft-only action.,synthetic_operational
02c2ffa7ff04d5147c5f3b5e2110f7130cfd84790cbaed4a6c2e7fb8de044790,06a95fac-1f59-5c29-80cf-9ae20549edfa,POL-LOCATION-001,pass,allow,Required latitude and longitude were supplied.,synthetic_operational
77a019f03db4c6d813e2b80f2543b821c450024ed61378777ac751e6c7a7b56c,06a95fac-1f59-5c29-80cf-9ae20549edfa,POL-ASSET-001,pass,allow,The supplied point matched a public litter-bin asset.,synthetic_operational
ab21217b5e02dc23ec81857a48cd37ff3e201099361fcdb0118e88adc359546f,06a95fac-1f59-5c29-80cf-9ae20549edfa,POL-SAFETY-001,fail,escalate,Priority P1 must be escalated to a human.,synthetic_operational
0071d01e546977b2dd5e12b9549f6db9b054dd3da6d71487b52f27953c37406c,06a95fac-1f59-5c29-80cf-9ae20549edfa,POL-CONFIDENCE-001,pass,allow,Category confidence 0.82 meets the 0.70 threshold.,synthetic_operational
17be0966df1f0b214ebdb564927e1f72eed2c6dab4c0eaf2541a20db20e08ed3,06a95fac-1f59-5c29-80cf-9ae20549edfa,POL-REVIEW-001,fail,escalate,The diagnosis contains a human-review flag.,synthetic_operational
e881cb1bea52b986af49a4f148bb1a7a2228555ec71501e8e07b735a57417ac1,513b1a6a-5e8b-53e6-b8b6-6eee9c6db13f,POL-SCOPE-001,pass,allow,Category 'waste_litter' is within the demonstration policy scope.,synthetic_operational
9ac31bc45ab0c04aeed903c643088af98055ce3a70dc047f5f435fcb13483788,513b1a6a-5e8b-53e6-b8b6-6eee9c6db13f,POL-ACTION-001,pass,allow,Action 'create_draft_work_order' is permitted as a draft-only action.,synthetic_operational
fc85a2100d384bda97c155b1ba993f7898db2a3363fcfccc0be3fcc9c79f4d21,513b1a6a-5e8b-53e6-b8b6-6eee9c6db13f,POL-LOCATION-001,pass,allow,Required latitude and longitude were supplied.,synthetic_operational
a26d0985a4290deb59e1bae2441b7f255963776101623d7e2f813102592bbf61,513b1a6a-5e8b-53e6-b8b6-6eee9c6db13f,POL-ASSET-001,pass,allow,The supplied point matched a public litter-bin asset.,synthetic_operational
93f3a92a7f3c0c991999435b9bbddd6827154a11c6dff9ba0601bbda15600c47,513b1a6a-5e8b-53e6-b8b6-6eee9c6db13f,POL-SAFETY-001,pass,allow,Priority P3 does not trigger the emergency escalation rule.,synthetic_operational
fb5d600eba6db8958a254bf27d3b9fa519bcbe37c4eb47abe10861d86ac97b81,513b1a6a-5e8b-53e6-b8b6-6eee9c6db13f,POL-CONFIDENCE-001,pass,allow,Category confidence 0.95 meets the 0.70 threshold.,synthetic_operational
f54ed40074c0611ec8b379eb666f77f2144edf7f936d5a9eff35b779d1185866,513b1a6a-5e8b-53e6-b8b6-6eee9c6db13f,POL-REVIEW-001,pass,allow,The diagnosis contains no human-review flag.,synthetic_operational
a20a5c8611412b8d08fb479dc87f6f7d10a025af066aca836a4b9a53f319ee38,99d98186-01be-5812-b9ce-fef784cabb88,POL-SCOPE-001,pass,allow,Category 'waste_litter' is within the demonstration policy scope.,synthetic_operational
750f109bb640866c05905edf7c6f17db1fb67549ab48d4182a276a3ac28daeae,99d98186-01be-5812-b9ce-fef784cabb88,POL-ACTION-001,pass,allow,Action 'create_draft_work_order' is permitted as a draft-only action.,synthetic_operational
4cd1a7ac904610fc4893e3b4a78e1d7f5194042384d1db9e4380e8a75e59b023,99d98186-01be-5812-b9ce-fef784cabb88,POL-LOCATION-001,pass,allow,Required latitude and longitude were supplied.,synthetic_operational
08ef36d068205250e8d876ee867473e294823d3c0398c2c2dba8a85c783c2b9f,99d98186-01be-5812-b9ce-fef784cabb88,POL-ASSET-001,pass,allow,The supplied point matched a public litter-bin asset.,synthetic_operational
f58a079dc274e4c97767f0185916c11452547fd9146317c1e4bee569f18bfc26,99d98186-01be-5812-b9ce-fef784cabb88,POL-SAFETY-001,pass,allow,Priority P3 does not trigger the emergency escalation rule.,synthetic_operational
97ea2c0489e5713c867623106e1581661e54f5637e6eb52676f35fb5242950be,99d98186-01be-5812-b9ce-fef784cabb88,POL-CONFIDENCE-001,pass,allow,Category confidence 0.95 meets the 0.70 threshold.,synthetic_operational
d622ecf5f6eee65bc3cfcd0d2e0d8024ddbe1d675a943ddbc6b448df7e8bd557,99d98186-01be-5812-b9ce-fef784cabb88,POL-REVIEW-001,pass,allow,The diagnosis contains no human-review flag.,synthetic_operational
5966d275d6ee31badf4e3b285c74d0d84fa8614ea04157a11fdb8d27410b0a59,ab0426fc-d2af-5814-80ee-5e5a846b49b5,POL-SCOPE-001,pass,allow,Category 'waste_litter' is within the demonstration policy scope.,synthetic_operational
a7bfe145b4b923c9966d48ffbfae3f5f053b193ea3c9789cb7c58d3fd17271c9,ab0426fc-d2af-5814-80ee-5e5a846b49b5,POL-ACTION-001,fail,reject,Action 'close_live_case' is not permitted by this policy version.,synthetic_operational
533a0e5f6b9bfbf172b5245d24af2ef302a9e805a50858a48fde0b2b6e5f4dd1,ab0426fc-d2af-5814-80ee-5e5a846b49b5,POL-LOCATION-001,pass,allow,Required latitude and longitude were supplied.,synthetic_operational
6eb3a3fe497852464484370450af7a9a38dbe0422358f57444cdd047aee475cc,ab0426fc-d2af-5814-80ee-5e5a846b49b5,POL-ASSET-001,pass,allow,The supplied point matched a public litter-bin asset.,synthetic_operational
b2a7f7005985b32fcd6332dfd596817a0ff3bd339bb2cbdb75bd988628b0ad8c,ab0426fc-d2af-5814-80ee-5e5a846b49b5,POL-SAFETY-001,pass,allow,Priority P2 does not trigger the emergency escalation rule.,synthetic_operational
12cc171b01476006438a27d0e500938d64eebbe58a6ddc0c279cd0379ea192f0,ab0426fc-d2af-5814-80ee-5e5a846b49b5,POL-CONFIDENCE-001,pass,allow,Category confidence 0.95 meets the 0.70 threshold.,synthetic_operational
28ff6b7bcf06d7f9330e6f79aaacf98c00c5aedce14cdb8c701df10d263a263c,ab0426fc-d2af-5814-80ee-5e5a846b49b5,POL-REVIEW-001,pass,allow,The diagnosis contains no human-review flag.,synthetic_operational
d097da8182ad28c2e69e02c511e8db23f636a3d1a33418483be3b86fc147b937,2dcab767-d67a-5e03-8335-158037ce3441,POL-SCOPE-001,pass,allow,Category 'waste_litter' is within the demonstration policy scope.,synthetic_operational
7876fcf9c3ff2a8dd55bbc072aa553e47286283440e39a3386daac1e77b25c4b,2dcab767-d67a-5e03-8335-158037ce3441,POL-ACTION-001,pass,allow,Action 'create_draft_work_order' is permitted as a draft-only action.,synthetic_operational
071dddc174baa09fe4152303d7f356494207c8b39a6e46828410573b14eb66b8,2dcab767-d67a-5e03-8335-158037ce3441,POL-LOCATION-001,pass,allow,Required latitude and longitude were supplied.,synthetic_operational
275214a6369cd73702a2b35abf7c1ed11131cbf3cb5bf345d884f3937e6a12a5,2dcab767-d67a-5e03-8335-158037ce3441,POL-ASSET-001,pass,allow,The supplied point matched a public litter-bin asset.,synthetic_operational
f1b7fbe05013cf4a09255fddab651c0c3b053223a8a9327a7bb316da0fce4c76,2dcab767-d67a-5e03-8335-158037ce3441,POL-SAFETY-001,pass,allow,Priority P2 does not trigger the emergency escalation rule.,synthetic_operational
325e0b79b2f515b151cf33a2fb5abfa59e8cce28af53e50fbe55345b5124a11c,2dcab767-d67a-5e03-8335-158037ce3441,POL-CONFIDENCE-001,pass,allow,Category confidence 0.95 meets the 0.70 threshold.,synthetic_operational
6b8103f36af15ddc09646f83d5222580fab2376bcb3b10df5a95cf6140007616,2dcab767-d67a-5e03-8335-158037ce3441,POL-REVIEW-001,pass,allow,The diagnosis contains no human-review flag.,synthetic_operational
4feced5f4a53dbc1f15758f667e166a676266aa4278f6b000022700c13a0ea13,91f8b46f-036a-5dfa-8251-4a6a3020ff84,POL-SCOPE-001,pass,allow,Category 'waste_litter' is within the demonstration policy scope.,synthetic_operational
c358646043b074ce64d9eff46fd2f9b45454faab2609f07982c96620c4034418,91f8b46f-036a-5dfa-8251-4a6a3020ff84,POL-ACTION-001,pass,allow,Action 'create_draft_work_order' is permitted as a draft-only action.,synthetic_operational
2d033050d5000a7654c4520337f17f8c9eb6bad50163f205c73ec82299b07250,91f8b46f-036a-5dfa-8251-4a6a3020ff84,POL-LOCATION-001,pass,allow,Required latitude and longitude were supplied.,synthetic_operational
3d61fedfbb3328878cbe916d31fea636febeb804e00b83d81b2fa21a35472548,91f8b46f-036a-5dfa-8251-4a6a3020ff84,POL-ASSET-001,pass,allow,The supplied point matched a public litter-bin asset.,synthetic_operational
6ac8d91985ede9d7c73c5896cea7a6c8eab7b9b557be7cca120ac0815dd1f18e,91f8b46f-036a-5dfa-8251-4a6a3020ff84,POL-SAFETY-001,pass,allow,Priority P3 does not trigger the emergency escalation rule.,synthetic_operational
31bada011a1cd4f9384cc95a2c41d7e5a3f1d4aa8e1f3727d505a133df444c1b,91f8b46f-036a-5dfa-8251-4a6a3020ff84,POL-CONFIDENCE-001,pass,allow,Category confidence 0.95 meets the 0.70 threshold.,synthetic_operational
1daad11aebc06d7e756bd9a9ac085ed6e2411286fc197e84d412f93926ba5fbb,91f8b46f-036a-5dfa-8251-4a6a3020ff84,POL-REVIEW-001,pass,allow,The diagnosis contains no human-review flag.,synthetic_operational
95dd48b884a77cb22f77453e9f604840475c38dfaff240f43966260938bc6d3b,894607a6-96fb-50f1-8706-51381b858e97,POL-SCOPE-001,pass,allow,Category 'waste_litter' is within the demonstration policy scope.,synthetic_operational
9365bc73fa9e5e3f44f6e71b7a0736b99411d5a772b7ddb6b18b5d01b028ede7,894607a6-96fb-50f1-8706-51381b858e97,POL-ACTION-001,pass,allow,Action 'create_draft_work_order' is permitted as a draft-only action.,synthetic_operational
f46ff208ec9060aebf2489ce4b53bf94bca77c74b0f932fb19cacaede6a4275f,894607a6-96fb-50f1-8706-51381b858e97,POL-LOCATION-001,fail,reject,Latitude and longitude are required for a waste/litter draft action.,synthetic_operational
d4c775a3f6216d8e36944af9d4c5f19169743f6389c762322280904ca85698fd,894607a6-96fb-50f1-8706-51381b858e97,POL-ASSET-001,not_applicable,allow,Asset matching cannot be evaluated until coordinates are supplied.,synthetic_operational
677e377c25401211491186e4da8104416fff98f8bf4c6212249a055c40ed7037,894607a6-96fb-50f1-8706-51381b858e97,POL-SAFETY-001,pass,allow,Priority P3 does not trigger the emergency escalation rule.,synthetic_operational
805ecd6e671f0ee3cdd5d08d672a48155e4755bcb6a8c04ba6e1bd8e636289fb,894607a6-96fb-50f1-8706-51381b858e97,POL-CONFIDENCE-001,pass,allow,Category confidence 0.95 meets the 0.70 threshold.,synthetic_operational
1b1fb1ec75d242f627d676f08caa3457280f4bb7052fcfb927a0808be2cfb03d,894607a6-96fb-50f1-8706-51381b858e97,POL-REVIEW-001,pass,allow,The diagnosis contains no human-review flag.,synthetic_operational
8d08e80d00c90e8398dfb9d7fdfa17c2a1cd800d8208a9789031bc0c88ffc84e,e1e819e9-9251-565a-8f3f-55349c1733bd,POL-SCOPE-001,fail,escalate,Category 'general_enquiry' is outside policy scope and requires human routing.,synthetic_operational
2912e7e4ed87cd409228c65cf9d7fbc5baf5008cadcb87e219186c4d66c47adc,e1e819e9-9251-565a-8f3f-55349c1733bd,POL-ACTION-001,pass,allow,Action 'create_draft_work_order' is permitted as a draft-only action.,synthetic_operational
fa5ef78f2d7415694ba2b0cd71ce86665577da721b7b0bc82a32a7089d1aa227,e1e819e9-9251-565a-8f3f-55349c1733bd,POL-LOCATION-001,not_applicable,allow,The policy has no coordinate rule for category 'general_enquiry'.,synthetic_operational
35fbb52d561358a895df6f92a4eeef9a4ddf7c33ec6befe3951e98a19811bf08,e1e819e9-9251-565a-8f3f-55349c1733bd,POL-ASSET-001,not_applicable,allow,The policy has no asset-match rule for category 'general_enquiry'.,synthetic_operational
f46eb1bdb352db78899b7cf251470f9df4b1dbdf9b2276bd2c93688a9b78132a,e1e819e9-9251-565a-8f3f-55349c1733bd,POL-SAFETY-001,pass,allow,Priority P4 does not trigger the emergency escalation rule.,synthetic_operational
0b8e5f2eb276b62b74693176fd08ee718c6a487761d676ffe5d5e86ff5832e48,e1e819e9-9251-565a-8f3f-55349c1733bd,POL-CONFIDENCE-001,fail,escalate,Category confidence 0.30 is below the 0.70 threshold.,synthetic_operational
7506fa3c3c596c761275427d784f99819b39b8a06a97a9166372cbdb3036893f,e1e819e9-9251-565a-8f3f-55349c1733bd,POL-REVIEW-001,fail,escalate,The diagnosis contains a human-review flag.,synthetic_operational
776ea6e87d98017a137c3853120b877aacf8de81fe0b5a000d91ab922f93350e,dd942341-3146-5393-82b2-4321b5b5158b,POL-SCOPE-001,pass,allow,Category 'waste_litter' is within the demonstration policy scope.,synthetic_operational
d0e5e6465d4aaca17e9173cc203408de1947b24ade4828709d6ca1f0ae1685cf,dd942341-3146-5393-82b2-4321b5b5158b,POL-ACTION-001,pass,allow,Action 'create_draft_work_order' is permitted as a draft-only action.,synthetic_operational
99a78d4731915638a80d977292c37c29ecb511b69fc688aa1cbf74d201a91636,dd942341-3146-5393-82b2-4321b5b5158b,POL-LOCATION-001,pass,allow,Required latitude and longitude were supplied.,synthetic_operational
93048748b3d6dc74041210efc0f7dcbbf071e85fcb2273d4aee52397ade9d988,dd942341-3146-5393-82b2-4321b5b5158b,POL-ASSET-001,fail,escalate,No public litter-bin asset was found within 500 metres; human verification is required.,synthetic_operational
dc369d927ec9137a2afaa104204ec3fa05b3dc4a26a5a4cd2188265cc5b7356f,dd942341-3146-5393-82b2-4321b5b5158b,POL-SAFETY-001,pass,allow,Priority P3 does not trigger the emergency escalation rule.,synthetic_operational
7c2908c8729c8827603bf10678891d251bd92668ff7bc5fe70dd9d4586db48a8,dd942341-3146-5393-82b2-4321b5b5158b,POL-CONFIDENCE-001,pass,allow,Category confidence 0.95 meets the 0.70 threshold.,synthetic_operational
867dbc3b6c06dea82fafd047e79ee8d2e0989ddcc6916fbc10a9306bb088d4a5,dd942341-3146-5393-82b2-4321b5b5158b,POL-REVIEW-001,fail,escalate,The diagnosis contains a human-review flag.,synthetic_operational
8ac2743e42f2ca8f0cc3f4e0ebeca0715cc98b0acc583d0aae50f078992a40c8,eceb20e8-c107-5291-95cc-15c7ea972e63,POL-SCOPE-001,fail,escalate,Category 'roads_footpaths' is outside policy scope and requires human routing.,synthetic_operational
b6b39bbcaa2761980596a9da32ba75e79b108c55e25c318364abfda46c1613c9,eceb20e8-c107-5291-95cc-15c7ea972e63,POL-ACTION-001,pass,allow,Action 'create_draft_work_order' is permitted as a draft-only action.,synthetic_operational
cb91349fbff0ca279640a7223d14299e272deb802019f74c69812db4b6af8232,eceb20e8-c107-5291-95cc-15c7ea972e63,POL-LOCATION-001,not_applicable,allow,The policy has no coordinate rule for category 'roads_footpaths'.,synthetic_operational
92ed895013bdfa689586eda194749248172a523244303e5830df280be52a3ea0,eceb20e8-c107-5291-95cc-15c7ea972e63,POL-ASSET-001,not_applicable,allow,The policy has no asset-match rule for category 'roads_footpaths'.,synthetic_operational
26084a844ed6c465920f1f04764a8491b73b755b91460ac61f929a14f4f10d61,eceb20e8-c107-5291-95cc-15c7ea972e63,POL-SAFETY-001,pass,allow,Priority P2 does not trigger the emergency escalation rule.,synthetic_operational
87bc998b4fc9fc979d9e42401f12fd7433b039bdc6451d7288fabfdace6fb5e4,eceb20e8-c107-5291-95cc-15c7ea972e63,POL-CONFIDENCE-001,pass,allow,Category confidence 0.82 meets the 0.70 threshold.,synthetic_operational
e90ad75b0eaae49c9ce9fe2e4f4e540b2faddd31fee59ec3c3b263d812db2212,eceb20e8-c107-5291-95cc-15c7ea972e63,POL-REVIEW-001,pass,allow,The diagnosis contains no human-review flag.,synthetic_operational
b2e9c129a33543e26595a88ef80f3a3319df53276cccd4bda8ef6e71632541c4,90b96ed5-5465-5c50-8ed4-14d55a5bb66c,POL-SCOPE-001,pass,allow,Category 'waste_litter' is within the demonstration policy scope.,synthetic_operational
9570c347e8f9d6c800aac9f201c8c2695a3644bc550367cef6e3a9cb4bc9009a,90b96ed5-5465-5c50-8ed4-14d55a5bb66c,POL-ACTION-001,pass,allow,Action 'create_draft_work_order' is permitted as a draft-only action.,synthetic_operational
0528807b776486f9a45e0d8c84b5813683ae4c6df0cc5782ef9ffe7529df865d,90b96ed5-5465-5c50-8ed4-14d55a5bb66c,POL-LOCATION-001,pass,allow,Required latitude and longitude were supplied.,synthetic_operational
e1fa55996890db7d60ce2343e671e5da90fd2b03165231332457067bb01626d0,90b96ed5-5465-5c50-8ed4-14d55a5bb66c,POL-ASSET-001,pass,allow,The supplied point matched a public litter-bin asset.,synthetic_operational
98c0b7190349e0531cdabc1bf438007f3ecdd8fdef10e4a342e4e1dcad97bdbe,90b96ed5-5465-5c50-8ed4-14d55a5bb66c,POL-SAFETY-001,fail,escalate,Priority P1 must be escalated to a human.,synthetic_operational
c48fcb5a9863e56784142f55b31bbd020065a55cbc4032afdc9c5467936f1345,90b96ed5-5465-5c50-8ed4-14d55a5bb66c,POL-CONFIDENCE-001,pass,allow,Category confidence 0.82 meets the 0.70 threshold.,synthetic_operational
1ba86037d1120c495e55b95193b40616cb52b4b5354fe5d6550b6870737b4878,90b96ed5-5465-5c50-8ed4-14d55a5bb66c,POL-REVIEW-001,fail,escalate,The diagnosis contains a human-review flag.,synthetic_operational
09a63f8b2b0453227a21e00bac13d6a6718c47c3fe53fcd048791e3b8153a787,d7fa7900-3920-5647-be8c-1b7f10e0c6dc,POL-SCOPE-001,pass,allow,Category 'waste_litter' is within the demonstration policy scope.,synthetic_operational
1e8a9d51b1ba9dc06e2920d49f7da33de42b1cc6b52134ef82e09f2e7b6f547f,d7fa7900-3920-5647-be8c-1b7f10e0c6dc,POL-ACTION-001,pass,allow,Action 'create_draft_work_order' is permitted as a draft-only action.,synthetic_operational
70e26d59dc36874ccc4b91185197ea91114d6431e8e5c6b7633623b48769ad74,d7fa7900-3920-5647-be8c-1b7f10e0c6dc,POL-LOCATION-001,pass,allow,Required latitude and longitude were supplied.,synthetic_operational
e4f130d21d384bfc16b49e77872742ad1895cb9e437116e22f124b35a0448bbd,d7fa7900-3920-5647-be8c-1b7f10e0c6dc,POL-ASSET-001,pass,allow,The supplied point matched a public litter-bin asset.,synthetic_operational
ecb7755e284b282aa1ea7e2dc2bc88d36cb66522be18813d0909e15e167fea1b,d7fa7900-3920-5647-be8c-1b7f10e0c6dc,POL-SAFETY-001,pass,allow,Priority P3 does not trigger the emergency escalation rule.,synthetic_operational
a4ed4989f61ac64a169a8659c22f4665d526376ad8c0af0d5719661cba1af217,d7fa7900-3920-5647-be8c-1b7f10e0c6dc,POL-CONFIDENCE-001,pass,allow,Category confidence 0.95 meets the 0.70 threshold.,synthetic_operational
6f8f6963e3a3755fc04990e28c26dfce68e404e262e2c1f52888045f709c7abc,d7fa7900-3920-5647-be8c-1b7f10e0c6dc,POL-REVIEW-001,pass,allow,The diagnosis contains no human-review flag.,synthetic_operational
e0e93db3853449f26e3511ec5781f38457f0504abd7af6b90ebd7e4f1da08285,947913aa-e050-5645-951a-64fd013084f9,POL-SCOPE-001,pass,allow,Category 'waste_litter' is within the demonstration policy scope.,synthetic_operational
e80b8cbd2a2fe9ffe514b0c4b24d71f550ffb794d89d8705cf0bc4c494e945be,947913aa-e050-5645-951a-64fd013084f9,POL-ACTION-001,pass,allow,Action 'create_draft_work_order' is permitted as a draft-only action.,synthetic_operational
3d8018d584476d12ee49a8190b193faf9e597a55fce1dae1ab98201d9e978a33,947913aa-e050-5645-951a-64fd013084f9,POL-LOCATION-001,pass,allow,Required latitude and longitude were supplied.,synthetic_operational
8c9c99272dc71ece71f416e4b7b9e928abdc2aa591993b54edb910429c8f5d3e,947913aa-e050-5645-951a-64fd013084f9,POL-ASSET-001,pass,allow,The supplied point matched a public litter-bin asset.,synthetic_operational
3513979cf0abba25b76d2b497b50cb9ba6e5f25dae00be16170915f6979ffd29,947913aa-e050-5645-951a-64fd013084f9,POL-SAFETY-001,pass,allow,Priority P3 does not trigger the emergency escalation rule.,synthetic_operational
e9ddfd2997bba79db1a42605e3d0f6894c625a2f02ca5c90c64ce7f9f50bf137,947913aa-e050-5645-951a-64fd013084f9,POL-CONFIDENCE-001,pass,allow,Category confidence 0.95 meets the 0.70 threshold.,synthetic_operational
57360d82a94702b6f6277e731e6a9ada6ab81fa24d3780e82dff1e5b6525d4b0,947913aa-e050-5645-951a-64fd013084f9,POL-REVIEW-001,pass,allow,The diagnosis contains no human-review flag.,synthetic_operational
9357b470e1041e4c6d5e37d3bde6e625b0876ec0f1124b7fe62d2a19ba654180,371ddd18-228a-5cac-977a-52e66b7040d8,POL-SCOPE-001,pass,allow,Category 'waste_litter' is within the demonstration policy scope.,synthetic_operational
474c1c4f147aa79a4dcc86450d2a717c655f44665ad46c2336dc211ac4c53cd5,371ddd18-228a-5cac-977a-52e66b7040d8,POL-ACTION-001,fail,reject,Action 'close_live_case' is not permitted by this policy version.,synthetic_operational
e79b546c1600879cc29e791589fe5885b7b19fe1236eb9f2ac0253fe79e84bc5,371ddd18-228a-5cac-977a-52e66b7040d8,POL-LOCATION-001,pass,allow,Required latitude and longitude were supplied.,synthetic_operational
fa0edade1d2fcfbfd564c17c7651a2e1332adbb0d84cbafc25c2d695f9bf31ab,371ddd18-228a-5cac-977a-52e66b7040d8,POL-ASSET-001,pass,allow,The supplied point matched a public litter-bin asset.,synthetic_operational
5c391c990b6d384e1848460ecb2bc790a3f72680a457bc081fae7431d4c7b0be,371ddd18-228a-5cac-977a-52e66b7040d8,POL-SAFETY-001,pass,allow,Priority P2 does not trigger the emergency escalation rule.,synthetic_operational
aa9e9d36d66e52dc3906d0b3a311e4629dd4fb52799b52229c5dace87beaccae,371ddd18-228a-5cac-977a-52e66b7040d8,POL-CONFIDENCE-001,pass,allow,Category confidence 0.95 meets the 0.70 threshold.,synthetic_operational
db97660308674bb08df6f2034d36c5d1177f28da1aaa6ffec023e932cceb3dfe,371ddd18-228a-5cac-977a-52e66b7040d8,POL-REVIEW-001,pass,allow,The diagnosis contains no human-review flag.,synthetic_operational
95c5a91ef2e9d00a9a631da86d09c7bee35e26e915f4fdac8fa8aa90cecc3815,91be5e89-2b76-5fed-9202-80ad988319f2,POL-SCOPE-001,pass,allow,Category 'waste_litter' is within the demonstration policy scope.,synthetic_operational
abda327ecbb30578160183b3e03d39ce3ca21789d64c388a5099f7af3fae06e7,91be5e89-2b76-5fed-9202-80ad988319f2,POL-ACTION-001,pass,allow,Action 'create_draft_work_order' is permitted as a draft-only action.,synthetic_operational
73213ee8309126fa0e2e970be1b4d3b1bc1ccc54c2791c777f0914f06660ac69,91be5e89-2b76-5fed-9202-80ad988319f2,POL-LOCATION-001,pass,allow,Required latitude and longitude were supplied.,synthetic_operational
90e8c24e2528099d1571dd174bd22075142670c89b6180423bce3e6ca4593e60,91be5e89-2b76-5fed-9202-80ad988319f2,POL-ASSET-001,pass,allow,The supplied point matched a public litter-bin asset.,synthetic_operational
68dd891f7b7f40aad147c6a37e6f7e7fa822a45992865f44d9d1ea131483f747,91be5e89-2b76-5fed-9202-80ad988319f2,POL-SAFETY-001,pass,allow,Priority P2 does not trigger the emergency escalation rule.,synthetic_operational
795df9ce4e91c04d45e6e4419165692e566620c64749ed1bf4236ebc7a6dd92d,91be5e89-2b76-5fed-9202-80ad988319f2,POL-CONFIDENCE-001,pass,allow,Category confidence 0.95 meets the 0.70 threshold.,synthetic_operational
82e94ac217766ccd81e188587f3f2efef02828cfd675417d9b0e4be25d8be562,91be5e89-2b76-5fed-9202-80ad988319f2,POL-REVIEW-001,pass,allow,The diagnosis contains no human-review flag.,synthetic_operational
6f3f2f2ac8af6444e45add4e279562ee8750c9f45511c587acd43b76589a2221,244df044-e446-5095-83b6-c9b361ae26ed,POL-SCOPE-001,pass,allow,Category 'waste_litter' is within the demonstration policy scope.,synthetic_operational
c0b2509439ce6b34cde8850a2e7d5ba694b65ecf68ddef696419809e35f9365b,244df044-e446-5095-83b6-c9b361ae26ed,POL-ACTION-001,pass,allow,Action 'create_draft_work_order' is permitted as a draft-only action.,synthetic_operational
9b602e54a68a22373d59ea6a9507e96f00856bf7f7c173ab5abb0dc880282fa9,244df044-e446-5095-83b6-c9b361ae26ed,POL-LOCATION-001,pass,allow,Required latitude and longitude were supplied.,synthetic_operational
92eccca1e842c50cf28e87a9e4348b5e5acff7714e57cd1ff0b13a19c49ae456,244df044-e446-5095-83b6-c9b361ae26ed,POL-ASSET-001,pass,allow,The supplied point matched a public litter-bin asset.,synthetic_operational
9ce7c9194234090d00adc0ecedd4994ed5ff796d2aef0a9169e74ed298302229,244df044-e446-5095-83b6-c9b361ae26ed,POL-SAFETY-001,pass,allow,Priority P3 does not trigger the emergency escalation rule.,synthetic_operational
2afa752405f9224cead2dea0bdbd06f4e1d6527f4b3e27896cc98b6ec0c4917a,244df044-e446-5095-83b6-c9b361ae26ed,POL-CONFIDENCE-001,pass,allow,Category confidence 0.95 meets the 0.70 threshold.,synthetic_operational
255240b179a5fe8db18d33b77656722119ca16cbccda6530530c8ebc298f8150,244df044-e446-5095-83b6-c9b361ae26ed,POL-REVIEW-001,pass,allow,The diagnosis contains no human-review flag.,synthetic_operational
6c3805eae39bad30eaf4e78f69f69b96656d4ff961d272dcad7ad3bd42cd63af,92932f25-8e4a-5e17-a2b6-f355e2f79fed,POL-SCOPE-001,pass,allow,Category 'waste_litter' is within the demonstration policy scope.,synthetic_operational
d5f2ea6c187634e9d28ee3dd790ed0db13a04ab7d06d1fa5c8e1852e6dacae75,92932f25-8e4a-5e17-a2b6-f355e2f79fed,POL-ACTION-001,pass,allow,Action 'create_draft_work_order' is permitted as a draft-only action.,synthetic_operational
2bf7dd5edabf757c94cf4d141929e7e7dfb81f55ad940195906c0ab6f07276a7,92932f25-8e4a-5e17-a2b6-f355e2f79fed,POL-LOCATION-001,fail,reject,Latitude and longitude are required for a waste/litter draft action.,synthetic_operational
acccae69d3150b1d3b879b4ce102a7d5d7b772203a43e3b03d754a20567b194b,92932f25-8e4a-5e17-a2b6-f355e2f79fed,POL-ASSET-001,not_applicable,allow,Asset matching cannot be evaluated until coordinates are supplied.,synthetic_operational
84908e0129958d96b3dfbb0f4cd257958c9a060edb1f31a45ea958c6d3c203e8,92932f25-8e4a-5e17-a2b6-f355e2f79fed,POL-SAFETY-001,pass,allow,Priority P3 does not trigger the emergency escalation rule.,synthetic_operational
9a7ad3e6f35743ebb2faad9c9ac859a155cd474180ab3d996bbf1fb391e895a0,92932f25-8e4a-5e17-a2b6-f355e2f79fed,POL-CONFIDENCE-001,pass,allow,Category confidence 0.95 meets the 0.70 threshold.,synthetic_operational
c18d56d7e1fecd55b9ffed00058a089ed61d44ae70778823b17d390bc99774cd,92932f25-8e4a-5e17-a2b6-f355e2f79fed,POL-REVIEW-001,pass,allow,The diagnosis contains no human-review flag.,synthetic_operational
5622e172a254abd987c357fafe56487eabaaeb3db8217153eb8a7a553a3dc926,1fa82f85-694d-5cd0-aa8b-206fae7899ed,POL-SCOPE-001,fail,escalate,Category 'general_enquiry' is outside policy scope and requires human routing.,synthetic_operational
ab6e00ed6f27576825873777d7bce013a5c459d0e3895d6c828b35ef493d769a,1fa82f85-694d-5cd0-aa8b-206fae7899ed,POL-ACTION-001,pass,allow,Action 'create_draft_work_order' is permitted as a draft-only action.,synthetic_operational
60c184fd365e476b9ed7a80293b2c601f08eac7093ca34a2dd286a500620a0b7,1fa82f85-694d-5cd0-aa8b-206fae7899ed,POL-LOCATION-001,not_applicable,allow,The policy has no coordinate rule for category 'general_enquiry'.,synthetic_operational
ef8b22640d692894cdc8e9c4fcfcdc251cffff4c009145200846f71fd908284f,1fa82f85-694d-5cd0-aa8b-206fae7899ed,POL-ASSET-001,not_applicable,allow,The policy has no asset-match rule for category 'general_enquiry'.,synthetic_operational
7944e3a5a934642db0a6bbcf40a11b28dd59c7e5e604c99be780b795d39fac67,1fa82f85-694d-5cd0-aa8b-206fae7899ed,POL-SAFETY-001,pass,allow,Priority P4 does not trigger the emergency escalation rule.,synthetic_operational
2d1fde220c2f7aea8c2e1fc1869be963d121fabd6e2b12d25db2fb86f2a37189,1fa82f85-694d-5cd0-aa8b-206fae7899ed,POL-CONFIDENCE-001,fail,escalate,Category confidence 0.30 is below the 0.70 threshold.,synthetic_operational
4a75383188ac0243e896f6310405b466332184a39380b3aae6ece921c103848d,1fa82f85-694d-5cd0-aa8b-206fae7899ed,POL-REVIEW-001,fail,escalate,The diagnosis contains a human-review flag.,synthetic_operational
a321b02f268aa490cdff814cf094a2be90caa6ee928a90c81c84443aff3748fb,42bc1c27-9064-50ba-bb66-af2e4a0ab2b4,POL-SCOPE-001,pass,allow,Category 'waste_litter' is within the demonstration policy scope.,synthetic_operational
33770b5795bd909b61a21050bfd079bbad3ef7cefc8dbefffb92132e50caf497,42bc1c27-9064-50ba-bb66-af2e4a0ab2b4,POL-ACTION-001,pass,allow,Action 'create_draft_work_order' is permitted as a draft-only action.,synthetic_operational
d1ef08981ed1b746b333baaab632df7cfdf8daa905f621cb4f27535ce3f164ef,42bc1c27-9064-50ba-bb66-af2e4a0ab2b4,POL-LOCATION-001,pass,allow,Required latitude and longitude were supplied.,synthetic_operational
4df9244533ed60e6b80b951508dcfd129c652851c609ac526bb26fe8f7ea8d5a,42bc1c27-9064-50ba-bb66-af2e4a0ab2b4,POL-ASSET-001,fail,escalate,No public litter-bin asset was found within 500 metres; human verification is required.,synthetic_operational
92a35e2dd6f7b79e50071e051c4c6341cab4378435797e51656ec64e6cf38431,42bc1c27-9064-50ba-bb66-af2e4a0ab2b4,POL-SAFETY-001,pass,allow,Priority P3 does not trigger the emergency escalation rule.,synthetic_operational
9c31e6380aef069d3a311ce492138d97a0d969451fee70a10f608e41c41df6e4,42bc1c27-9064-50ba-bb66-af2e4a0ab2b4,POL-CONFIDENCE-001,pass,allow,Category confidence 0.95 meets the 0.70 threshold.,synthetic_operational
8b9178a6b609bb0cc614f84bcedb781b6787169857ae6afe924f3ffee9533c10,42bc1c27-9064-50ba-bb66-af2e4a0ab2b4,POL-REVIEW-001,fail,escalate,The diagnosis contains a human-review flag.,synthetic_operational
f88e92d535d04649010d6ddca86172fe244130a9140843bfcb5fb24a94e566c3,bbefb742-1025-50f1-9c8f-c9de900d1dd5,POL-SCOPE-001,fail,escalate,Category 'roads_footpaths' is outside policy scope and requires human routing.,synthetic_operational
e33c6ea1464103a9e0c12e1af4ed48501695293642acb11df6c87aabc01380c1,bbefb742-1025-50f1-9c8f-c9de900d1dd5,POL-ACTION-001,pass,allow,Action 'create_draft_work_order' is permitted as a draft-only action.,synthetic_operational
49b01c1e563e298d2690bb0538dd30001378010bc52a7b4bb7c007754a76ad6d,bbefb742-1025-50f1-9c8f-c9de900d1dd5,POL-LOCATION-001,not_applicable,allow,The policy has no coordinate rule for category 'roads_footpaths'.,synthetic_operational
a9a474ea085618b588a7e0f1d47766062d787c3a46a958bf3a8be1642c9200bf,bbefb742-1025-50f1-9c8f-c9de900d1dd5,POL-ASSET-001,not_applicable,allow,The policy has no asset-match rule for category 'roads_footpaths'.,synthetic_operational
431788eba26747c62837d858df88a72f036a33993aae10ec7b1227f77b40e2cd,bbefb742-1025-50f1-9c8f-c9de900d1dd5,POL-SAFETY-001,pass,allow,Priority P2 does not trigger the emergency escalation rule.,synthetic_operational
17c6dd4fd5316d0eb21060bf9a6faf5359cab9652487234396183f4a31792001,bbefb742-1025-50f1-9c8f-c9de900d1dd5,POL-CONFIDENCE-001,pass,allow,Category confidence 0.82 meets the 0.70 threshold.,synthetic_operational
415270de760b612235ce9aadf2bff1a407f796ccef5003e64e01206041783df2,bbefb742-1025-50f1-9c8f-c9de900d1dd5,POL-REVIEW-001,pass,allow,The diagnosis contains no human-review flag.,synthetic_operational
2ccf45e7f598a2345467c2488f3fdf671c5c7f9bb5e2ea3c447716342fc8bca2,06414344-5ffc-5527-9c64-5efa0e788ff2,POL-SCOPE-001,pass,allow,Category 'waste_litter' is within the demonstration policy scope.,synthetic_operational
d5d136b5bcced71ea286cc3af3997fb7d4c0e1c4f91967523f299b741e50085d,06414344-5ffc-5527-9c64-5efa0e788ff2,POL-ACTION-001,pass,allow,Action 'create_draft_work_order' is permitted as a draft-only action.,synthetic_operational
4a8e6cfeb647b229604cb153d466264c363afc9b5f25444fc018e934783bcae6,06414344-5ffc-5527-9c64-5efa0e788ff2,POL-LOCATION-001,pass,allow,Required latitude and longitude were supplied.,synthetic_operational
4c931e10ec2958d65af19e01bbcb06c6c7e9cfe914d18619ae27a38b3901ef0a,06414344-5ffc-5527-9c64-5efa0e788ff2,POL-ASSET-001,pass,allow,The supplied point matched a public litter-bin asset.,synthetic_operational
f3bc64fd08e17edecf3be645abbc608b4a667d2e35149c0e95bbb8872d7e0a83,06414344-5ffc-5527-9c64-5efa0e788ff2,POL-SAFETY-001,fail,escalate,Priority P1 must be escalated to a human.,synthetic_operational
2c051eb3f954bc38dfb1b880437630649f9fa1dad389b9c3ee1fd903fdd5b92e,06414344-5ffc-5527-9c64-5efa0e788ff2,POL-CONFIDENCE-001,pass,allow,Category confidence 0.82 meets the 0.70 threshold.,synthetic_operational
d972309fb862437035b0e66e6b72a70da47c436b267069a3ed515b5a52a87496,06414344-5ffc-5527-9c64-5efa0e788ff2,POL-REVIEW-001,fail,escalate,The diagnosis contains a human-review flag.,synthetic_operational
5e1f7e808e63e1105ae96c67e93d7137500791e702709f6115c82f46bb669236,b8a474dd-270b-592a-8c36-f858d609c28c,POL-SCOPE-001,pass,allow,Category 'waste_litter' is within the demonstration policy scope.,synthetic_operational
aaffce4d55ba682e99c9c281b67ec8fded252d62b314bbb0a5b86b1f63e397f3,b8a474dd-270b-592a-8c36-f858d609c28c,POL-ACTION-001,pass,allow,Action 'create_draft_work_order' is permitted as a draft-only action.,synthetic_operational
955372745d9c6468357fd48a7c3f1cf4083cd9ef7c9cbf5a424afdfc12bc82c5,b8a474dd-270b-592a-8c36-f858d609c28c,POL-LOCATION-001,pass,allow,Required latitude and longitude were supplied.,synthetic_operational
8462a2ee02473bb1bebbf1353b835a344d882911294b27119fdf12e0822ddd0f,b8a474dd-270b-592a-8c36-f858d609c28c,POL-ASSET-001,pass,allow,The supplied point matched a public litter-bin asset.,synthetic_operational
ff9e1e0e2cbe4c3e12a09459079543b8689e039c160347d1c68df7c96003efb8,b8a474dd-270b-592a-8c36-f858d609c28c,POL-SAFETY-001,pass,allow,Priority P3 does not trigger the emergency escalation rule.,synthetic_operational
d935532eae6d5eb59b0daf9b9d3191a2cac244f83c21d0785f06bc28c0eaa58d,b8a474dd-270b-592a-8c36-f858d609c28c,POL-CONFIDENCE-001,pass,allow,Category confidence 0.95 meets the 0.70 threshold.,synthetic_operational
e2cf13695a76772366c913e76def6047962c35481c8386d5861c346f6116f818,b8a474dd-270b-592a-8c36-f858d609c28c,POL-REVIEW-001,pass,allow,The diagnosis contains no human-review flag.,synthetic_operational
d77793f922be7a9b591253033a2be2e425329818df966343f394f9bd18f7db7f,2e0aa43b-30a3-5739-b71f-ebd3625feff2,POL-SCOPE-001,pass,allow,Category 'waste_litter' is within the demonstration policy scope.,synthetic_operational
7e11426a722ea1fe55e4a980b8963ea4e3d33684e8d41851aab4509ed429db0c,2e0aa43b-30a3-5739-b71f-ebd3625feff2,POL-ACTION-001,pass,allow,Action 'create_draft_work_order' is permitted as a draft-only action.,synthetic_operational
a51ee5dca3c295bbb298c99e3f31c8f146a68ec592f86b40ec4cae5cd9f244ef,2e0aa43b-30a3-5739-b71f-ebd3625feff2,POL-LOCATION-001,pass,allow,Required latitude and longitude were supplied.,synthetic_operational
2f9f00023ad280658c30ebbf905275861ab55434bfcbd6dfa398f86fa18aec15,2e0aa43b-30a3-5739-b71f-ebd3625feff2,POL-ASSET-001,pass,allow,The supplied point matched a public litter-bin asset.,synthetic_operational
206e66a768cfcba5526f7dfd552b8063362fb8de1203d22e8aba383d6baa3a45,2e0aa43b-30a3-5739-b71f-ebd3625feff2,POL-SAFETY-001,pass,allow,Priority P3 does not trigger the emergency escalation rule.,synthetic_operational
94688c3121ca23abe7335f1f7197c45773a7188e92fb6d80083d34270ca0e7d5,2e0aa43b-30a3-5739-b71f-ebd3625feff2,POL-CONFIDENCE-001,pass,allow,Category confidence 0.95 meets the 0.70 threshold.,synthetic_operational
0a88d9d405d3d9d4351086110fe565f71f19668fe65ac8ccface1dfc42084e53,2e0aa43b-30a3-5739-b71f-ebd3625feff2,POL-REVIEW-001,pass,allow,The diagnosis contains no human-review flag.,synthetic_operational
344ecb57a658680bdcdf9e7e70000b0ceacddff589f98916ea40c62ae09ad80a,160cec43-89d0-532d-b568-974fcca6af62,POL-SCOPE-001,pass,allow,Category 'waste_litter' is within the demonstration policy scope.,synthetic_operational
07d719753a726c651274a33dff5d5864cbc3a5b7fedb59b8622cc76bceebcae8,160cec43-89d0-532d-b568-974fcca6af62,POL-ACTION-001,fail,reject,Action 'close_live_case' is not permitted by this policy version.,synthetic_operational
44390fb639086b07a34112b282e2653c59412b06323550925fcd3defdbedbd4a,160cec43-89d0-532d-b568-974fcca6af62,POL-LOCATION-001,pass,allow,Required latitude and longitude were supplied.,synthetic_operational
f804dfb66a31eb6399d4a47574383bcbb84ac5edd97aba7290666dcb61a2d827,160cec43-89d0-532d-b568-974fcca6af62,POL-ASSET-001,pass,allow,The supplied point matched a public litter-bin asset.,synthetic_operational
d1292f79d263013a77cc3e19a94a6bc0335b34c44978cef221c18f5033ee77e7,160cec43-89d0-532d-b568-974fcca6af62,POL-SAFETY-001,pass,allow,Priority P2 does not trigger the emergency escalation rule.,synthetic_operational
589e56fc2ea2be909e0e9bc2c741cbc2bce7395869dbe5744e109cee8905205f,160cec43-89d0-532d-b568-974fcca6af62,POL-CONFIDENCE-001,pass,allow,Category confidence 0.95 meets the 0.70 threshold.,synthetic_operational
af81cb3950aa5db2d9417bf83a0d6a92af3b2695b8d8a2a0c4faf9ce7a50377c,160cec43-89d0-532d-b568-974fcca6af62,POL-REVIEW-001,pass,allow,The diagnosis contains no human-review flag.,synthetic_operational
57466a91c3d083d038ca68c1d7293baf9f7e0f9a4ee3f7129295f6273fc829e4,5f1bd2da-ea96-5d57-b0a2-72393027039b,POL-SCOPE-001,pass,allow,Category 'waste_litter' is within the demonstration policy scope.,synthetic_operational
72a0d77ce9ec27ce588d4236ee8a05aba7aacc86fc9f9a88491ac540a416f542,5f1bd2da-ea96-5d57-b0a2-72393027039b,POL-ACTION-001,pass,allow,Action 'create_draft_work_order' is permitted as a draft-only action.,synthetic_operational
1d60bc6dbe5647ee4b6e1a6a190c4005a1680bc304c19a3a949e4055cb124bfc,5f1bd2da-ea96-5d57-b0a2-72393027039b,POL-LOCATION-001,pass,allow,Required latitude and longitude were supplied.,synthetic_operational
59dab8967aa63d305ad8a304c720a2c3462f49c2350b3c940df875aeb6348912,5f1bd2da-ea96-5d57-b0a2-72393027039b,POL-ASSET-001,pass,allow,The supplied point matched a public litter-bin asset.,synthetic_operational
00b34bfbd4039d2d68aafd896e27bc40066f4e59f1936672491271dc64b55e5f,5f1bd2da-ea96-5d57-b0a2-72393027039b,POL-SAFETY-001,pass,allow,Priority P2 does not trigger the emergency escalation rule.,synthetic_operational
1f425e6632208affc91fe850edadfc42f2d8c9e75fcdd254ab00b9d745ba46a7,5f1bd2da-ea96-5d57-b0a2-72393027039b,POL-CONFIDENCE-001,pass,allow,Category confidence 0.95 meets the 0.70 threshold.,synthetic_operational
37675179736c2e8036b0147179581febdc089e6708934edc77dc2ff4bc6b996d,5f1bd2da-ea96-5d57-b0a2-72393027039b,POL-REVIEW-001,pass,allow,The diagnosis contains no human-review flag.,synthetic_operational
3929d370ef05fa92d38148aef697ab3cde654061be614193be152f213ce2f911,2359af9c-ad79-53ed-97d0-3a62f5ff886b,POL-SCOPE-001,pass,allow,Category 'waste_litter' is within the demonstration policy scope.,synthetic_operational
c0b28ab28944a042a7452b778b0b1952050988b53c0d33f8f01f048acec07453,2359af9c-ad79-53ed-97d0-3a62f5ff886b,POL-ACTION-001,pass,allow,Action 'create_draft_work_order' is permitted as a draft-only action.,synthetic_operational
df4acedfaaf87334e3a24f5cf0824255bf73cb8369ef6836acf620e33d388d6c,2359af9c-ad79-53ed-97d0-3a62f5ff886b,POL-LOCATION-001,pass,allow,Required latitude and longitude were supplied.,synthetic_operational
515836b3a316e3b16513ccd36fe972fcd1925c88c09920690c1f49efe7fe9281,2359af9c-ad79-53ed-97d0-3a62f5ff886b,POL-ASSET-001,pass,allow,The supplied point matched a public litter-bin asset.,synthetic_operational
2364702559f74928c1550abd9d7f79aef1c076c2abda3d7b58da394f0bee04fc,2359af9c-ad79-53ed-97d0-3a62f5ff886b,POL-SAFETY-001,pass,allow,Priority P3 does not trigger the emergency escalation rule.,synthetic_operational
0a42e7728e8a503966630a46081d81f6b91df1d76b07386d77efb26c197442e7,2359af9c-ad79-53ed-97d0-3a62f5ff886b,POL-CONFIDENCE-001,pass,allow,Category confidence 0.95 meets the 0.70 threshold.,synthetic_operational
54040b9447b96360738ce06dd051b6420dddfe1b428fe5e4d8056a181588b6ef,2359af9c-ad79-53ed-97d0-3a62f5ff886b,POL-REVIEW-001,pass,allow,The diagnosis contains no human-review flag.,synthetic_operational
badd0d7dd8dc382817ff5609b4baf50607ecfffb4da9a32ef141ca5608e16ad4,a54bf38f-800d-5c67-8a72-5e5290afe5d3,POL-SCOPE-001,pass,allow,Category 'waste_litter' is within the demonstration policy scope.,synthetic_operational
44078c00dfa1c2853e00dc846b8ce7bebf65aa382d0d97191aa83eaf63026e7f,a54bf38f-800d-5c67-8a72-5e5290afe5d3,POL-ACTION-001,pass,allow,Action 'create_draft_work_order' is permitted as a draft-only action.,synthetic_operational
286c875e13fd8c3029a1f833929cc4b06b907abeb9e44d888b6c7d5ede6e9f6a,a54bf38f-800d-5c67-8a72-5e5290afe5d3,POL-LOCATION-001,fail,reject,Latitude and longitude are required for a waste/litter draft action.,synthetic_operational
bb0d91b3dc56fd058b3b0387120a80e22fd719a4ba59c855cd0423ff65e50518,a54bf38f-800d-5c67-8a72-5e5290afe5d3,POL-ASSET-001,not_applicable,allow,Asset matching cannot be evaluated until coordinates are supplied.,synthetic_operational
00886a2a94417655f5ab17d939d7b94be6306d4c2fb9b4b78a363e1efd052db7,a54bf38f-800d-5c67-8a72-5e5290afe5d3,POL-SAFETY-001,pass,allow,Priority P3 does not trigger the emergency escalation rule.,synthetic_operational
0b6eba0bfb204582da41a41a6e3351429f968c4554b120419c9dcc0ee55b2fb2,a54bf38f-800d-5c67-8a72-5e5290afe5d3,POL-CONFIDENCE-001,pass,allow,Category confidence 0.95 meets the 0.70 threshold.,synthetic_operational
8931e349473074b2ff8d7a6d9ff50ace6313e6a542d7725f4804d223bfeb6594,a54bf38f-800d-5c67-8a72-5e5290afe5d3,POL-REVIEW-001,pass,allow,The diagnosis contains no human-review flag.,synthetic_operational
ed7c1e87b061a4e63eb0262f8cf913984f2871b03d523a5807acef6df2cc34f8,c0c6a57d-8718-5146-bd53-9be62a92d401,POL-SCOPE-001,fail,escalate,Category 'general_enquiry' is outside policy scope and requires human routing.,synthetic_operational
cdc8fce801813917f6fe12d27429e69190dd0acf3a945ffffed4b7a607ad9bea,c0c6a57d-8718-5146-bd53-9be62a92d401,POL-ACTION-001,pass,allow,Action 'create_draft_work_order' is permitted as a draft-only action.,synthetic_operational
c201fc521ef5aba45ee366ff7aac1154ef62afdba52076e8bd27c3c2902270ae,c0c6a57d-8718-5146-bd53-9be62a92d401,POL-LOCATION-001,not_applicable,allow,The policy has no coordinate rule for category 'general_enquiry'.,synthetic_operational
c8b310e9784c98cae6de307b1ff71a71fdff02b53a6149a3139e1e6b7e001af1,c0c6a57d-8718-5146-bd53-9be62a92d401,POL-ASSET-001,not_applicable,allow,The policy has no asset-match rule for category 'general_enquiry'.,synthetic_operational
27acb4d936c571187224d89b7a60785a46ea09940f8b34194bd9ec2057cb0ba9,c0c6a57d-8718-5146-bd53-9be62a92d401,POL-SAFETY-001,pass,allow,Priority P4 does not trigger the emergency escalation rule.,synthetic_operational
1703d2c112c6bb5be91b9b1aa952159e61d48556f13be1ffe68c1b8453577fd0,c0c6a57d-8718-5146-bd53-9be62a92d401,POL-CONFIDENCE-001,fail,escalate,Category confidence 0.30 is below the 0.70 threshold.,synthetic_operational
0bd7d6518f641f7d28fe6bcae97f17d34565fd470dc9fd69bd55017da9598a08,c0c6a57d-8718-5146-bd53-9be62a92d401,POL-REVIEW-001,fail,escalate,The diagnosis contains a human-review flag.,synthetic_operational
9d8b4c32a2e9d78c4e6480aeaa70a7a113ab064bb6beb285d4af13f4425c0234,1f9399f4-ec06-5f75-a3c4-c405214f86ca,POL-SCOPE-001,pass,allow,Category 'waste_litter' is within the demonstration policy scope.,synthetic_operational
14af103c5bca2307279fcc60d7bbfc69552916e394e4604281f749d99a998044,1f9399f4-ec06-5f75-a3c4-c405214f86ca,POL-ACTION-001,pass,allow,Action 'create_draft_work_order' is permitted as a draft-only action.,synthetic_operational
f7029b95866430adbcc4d9ce77d33d988bb178e5a2cd29bbbe282a42085d4d28,1f9399f4-ec06-5f75-a3c4-c405214f86ca,POL-LOCATION-001,pass,allow,Required latitude and longitude were supplied.,synthetic_operational
c8f3fd3b3958ff0df555016f885e98843ec744a9d87c27ebf59ffae138489aec,1f9399f4-ec06-5f75-a3c4-c405214f86ca,POL-ASSET-001,fail,escalate,No public litter-bin asset was found within 500 metres; human verification is required.,synthetic_operational
47b9652c59409681f1061d201d8a91d977152b35a29a2fe2b2a6c3bc9f1711cd,1f9399f4-ec06-5f75-a3c4-c405214f86ca,POL-SAFETY-001,pass,allow,Priority P3 does not trigger the emergency escalation rule.,synthetic_operational
7d6353d0976cb58358bafb7d6fca82f8c58d51f717c9934068127ec40b108cbb,1f9399f4-ec06-5f75-a3c4-c405214f86ca,POL-CONFIDENCE-001,pass,allow,Category confidence 0.95 meets the 0.70 threshold.,synthetic_operational
4a4ba051fb992870e5d91682c89a11b7f44ecc1722c918fa9509f3a7545f9507,1f9399f4-ec06-5f75-a3c4-c405214f86ca,POL-REVIEW-001,fail,escalate,The diagnosis contains a human-review flag.,synthetic_operational
af49698fae7e018fcc1dfcb632db0a2e0a4c0eaa12e397f044d0d603246e35ab,b1e18cf3-8de9-54e0-b10c-dd2de496d8e6,POL-SCOPE-001,fail,escalate,Category 'roads_footpaths' is outside policy scope and requires human routing.,synthetic_operational
b87235e538a76a41d4107b579d28945503bfadc344fe7df3600343480ad284b8,b1e18cf3-8de9-54e0-b10c-dd2de496d8e6,POL-ACTION-001,pass,allow,Action 'create_draft_work_order' is permitted as a draft-only action.,synthetic_operational
cd8534a30ac69e60188397620bd208a9cfc0b2a885c5022d7a8bfcee205c2c02,b1e18cf3-8de9-54e0-b10c-dd2de496d8e6,POL-LOCATION-001,not_applicable,allow,The policy has no coordinate rule for category 'roads_footpaths'.,synthetic_operational
d63fbd454c558dfb3138ca47ab64506757c0ec0ec556a85ac37d6b4311b78ac6,b1e18cf3-8de9-54e0-b10c-dd2de496d8e6,POL-ASSET-001,not_applicable,allow,The policy has no asset-match rule for category 'roads_footpaths'.,synthetic_operational
e60f212474e91958b21e5a8bdae032c759f102f98f77d136d3c61f3021776b4f,b1e18cf3-8de9-54e0-b10c-dd2de496d8e6,POL-SAFETY-001,pass,allow,Priority P2 does not trigger the emergency escalation rule.,synthetic_operational
63c022fc93be7085d25dc110dc94560288c11da457d8b9d50c4477988ec0beba,b1e18cf3-8de9-54e0-b10c-dd2de496d8e6,POL-CONFIDENCE-001,pass,allow,Category confidence 0.82 meets the 0.70 threshold.,synthetic_operational
06248d8581db4bc549df5500ae2934686de709e233923fec951287503a1d4a9b,b1e18cf3-8de9-54e0-b10c-dd2de496d8e6,POL-REVIEW-001,pass,allow,The diagnosis contains no human-review flag.,synthetic_operational
bbb997885cb75d8d4840514f7dc103578d943706e32a008feecb8fbf9ba9b8f8,01d15861-fbec-5255-a580-4da35a811ddd,POL-SCOPE-001,pass,allow,Category 'waste_litter' is within the demonstration policy scope.,synthetic_operational
ca2535587570b8f36aae868693c04d7f369015e869d8a207c53cfe86526237a2,01d15861-fbec-5255-a580-4da35a811ddd,POL-ACTION-001,pass,allow,Action 'create_draft_work_order' is permitted as a draft-only action.,synthetic_operational
193b7b6d69ae1db4eafb8a8e673c15bb9f536568ceebfe535e65eabedf354f3f,01d15861-fbec-5255-a580-4da35a811ddd,POL-LOCATION-001,pass,allow,Required latitude and longitude were supplied.,synthetic_operational
a2fda1efa2da585b1d2e489b7241d1a259ab81c1dae0995cfd518fdc4c45d7f2,01d15861-fbec-5255-a580-4da35a811ddd,POL-ASSET-001,pass,allow,The supplied point matched a public litter-bin asset.,synthetic_operational
56c346c65089712f0682d6a678b26324dc12778aa3fb5f09d3bb3c229b73bc54,01d15861-fbec-5255-a580-4da35a811ddd,POL-SAFETY-001,fail,escalate,Priority P1 must be escalated to a human.,synthetic_operational
d4246ed5d3a74e0f3685e1a244d171d4578c851027c91126d646cf490c930b42,01d15861-fbec-5255-a580-4da35a811ddd,POL-CONFIDENCE-001,pass,allow,Category confidence 0.82 meets the 0.70 threshold.,synthetic_operational
aa6287b122b00b617ecddf46f14bf8bb22b52d4f5bb36c05d52f9058fe6365e2,01d15861-fbec-5255-a580-4da35a811ddd,POL-REVIEW-001,fail,escalate,The diagnosis contains a human-review flag.,synthetic_operational
19b60a8118e462b0ba273afb943b40fb625dd7e5b4755e2dc6f2d9f3202993c4,befe922e-dd38-53d7-bc88-c6f8760fa0fc,POL-SCOPE-001,pass,allow,Category 'waste_litter' is within the demonstration policy scope.,synthetic_operational
762077e5873e9b384e06c40c28e1c1233cdc85e16ac1c1e16fceefd40bdee53a,befe922e-dd38-53d7-bc88-c6f8760fa0fc,POL-ACTION-001,pass,allow,Action 'create_draft_work_order' is permitted as a draft-only action.,synthetic_operational
a757c14f6c3b6da5d89ee5783291f10c8f9c9157ae3fae9506213afb229b1aa1,befe922e-dd38-53d7-bc88-c6f8760fa0fc,POL-LOCATION-001,pass,allow,Required latitude and longitude were supplied.,synthetic_operational
ebec32f642c796b6a90cbc4e4eef30cde4cc6dcbf8e343a43cdefa6c9e582668,befe922e-dd38-53d7-bc88-c6f8760fa0fc,POL-ASSET-001,pass,allow,The supplied point matched a public litter-bin asset.,synthetic_operational
8f53c4cf1f6b9eddaea9a6fb2a925c3c474285736f71ce317f4f284695f125f0,befe922e-dd38-53d7-bc88-c6f8760fa0fc,POL-SAFETY-001,pass,allow,Priority P3 does not trigger the emergency escalation rule.,synthetic_operational
d9aad1b53253223764f50cd926d9215c99db3e89ddc33150a86db41751a6d3b1,befe922e-dd38-53d7-bc88-c6f8760fa0fc,POL-CONFIDENCE-001,pass,allow,Category confidence 0.95 meets the 0.70 threshold.,synthetic_operational
edf057c467f8fafef18136894ea7a09c5a7499fc5d418dc46756932fa50f8a91,befe922e-dd38-53d7-bc88-c6f8760fa0fc,POL-REVIEW-001,pass,allow,The diagnosis contains no human-review flag.,synthetic_operational
9380342ae16610998bacebe384ac8c122fa6687a56ca682eebc355cae7329564,3a341834-560f-5719-8f00-93c54e263ad7,POL-SCOPE-001,pass,allow,Category 'waste_litter' is within the demonstration policy scope.,synthetic_operational
d374d5a1853444e1c278a24d46151b884af25243facf930a6fbf61c6e023cd4a,3a341834-560f-5719-8f00-93c54e263ad7,POL-ACTION-001,pass,allow,Action 'create_draft_work_order' is permitted as a draft-only action.,synthetic_operational
b437ffab162a2c1f0f05868f08151af57d55e0b072f5f730181aea6d02004696,3a341834-560f-5719-8f00-93c54e263ad7,POL-LOCATION-001,pass,allow,Required latitude and longitude were supplied.,synthetic_operational
075a5fc6b2444feeb91cd53c78958701a8874de6c3c32d7c0714ebf03c1eaabb,3a341834-560f-5719-8f00-93c54e263ad7,POL-ASSET-001,pass,allow,The supplied point matched a public litter-bin asset.,synthetic_operational
5bbfb808cab0c8a29cd0b2218a1efa292b0e4b83addf8894d56ef26486329417,3a341834-560f-5719-8f00-93c54e263ad7,POL-SAFETY-001,pass,allow,Priority P3 does not trigger the emergency escalation rule.,synthetic_operational
6b5c7186e63d35747b74e288baf8ee684eedce237d0c7ab8b7f7a87d36b6d462,3a341834-560f-5719-8f00-93c54e263ad7,POL-CONFIDENCE-001,pass,allow,Category confidence 0.95 meets the 0.70 threshold.,synthetic_operational
a913e359403d0d438f89f46c151a0dd17b3b83ec36f69b337cc0588b900a0a09,3a341834-560f-5719-8f00-93c54e263ad7,POL-REVIEW-001,pass,allow,The diagnosis contains no human-review flag.,synthetic_operational
37207049b095b93d86cd059cc8e812b57edd1d687a112c55db1e0bea5eba33c3,d64e82ad-9302-5bbf-9a29-aa4938cda8d9,POL-SCOPE-001,pass,allow,Category 'waste_litter' is within the demonstration policy scope.,synthetic_operational
33ea32ace47f3684bd5b09c3a8c7d1d01b94c050e9f2387afe59ed65368f1c1a,d64e82ad-9302-5bbf-9a29-aa4938cda8d9,POL-ACTION-001,fail,reject,Action 'close_live_case' is not permitted by this policy version.,synthetic_operational
81460b295cdb270c324111c782e326f9d1fa7a094bde558b6d7bd517d4686e69,d64e82ad-9302-5bbf-9a29-aa4938cda8d9,POL-LOCATION-001,pass,allow,Required latitude and longitude were supplied.,synthetic_operational
0f6f61521c155a4f27e4b3c95402c35ae068a75942932983b35758a592dc174e,d64e82ad-9302-5bbf-9a29-aa4938cda8d9,POL-ASSET-001,pass,allow,The supplied point matched a public litter-bin asset.,synthetic_operational
6817e0a7b903c6dfa10a0328cf709fc68cd3f9e3555d09e173505355d890c2a1,d64e82ad-9302-5bbf-9a29-aa4938cda8d9,POL-SAFETY-001,pass,allow,Priority P2 does not trigger the emergency escalation rule.,synthetic_operational
f79a6a2f206c23a60ea1fae70e5f35fddba28e05686c1bceed32820991bfdbd7,d64e82ad-9302-5bbf-9a29-aa4938cda8d9,POL-CONFIDENCE-001,pass,allow,Category confidence 0.95 meets the 0.70 threshold.,synthetic_operational
dd08268c30d8a6c2ed5d1c7c5fab4960e68b6cb54b912256620ac6386afd8068,d64e82ad-9302-5bbf-9a29-aa4938cda8d9,POL-REVIEW-001,pass,allow,The diagnosis contains no human-review flag.,synthetic_operational
