{
  "type": "FeatureCollection",
  "crs": {
    "type": "name",
    "properties": {
      "name": "EPSG:4326"
    }
  },
  "features": [
    {
      "type": "Feature",
      "id": 1,
      "geometry": {
        "type": "Point",
        "coordinates": [
          147.319119003722,
          -42.8867512572958
        ]
      },
      "properties": {
        "OBJECTID": 1,
        "GlobalID": "d3efe887-9624-46db-8418-f0ec53580d79",
        "Bin_Type": "ws",
        "Description": "25lt Drop Plastic",
        "Responsible_Unit": "w",
        "last_edited_date": 1530252193527
      }
    },
    {
      "type": "Feature",
      "id": 3,
      "geometry": {
        "type": "Point",
        "coordinates": [
          147.329583624042,
          -42.9248789891271
        ]
      },
      "properties": {
        "OBJECTID": 3,
        "GlobalID": "c6f6759a-3da8-4b4f-bef9-e9b2d2dcc3bc",
        "Bin_Type": "ws",
        "Description": "120lt Doggie Bins",
        "Responsible_Unit": "p",
        "last_edited_date": 1530252193527
      }
    },
    {
      "type": "Feature",
      "id": 4,
      "geometry": {
        "type": "Point",
        "coordinates": [
          147.322735153975,
          -42.921108899833
        ]
      },
      "properties": {
        "OBJECTID": 4,
        "GlobalID": "03d32407-532e-4245-8121-0d8cab860e5b",
        "Bin_Type": "ws",
        "Description": "120lt Cage General Waste",
        "Responsible_Unit": "w",
        "last_edited_date": 1530252193527
      }
    },
    {
      "type": "Feature",
      "id": 5,
      "geometry": {
        "type": "Point",
        "coordinates": [
          147.328172938915,
          -42.8811810489449
        ]
      },
      "properties": {
        "OBJECTID": 5,
        "GlobalID": "61411163-436e-4206-b16a-6476fddf6b93",
        "Bin_Type": "ws",
        "Description": "Stainless Steel Box",
        "Responsible_Unit": "w",
        "last_edited_date": 1530252193527
      }
    },
    {
      "type": "Feature",
      "id": 6,
      "geometry": {
        "type": "Point",
        "coordinates": [
          147.324370216697,
          -42.8839635205142
        ]
      },
      "properties": {
        "OBJECTID": 6,
        "GlobalID": "921167c8-d993-4503-ba82-e430dbcb074f",
        "Bin_Type": "ws",
        "Description": "Stainless Steel Box",
        "Responsible_Unit": "w",
        "last_edited_date": 1530252193527
      }
    },
    {
      "type": "Feature",
      "id": 7,
      "geometry": {
        "type": "Point",
        "coordinates": [
          147.324229629204,
          -42.8838711293923
        ]
      },
      "properties": {
        "OBJECTID": 7,
        "GlobalID": "7977a7d6-ec7d-4349-be46-e4f267a8cff1",
        "Bin_Type": "ws",
        "Description": "Stainless Steel Box",
        "Responsible_Unit": "w",
        "last_edited_date": 1530252193527
      }
    },
    {
      "type": "Feature",
      "id": 8,
      "geometry": {
        "type": "Point",
        "coordinates": [
          147.32515082373,
          -42.883039771593
        ]
      },
      "properties": {
        "OBJECTID": 8,
        "GlobalID": "6e3047eb-b973-4e1b-ba7d-e9683faa3610",
        "Bin_Type": "ws",
        "Description": "Stainless Steel Box",
        "Responsible_Unit": "w",
        "last_edited_date": 1530252193527
      }
    },
    {
      "type": "Feature",
      "id": 10,
      "geometry": {
        "type": "Point",
        "coordinates": [
          147.330906757204,
          -42.8841479066117
        ]
      },
      "properties": {
        "OBJECTID": 10,
        "GlobalID": "78acaa88-917e-4b3e-8387-06743393db49",
        "Bin_Type": "ws",
        "Description": "Stainless Steel Box",
        "Responsible_Unit": "w",
        "last_edited_date": 1530252193527
      }
    },
    {
      "type": "Feature",
      "id": 11,
      "geometry": {
        "type": "Point",
        "coordinates": [
          147.314546063023,
          -42.8721133088301
        ]
      },
      "properties": {
        "OBJECTID": 11,
        "GlobalID": "cae5f8e4-ca57-49bb-9a84-341e91ebd6e6",
        "Bin_Type": "ws",
        "Description": "Stainless Steel Box",
        "Responsible_Unit": "w",
        "last_edited_date": 1530252193527
      }
    },
    {
      "type": "Feature",
      "id": 12,
      "geometry": {
        "type": "Point",
        "coordinates": [
          147.314886517719,
          -42.8724914710898
        ]
      },
      "properties": {
        "OBJECTID": 12,
        "GlobalID": "2e28ba09-40da-4cd7-8171-73533a7ce8ff",
        "Bin_Type": "ws",
        "Description": "Stainless Steel Box",
        "Responsible_Unit": "w",
        "last_edited_date": 1530252193527
      }
    },
    {
      "type": "Feature",
      "id": 13,
      "geometry": {
        "type": "Point",
        "coordinates": [
          147.314591342878,
          -42.8724313671585
        ]
      },
      "properties": {
        "OBJECTID": 13,
        "GlobalID": "e6ca6b89-3b22-4ff9-9d99-3e5ee68a036a",
        "Bin_Type": "ws",
        "Description": "Stainless Steel Box",
        "Responsible_Unit": "w",
        "last_edited_date": 1530252193527
      }
    },
    {
      "type": "Feature",
      "id": 14,
      "geometry": {
        "type": "Point",
        "coordinates": [
          147.299112084233,
          -42.8519242252395
        ]
      },
      "properties": {
        "OBJECTID": 14,
        "GlobalID": "8e10f37f-c809-4487-b718-7e6273e8bcce",
        "Bin_Type": "ws",
        "Description": "Stainless Steel Box",
        "Responsible_Unit": "w",
        "last_edited_date": 1530252193527
      }
    },
    {
      "type": "Feature",
      "id": 17,
      "geometry": {
        "type": "Point",
        "coordinates": [
          147.329029348475,
          -42.8835361631659
        ]
      },
      "properties": {
        "OBJECTID": 17,
        "GlobalID": "d07bed90-34b1-4b31-959e-44d2ffdcc7af",
        "Bin_Type": "ws",
        "Description": "25lt Drop Plastic",
        "Responsible_Unit": "w",
        "last_edited_date": 1530252193527
      }
    },
    {
      "type": "Feature",
      "id": 18,
      "geometry": {
        "type": "Point",
        "coordinates": [
          147.328739511728,
          -42.8801210758829
        ]
      },
      "properties": {
        "OBJECTID": 18,
        "GlobalID": "de9936fc-9b76-4509-8169-7b081058b463",
        "Bin_Type": "ws",
        "Description": "Stainless Steel Box",
        "Responsible_Unit": "w",
        "last_edited_date": 1530252193527
      }
    },
    {
      "type": "Feature",
      "id": 20,
      "geometry": {
        "type": "Point",
        "coordinates": [
          147.327156298188,
          -42.8849995851753
        ]
      },
      "properties": {
        "OBJECTID": 20,
        "GlobalID": "fd037a24-e88f-47b1-8d7d-51ed28818a24",
        "Bin_Type": "ws",
        "Description": "Stainless Steel Box",
        "Responsible_Unit": "w",
        "last_edited_date": 1530252193527
      }
    },
    {
      "type": "Feature",
      "id": 21,
      "geometry": {
        "type": "Point",
        "coordinates": [
          147.328418240428,
          -42.883064387628
        ]
      },
      "properties": {
        "OBJECTID": 21,
        "GlobalID": "7268907a-8f95-4135-9285-85695049aa2b",
        "Bin_Type": "ws",
        "Description": "120lt Cage General Waste",
        "Responsible_Unit": "w",
        "last_edited_date": 1530252193527
      }
    },
    {
      "type": "Feature",
      "id": 22,
      "geometry": {
        "type": "Point",
        "coordinates": [
          147.30727903671,
          -42.8764299299814
        ]
      },
      "properties": {
        "OBJECTID": 22,
        "GlobalID": "68240ff7-a183-4fd2-bba3-0ea1fed46297",
        "Bin_Type": "ws",
        "Description": "25lt Drop Plastic",
        "Responsible_Unit": "w",
        "last_edited_date": 1530252193527
      }
    },
    {
      "type": "Feature",
      "id": 23,
      "geometry": {
        "type": "Point",
        "coordinates": [
          147.331009259969,
          -42.8673756891636
        ]
      },
      "properties": {
        "OBJECTID": 23,
        "GlobalID": "b501c2c5-dd5d-460b-a987-2c2b1aebfe5e",
        "Bin_Type": "ws",
        "Description": "25lt Drop Plastic",
        "Responsible_Unit": "w",
        "last_edited_date": 1530252193527
      }
    },
    {
      "type": "Feature",
      "id": 24,
      "geometry": {
        "type": "Point",
        "coordinates": [
          147.315599198294,
          -42.8695863035152
        ]
      },
      "properties": {
        "OBJECTID": 24,
        "GlobalID": "432a7871-ec46-4bd7-9c5e-1bd566e65838",
        "Bin_Type": "ws",
        "Description": "Stainless Steel Box",
        "Responsible_Unit": "w",
        "last_edited_date": 1530252193527
      }
    },
    {
      "type": "Feature",
      "id": 25,
      "geometry": {
        "type": "Point",
        "coordinates": [
          147.319926868177,
          -42.8727394953363
        ]
      },
      "properties": {
        "OBJECTID": 25,
        "GlobalID": "08870a6a-4dab-4c5e-8c31-c0e9dc2187be",
        "Bin_Type": "ws",
        "Description": "120lt Cage General Waste",
        "Responsible_Unit": "p",
        "last_edited_date": 1530252193527
      }
    },
    {
      "type": "Feature",
      "id": 26,
      "geometry": {
        "type": "Point",
        "coordinates": [
          147.313553954009,
          -42.8664722042816
        ]
      },
      "properties": {
        "OBJECTID": 26,
        "GlobalID": "c63c231c-6ad2-4186-996f-72d25e021139",
        "Bin_Type": "ws",
        "Description": "120lt Cage General Waste",
        "Responsible_Unit": "w",
        "last_edited_date": 1530252193527
      }
    },
    {
      "type": "Feature",
      "id": 27,
      "geometry": {
        "type": "Point",
        "coordinates": [
          147.328679115214,
          -42.8971500241144
        ]
      },
      "properties": {
        "OBJECTID": 27,
        "GlobalID": "a027c22f-3474-49fc-8b14-43c4c0df202d",
        "Bin_Type": "ws",
        "Description": "25lt Drop Plastic",
        "Responsible_Unit": "w",
        "last_edited_date": 1530252193527
      }
    },
    {
      "type": "Feature",
      "id": 28,
      "geometry": {
        "type": "Point",
        "coordinates": [
          147.33595784141,
          -42.8816585808203
        ]
      },
      "properties": {
        "OBJECTID": 28,
        "GlobalID": "10140992-e860-4d49-b2a3-f1104e6f8d20",
        "Bin_Type": "ws",
        "Description": "Stainless Steel Box",
        "Responsible_Unit": "w",
        "last_edited_date": 1530252193527
      }
    },
    {
      "type": "Feature",
      "id": 29,
      "geometry": {
        "type": "Point",
        "coordinates": [
          147.335424629311,
          -42.8814627910599
        ]
      },
      "properties": {
        "OBJECTID": 29,
        "GlobalID": "b68545ce-90c2-4aba-b3ca-aad96821dd2c",
        "Bin_Type": "ws",
        "Description": "Stainless Steel Box",
        "Responsible_Unit": "w",
        "last_edited_date": 1530252193527
      }
    },
    {
      "type": "Feature",
      "id": 30,
      "geometry": {
        "type": "Point",
        "coordinates": [
          147.334698252128,
          -42.8811579281244
        ]
      },
      "properties": {
        "OBJECTID": 30,
        "GlobalID": "50cd9dc8-9487-4e23-b9a5-54d7e30bd1d8",
        "Bin_Type": "ws",
        "Description": "Stainless Steel Box",
        "Responsible_Unit": "w",
        "last_edited_date": 1530252193527
      }
    },
    {
      "type": "Feature",
      "id": 32,
      "geometry": {
        "type": "Point",
        "coordinates": [
          147.330420634996,
          -42.8816174129664
        ]
      },
      "properties": {
        "OBJECTID": 32,
        "GlobalID": "b0619a2f-e05a-42eb-b86b-522ca8b1a3c9",
        "Bin_Type": "ws",
        "Description": "120lt Cage General Waste",
        "Responsible_Unit": "w",
        "last_edited_date": 1530252193527
      }
    },
    {
      "type": "Feature",
      "id": 33,
      "geometry": {
        "type": "Point",
        "coordinates": [
          147.328313644436,
          -42.8801603622148
        ]
      },
      "properties": {
        "OBJECTID": 33,
        "GlobalID": "6d788cd0-c85a-44c2-a28b-893a65dd65c0",
        "Bin_Type": "ws",
        "Description": "Stainless Steel Box",
        "Responsible_Unit": "w",
        "last_edited_date": 1530252193527
      }
    },
    {
      "type": "Feature",
      "id": 34,
      "geometry": {
        "type": "Point",
        "coordinates": [
          147.327340806778,
          -42.8810065099502
        ]
      },
      "properties": {
        "OBJECTID": 34,
        "GlobalID": "16312f4b-92a3-4742-8d05-6e5eabd78810",
        "Bin_Type": "ws",
        "Description": "Stainless Steel Box",
        "Responsible_Unit": "w",
        "last_edited_date": 1530252193527
      }
    },
    {
      "type": "Feature",
      "id": 35,
      "geometry": {
        "type": "Point",
        "coordinates": [
          147.327686311334,
          -42.8806957971584
        ]
      },
      "properties": {
        "OBJECTID": 35,
        "GlobalID": "457215f9-7bcc-4775-a985-3898621c5765",
        "Bin_Type": "ws",
        "Description": "Stainless Steel Box",
        "Responsible_Unit": "w",
        "last_edited_date": 1530252193527
      }
    },
    {
      "type": "Feature",
      "id": 36,
      "geometry": {
        "type": "Point",
        "coordinates": [
          147.327122723638,
          -42.8811838751203
        ]
      },
      "properties": {
        "OBJECTID": 36,
        "GlobalID": "4bd56350-28bf-4c50-80ee-822cdc4af991",
        "Bin_Type": "ws",
        "Description": "Stainless Steel Box",
        "Responsible_Unit": "w",
        "last_edited_date": 1530252193527
      }
    },
    {
      "type": "Feature",
      "id": 37,
      "geometry": {
        "type": "Point",
        "coordinates": [
          147.325354945626,
          -42.8811739175091
        ]
      },
      "properties": {
        "OBJECTID": 37,
        "GlobalID": "065676f4-50d1-4bbd-a8eb-4bfbb3bbec00",
        "Bin_Type": "ws",
        "Description": "Stainless Steel Box",
        "Responsible_Unit": "w",
        "last_edited_date": 1530252193527
      }
    },
    {
      "type": "Feature",
      "id": 39,
      "geometry": {
        "type": "Point",
        "coordinates": [
          147.32612214357,
          -42.8815144987034
        ]
      },
      "properties": {
        "OBJECTID": 39,
        "GlobalID": "ffab0594-0823-4234-bbc1-f34600cd25d2",
        "Bin_Type": "ws",
        "Description": "Stainless Steel Box",
        "Responsible_Unit": "w",
        "last_edited_date": 1530252193527
      }
    },
    {
      "type": "Feature",
      "id": 40,
      "geometry": {
        "type": "Point",
        "coordinates": [
          147.324883776614,
          -42.8834245375387
        ]
      },
      "properties": {
        "OBJECTID": 40,
        "GlobalID": "021a97f5-5d06-4491-b527-36418d4bd6a0",
        "Bin_Type": "ws",
        "Description": "Stainless Steel Box",
        "Responsible_Unit": "w",
        "last_edited_date": 1530252193527
      }
    },
    {
      "type": "Feature",
      "id": 43,
      "geometry": {
        "type": "Point",
        "coordinates": [
          147.335376766775,
          -42.8925192540814
        ]
      },
      "properties": {
        "OBJECTID": 43,
        "GlobalID": "e4695a91-dde0-4099-ab4e-5071b80679a9",
        "Bin_Type": "ws",
        "Description": "120lt Cage General Waste",
        "Responsible_Unit": "p",
        "last_edited_date": 1530252193527
      }
    },
    {
      "type": "Feature",
      "id": 44,
      "geometry": {
        "type": "Point",
        "coordinates": [
          147.334248736257,
          -42.8895697417834
        ]
      },
      "properties": {
        "OBJECTID": 44,
        "GlobalID": "cf85e28f-0626-47b5-8002-999bdeb887a1",
        "Bin_Type": "ws",
        "Description": "25lt Drop Plastic",
        "Responsible_Unit": "w",
        "last_edited_date": 1530252193527
      }
    },
    {
      "type": "Feature",
      "id": 45,
      "geometry": {
        "type": "Point",
        "coordinates": [
          147.333341795437,
          -42.8897128147335
        ]
      },
      "properties": {
        "OBJECTID": 45,
        "GlobalID": "ed9bd159-ff05-4e12-a7b9-174ecdd7d6b7",
        "Bin_Type": "ws",
        "Description": "25lt Drop Plastic",
        "Responsible_Unit": "w",
        "last_edited_date": 1530252193527
      }
    },
    {
      "type": "Feature",
      "id": 46,
      "geometry": {
        "type": "Point",
        "coordinates": [
          147.315068349142,
          -42.8929245821481
        ]
      },
      "properties": {
        "OBJECTID": 46,
        "GlobalID": "e5d280b9-d29c-4523-b7bd-af252b199a56",
        "Bin_Type": "ws",
        "Description": "120lt Cage General Waste",
        "Responsible_Unit": "w",
        "last_edited_date": 1530252193527
      }
    },
    {
      "type": "Feature",
      "id": 47,
      "geometry": {
        "type": "Point",
        "coordinates": [
          147.31521719412,
          -42.8728282628541
        ]
      },
      "properties": {
        "OBJECTID": 47,
        "GlobalID": "c224c211-f14f-4d45-ac7f-cfad21bbec76",
        "Bin_Type": "ws",
        "Description": "Stainless Steel Box",
        "Responsible_Unit": "w",
        "last_edited_date": 1530252193527
      }
    },
    {
      "type": "Feature",
      "id": 48,
      "geometry": {
        "type": "Point",
        "coordinates": [
          147.325795986782,
          -42.8817017155973
        ]
      },
      "properties": {
        "OBJECTID": 48,
        "GlobalID": "0c023d49-4ed2-43cc-b77d-0e18fb7fcb12",
        "Bin_Type": "ws",
        "Description": "120lt Cage General Waste",
        "Responsible_Unit": "w",
        "last_edited_date": 1530252193527
      }
    },
    {
      "type": "Feature",
      "id": 50,
      "geometry": {
        "type": "Point",
        "coordinates": [
          147.32525878902,
          -42.8831047098744
        ]
      },
      "properties": {
        "OBJECTID": 50,
        "GlobalID": "37ba198f-a3c5-47a0-8706-9467c2321f29",
        "Bin_Type": "ws",
        "Description": "Stainless Steel Box",
        "Responsible_Unit": "w",
        "last_edited_date": 1530252193527
      }
    },
    {
      "type": "Feature",
      "id": 51,
      "geometry": {
        "type": "Point",
        "coordinates": [
          147.32548888926,
          -42.8829000119857
        ]
      },
      "properties": {
        "OBJECTID": 51,
        "GlobalID": "8cf56de4-fe4b-49ba-9f6c-f610fb9ab23c",
        "Bin_Type": "ws",
        "Description": "Stainless Steel Box",
        "Responsible_Unit": "w",
        "last_edited_date": 1530252193527
      }
    },
    {
      "type": "Feature",
      "id": 52,
      "geometry": {
        "type": "Point",
        "coordinates": [
          147.325822530185,
          -42.8813804636262
        ]
      },
      "properties": {
        "OBJECTID": 52,
        "GlobalID": "be394189-c5f3-4455-b33e-82683c2f9252",
        "Bin_Type": "ws",
        "Description": "Stainless Steel Box",
        "Responsible_Unit": "w",
        "last_edited_date": 1530252193527
      }
    },
    {
      "type": "Feature",
      "id": 53,
      "geometry": {
        "type": "Point",
        "coordinates": [
          147.328213115967,
          -42.881260226957
        ]
      },
      "properties": {
        "OBJECTID": 53,
        "GlobalID": "af8eaf1c-d90d-449c-b69f-e8f9ec698419",
        "Bin_Type": "ws",
        "Description": "Stainless Steel Box",
        "Responsible_Unit": "w",
        "last_edited_date": 1530252193527
      }
    },
    {
      "type": "Feature",
      "id": 54,
      "geometry": {
        "type": "Point",
        "coordinates": [
          147.32854563092,
          -42.8813488738851
        ]
      },
      "properties": {
        "OBJECTID": 54,
        "GlobalID": "374ffe72-a23f-494b-a6e5-341bc9fe95fc",
        "Bin_Type": "ws",
        "Description": "Stainless Steel Box",
        "Responsible_Unit": "w",
        "last_edited_date": 1530252193527
      }
    },
    {
      "type": "Feature",
      "id": 55,
      "geometry": {
        "type": "Point",
        "coordinates": [
          147.330366119218,
          -42.8888611686394
        ]
      },
      "properties": {
        "OBJECTID": 55,
        "GlobalID": "a2c709c1-b127-463e-b29a-afa6b6a3ddce",
        "Bin_Type": "ws",
        "Description": "25lt Drop Plastic",
        "Responsible_Unit": "w",
        "last_edited_date": 1530252193527
      }
    },
    {
      "type": "Feature",
      "id": 56,
      "geometry": {
        "type": "Point",
        "coordinates": [
          147.315456992,
          -42.8733115110932
        ]
      },
      "properties": {
        "OBJECTID": 56,
        "GlobalID": "0bf797e9-f367-4e7d-b4fc-2573025a57eb",
        "Bin_Type": "ws",
        "Description": "Stainless Steel Box",
        "Responsible_Unit": "w",
        "last_edited_date": 1530252193527
      }
    },
    {
      "type": "Feature",
      "id": 57,
      "geometry": {
        "type": "Point",
        "coordinates": [
          147.33133113664,
          -42.8866340204323
        ]
      },
      "properties": {
        "OBJECTID": 57,
        "GlobalID": "2043cebc-7d71-43fa-98e4-7785abf9454b",
        "Bin_Type": "ws",
        "Description": "Stainless Steel Box",
        "Responsible_Unit": "w",
        "last_edited_date": 1530252193527
      }
    },
    {
      "type": "Feature",
      "id": 58,
      "geometry": {
        "type": "Point",
        "coordinates": [
          147.333497748337,
          -42.8865528368622
        ]
      },
      "properties": {
        "OBJECTID": 58,
        "GlobalID": "017ac620-a6c3-4c7a-b52d-d9e22d231327",
        "Bin_Type": "ws",
        "Description": "Stainless Steel Box",
        "Responsible_Unit": "w",
        "last_edited_date": 1530252193527
      }
    },
    {
      "type": "Feature",
      "id": 59,
      "geometry": {
        "type": "Point",
        "coordinates": [
          147.333028067913,
          -42.8865417218025
        ]
      },
      "properties": {
        "OBJECTID": 59,
        "GlobalID": "274a13be-fd91-4e96-96b8-a44bf1d4753b",
        "Bin_Type": "ws",
        "Description": "Stainless Steel Box",
        "Responsible_Unit": "w",
        "last_edited_date": 1530252193527
      }
    },
    {
      "type": "Feature",
      "id": 60,
      "geometry": {
        "type": "Point",
        "coordinates": [
          147.332665933558,
          -42.8865386141452
        ]
      },
      "properties": {
        "OBJECTID": 60,
        "GlobalID": "c9186928-99e1-4e83-874c-9399490c0776",
        "Bin_Type": "ws",
        "Description": "Stainless Steel Box",
        "Responsible_Unit": "w",
        "last_edited_date": 1530252193527
      }
    },
    {
      "type": "Feature",
      "id": 61,
      "geometry": {
        "type": "Point",
        "coordinates": [
          147.332320684034,
          -42.8865188137168
        ]
      },
      "properties": {
        "OBJECTID": 61,
        "GlobalID": "1efd5f86-cc47-4ba4-a456-58cd884c3803",
        "Bin_Type": "ws",
        "Description": "Stainless Steel Box",
        "Responsible_Unit": "w",
        "last_edited_date": 1530252193527
      }
    },
    {
      "type": "Feature",
      "id": 62,
      "geometry": {
        "type": "Point",
        "coordinates": [
          147.31516874921,
          -42.8729861066015
        ]
      },
      "properties": {
        "OBJECTID": 62,
        "GlobalID": "fe6b295c-5488-4de2-8302-abb3d6f44334",
        "Bin_Type": "ws",
        "Description": "Stainless Steel Box",
        "Responsible_Unit": "w",
        "last_edited_date": 1530252193527
      }
    },
    {
      "type": "Feature",
      "id": 63,
      "geometry": {
        "type": "Point",
        "coordinates": [
          147.330649140933,
          -42.8838477121133
        ]
      },
      "properties": {
        "OBJECTID": 63,
        "GlobalID": "b57e01c4-f11c-44b0-ab24-89743271e35c",
        "Bin_Type": "ws",
        "Description": "25lt Drop Plastic",
        "Responsible_Unit": "w",
        "last_edited_date": 1530252193527
      }
    },
    {
      "type": "Feature",
      "id": 64,
      "geometry": {
        "type": "Point",
        "coordinates": [
          147.315959966311,
          -42.8741642569838
        ]
      },
      "properties": {
        "OBJECTID": 64,
        "GlobalID": "8096c2d7-42d2-458d-b26a-64f924071d08",
        "Bin_Type": "ws",
        "Description": "Stainless Steel Box",
        "Responsible_Unit": "w",
        "last_edited_date": 1530252193527
      }
    },
    {
      "type": "Feature",
      "id": 65,
      "geometry": {
        "type": "Point",
        "coordinates": [
          147.332168854833,
          -42.8827079836294
        ]
      },
      "properties": {
        "OBJECTID": 65,
        "GlobalID": "629271fd-fca8-463b-9a5c-b1416ed5133d",
        "Bin_Type": "ws",
        "Description": "Stainless Steel Box",
        "Responsible_Unit": "w",
        "last_edited_date": 1530252193527
      }
    },
    {
      "type": "Feature",
      "id": 66,
      "geometry": {
        "type": "Point",
        "coordinates": [
          147.331094249796,
          -42.8799673220379
        ]
      },
      "properties": {
        "OBJECTID": 66,
        "GlobalID": "05f62b01-62d2-4e78-a021-5573b26d73d1",
        "Bin_Type": "ws",
        "Description": "120lt Cage General Waste",
        "Responsible_Unit": "w",
        "last_edited_date": 1530252193527
      }
    },
    {
      "type": "Feature",
      "id": 67,
      "geometry": {
        "type": "Point",
        "coordinates": [
          147.331761562175,
          -42.8832419348653
        ]
      },
      "properties": {
        "OBJECTID": 67,
        "GlobalID": "27251aea-96c4-462c-a02f-4432d702ec67",
        "Bin_Type": "ws",
        "Description": "Stainless Steel Box",
        "Responsible_Unit": "w",
        "last_edited_date": 1530252193527
      }
    },
    {
      "type": "Feature",
      "id": 69,
      "geometry": {
        "type": "Point",
        "coordinates": [
          147.33036407609,
          -42.8795157268333
        ]
      },
      "properties": {
        "OBJECTID": 69,
        "GlobalID": "a038db44-685c-449b-8a39-496de627c48d",
        "Bin_Type": "ws",
        "Description": "120lt Cage General Waste",
        "Responsible_Unit": "w",
        "last_edited_date": 1530252193527
      }
    },
    {
      "type": "Feature",
      "id": 70,
      "geometry": {
        "type": "Point",
        "coordinates": [
          147.316012570291,
          -42.8739307769215
        ]
      },
      "properties": {
        "OBJECTID": 70,
        "GlobalID": "51474be1-34b6-41b9-893e-3b726208822a",
        "Bin_Type": "ws",
        "Description": "Stainless Steel Box",
        "Responsible_Unit": "w",
        "last_edited_date": 1530252193527
      }
    },
    {
      "type": "Feature",
      "id": 71,
      "geometry": {
        "type": "Point",
        "coordinates": [
          147.316496582781,
          -42.874136042739
        ]
      },
      "properties": {
        "OBJECTID": 71,
        "GlobalID": "d0222e23-dd3e-4d7a-b3ce-77df0c34e15e",
        "Bin_Type": "ws",
        "Description": "Stainless Steel Box",
        "Responsible_Unit": "w",
        "last_edited_date": 1530252193527
      }
    },
    {
      "type": "Feature",
      "id": 72,
      "geometry": {
        "type": "Point",
        "coordinates": [
          147.330382043239,
          -42.8829290628665
        ]
      },
      "properties": {
        "OBJECTID": 72,
        "GlobalID": "ba16f509-750c-4ad8-8d01-4c506cb41e0d",
        "Bin_Type": "ws",
        "Description": "Stainless Steel Box",
        "Responsible_Unit": "w",
        "last_edited_date": 1530252193527
      }
    },
    {
      "type": "Feature",
      "id": 73,
      "geometry": {
        "type": "Point",
        "coordinates": [
          147.330899330076,
          -42.8831096509638
        ]
      },
      "properties": {
        "OBJECTID": 73,
        "GlobalID": "2b1e98ad-ecd2-4581-bdfc-3a8c148375fc",
        "Bin_Type": "ws",
        "Description": "Stainless Steel Box",
        "Responsible_Unit": "w",
        "last_edited_date": 1530252193527
      }
    },
    {
      "type": "Feature",
      "id": 75,
      "geometry": {
        "type": "Point",
        "coordinates": [
          147.329423916279,
          -42.8792477210832
        ]
      },
      "properties": {
        "OBJECTID": 75,
        "GlobalID": "8d427777-3328-42e2-bab5-cf3dfc69d6d4",
        "Bin_Type": "ws",
        "Description": "Stainless Steel Box",
        "Responsible_Unit": "w",
        "last_edited_date": 1530252193527
      }
    },
    {
      "type": "Feature",
      "id": 76,
      "geometry": {
        "type": "Point",
        "coordinates": [
          147.326959372443,
          -42.8950199544373
        ]
      },
      "properties": {
        "OBJECTID": 76,
        "GlobalID": "7e157473-7931-42e7-8fe8-0974c6a928d4",
        "Bin_Type": "ws",
        "Description": "25lt Drop Plastic",
        "Responsible_Unit": "w",
        "last_edited_date": 1530252193527
      }
    },
    {
      "type": "Feature",
      "id": 77,
      "geometry": {
        "type": "Point",
        "coordinates": [
          147.327849031885,
          -42.8953050378521
        ]
      },
      "properties": {
        "OBJECTID": 77,
        "GlobalID": "2caefb10-bf9b-459d-8d61-abb711f56e62",
        "Bin_Type": "ws",
        "Description": "Stainless Steel Box",
        "Responsible_Unit": "w",
        "last_edited_date": 1530252193527
      }
    },
    {
      "type": "Feature",
      "id": 78,
      "geometry": {
        "type": "Point",
        "coordinates": [
          147.318905730632,
          -42.8770655058439
        ]
      },
      "properties": {
        "OBJECTID": 78,
        "GlobalID": "5ed51c43-12ef-479e-b1de-6a9421a26db7",
        "Bin_Type": "ws",
        "Description": "Stainless Steel Box",
        "Responsible_Unit": "w",
        "last_edited_date": 1530252193527
      }
    },
    {
      "type": "Feature",
      "id": 79,
      "geometry": {
        "type": "Point",
        "coordinates": [
          147.331314592104,
          -42.8852737887607
        ]
      },
      "properties": {
        "OBJECTID": 79,
        "GlobalID": "e81c35af-6985-4787-b73c-7aecf4d5b76a",
        "Bin_Type": "rs",
        "Description": "120lt Cage Recycling",
        "Responsible_Unit": "p",
        "last_edited_date": 1530252193527
      }
    },
    {
      "type": "Feature",
      "id": 80,
      "geometry": {
        "type": "Point",
        "coordinates": [
          147.325133843161,
          -42.8845222833545
        ]
      },
      "properties": {
        "OBJECTID": 80,
        "GlobalID": "5fb490b7-4245-42ea-87d5-4ca00d34ed24",
        "Bin_Type": "ws",
        "Description": "Stainless Steel Box",
        "Responsible_Unit": "w",
        "last_edited_date": 1530252193527
      }
    },
    {
      "type": "Feature",
      "id": 81,
      "geometry": {
        "type": "Point",
        "coordinates": [
          147.327045312011,
          -42.8836526934135
        ]
      },
      "properties": {
        "OBJECTID": 81,
        "GlobalID": "ed65cbcc-23f0-4802-a9b5-0b8847d2084d",
        "Bin_Type": "ws",
        "Description": "Stainless Steel Box",
        "Responsible_Unit": "w",
        "last_edited_date": 1530252193527
      }
    },
    {
      "type": "Feature",
      "id": 82,
      "geometry": {
        "type": "Point",
        "coordinates": [
          147.334157809695,
          -42.8807954732879
        ]
      },
      "properties": {
        "OBJECTID": 82,
        "GlobalID": "a8776a56-6d32-450a-8342-28606ce639bc",
        "Bin_Type": "ws",
        "Description": "Stainless Steel Box",
        "Responsible_Unit": "w",
        "last_edited_date": 1530252193527
      }
    },
    {
      "type": "Feature",
      "id": 83,
      "geometry": {
        "type": "Point",
        "coordinates": [
          147.323099888344,
          -42.8851084087051
        ]
      },
      "properties": {
        "OBJECTID": 83,
        "GlobalID": "61beeedc-1f53-4aea-9b0c-fb38f9a511bf",
        "Bin_Type": "ws",
        "Description": "Stainless Steel Box",
        "Responsible_Unit": "w",
        "last_edited_date": 1530252193527
      }
    },
    {
      "type": "Feature",
      "id": 84,
      "geometry": {
        "type": "Point",
        "coordinates": [
          147.318374228821,
          -42.8678530133221
        ]
      },
      "properties": {
        "OBJECTID": 84,
        "GlobalID": "671f2876-d192-4929-baed-1cdea92b1144",
        "Bin_Type": "ws",
        "Description": "Stainless Steel Box",
        "Responsible_Unit": "w",
        "last_edited_date": 1530252193527
      }
    },
    {
      "type": "Feature",
      "id": 85,
      "geometry": {
        "type": "Point",
        "coordinates": [
          147.316970497211,
          -42.8743331387531
        ]
      },
      "properties": {
        "OBJECTID": 85,
        "GlobalID": "0faf65a9-1f20-4ffa-bc73-018c91506214",
        "Bin_Type": "ws",
        "Description": "Stainless Steel Box",
        "Responsible_Unit": "w",
        "last_edited_date": 1530252193527
      }
    },
    {
      "type": "Feature",
      "id": 86,
      "geometry": {
        "type": "Point",
        "coordinates": [
          147.309428021187,
          -42.8945666782334
        ]
      },
      "properties": {
        "OBJECTID": 86,
        "GlobalID": "fa47eb17-3c74-44fb-8d05-b7f7f56dc76d",
        "Bin_Type": "ws",
        "Description": "120lt Cage General Waste",
        "Responsible_Unit": "w",
        "last_edited_date": 1530252193527
      }
    },
    {
      "type": "Feature",
      "id": 87,
      "geometry": {
        "type": "Point",
        "coordinates": [
          147.332009810859,
          -42.8896231213427
        ]
      },
      "properties": {
        "OBJECTID": 87,
        "GlobalID": "dd145048-7c5b-426a-aad5-78425fe56386",
        "Bin_Type": "ws",
        "Description": "25lt Drop Plastic",
        "Responsible_Unit": "w",
        "last_edited_date": 1530252193527
      }
    },
    {
      "type": "Feature",
      "id": 88,
      "geometry": {
        "type": "Point",
        "coordinates": [
          147.322476005539,
          -42.8899286845693
        ]
      },
      "properties": {
        "OBJECTID": 88,
        "GlobalID": "f62276fe-3bee-4a39-b19b-8d3cbfc69f4f",
        "Bin_Type": "ws",
        "Description": "25lt Drop Plastic",
        "Responsible_Unit": "w",
        "last_edited_date": 1530252193527
      }
    },
    {
      "type": "Feature",
      "id": 89,
      "geometry": {
        "type": "Point",
        "coordinates": [
          147.322566879972,
          -42.8920254564115
        ]
      },
      "properties": {
        "OBJECTID": 89,
        "GlobalID": "4c5bade1-b0af-40a5-9f4d-cbfd71ceaf95",
        "Bin_Type": "ws",
        "Description": "Stainless Steel Box",
        "Responsible_Unit": "w",
        "last_edited_date": 1530252193527
      }
    },
    {
      "type": "Feature",
      "id": 90,
      "geometry": {
        "type": "Point",
        "coordinates": [
          147.319919848974,
          -42.8921261787863
        ]
      },
      "properties": {
        "OBJECTID": 90,
        "GlobalID": "fade9ca1-16b0-447e-a46f-c78e27048fed",
        "Bin_Type": "ws",
        "Description": "Stainless Steel Box",
        "Responsible_Unit": "w",
        "last_edited_date": 1530252193527
      }
    },
    {
      "type": "Feature",
      "id": 91,
      "geometry": {
        "type": "Point",
        "coordinates": [
          147.326106444355,
          -42.8943921143599
        ]
      },
      "properties": {
        "OBJECTID": 91,
        "GlobalID": "7fba63af-8863-44c8-b45a-68976135b4c6",
        "Bin_Type": "ws",
        "Description": "Stainless Steel Box",
        "Responsible_Unit": "w",
        "last_edited_date": 1530252193527
      }
    },
    {
      "type": "Feature",
      "id": 92,
      "geometry": {
        "type": "Point",
        "coordinates": [
          147.329110522604,
          -42.8975939562316
        ]
      },
      "properties": {
        "OBJECTID": 92,
        "GlobalID": "8b4ceb8a-2f7c-4e82-8b90-5269f774b25e",
        "Bin_Type": "ws",
        "Description": "Stainless Steel Box",
        "Responsible_Unit": "w",
        "last_edited_date": 1530252193527
      }
    },
    {
      "type": "Feature",
      "id": 94,
      "geometry": {
        "type": "Point",
        "coordinates": [
          147.326511245109,
          -42.881689681343
        ]
      },
      "properties": {
        "OBJECTID": 94,
        "GlobalID": "698a652b-6d83-4fa6-bc86-630079e56476",
        "Bin_Type": "ws",
        "Description": "Stainless Steel Box",
        "Responsible_Unit": "w",
        "last_edited_date": 1530252193527
      }
    },
    {
      "type": "Feature",
      "id": 95,
      "geometry": {
        "type": "Point",
        "coordinates": [
          147.326527915062,
          -42.8816328952213
        ]
      },
      "properties": {
        "OBJECTID": 95,
        "GlobalID": "86dad5a6-5e22-4783-9357-7085f7a5653c",
        "Bin_Type": "ws",
        "Description": "Stainless Steel Box",
        "Responsible_Unit": "w",
        "last_edited_date": 1530252193527
      }
    },
    {
      "type": "Feature",
      "id": 96,
      "geometry": {
        "type": "Point",
        "coordinates": [
          147.326998698928,
          -42.8812661503183
        ]
      },
      "properties": {
        "OBJECTID": 96,
        "GlobalID": "2d94ed05-ac24-4dbe-889f-4bdf101777a6",
        "Bin_Type": "ws",
        "Description": "Stainless Steel Box",
        "Responsible_Unit": "w",
        "last_edited_date": 1530252193527
      }
    },
    {
      "type": "Feature",
      "id": 97,
      "geometry": {
        "type": "Point",
        "coordinates": [
          147.316154409736,
          -42.8924684351102
        ]
      },
      "properties": {
        "OBJECTID": 97,
        "GlobalID": "2a8f451e-72a4-43f6-b246-0bfeff735d77",
        "Bin_Type": "ws",
        "Description": "120lt Cage General Waste",
        "Responsible_Unit": "w",
        "last_edited_date": 1530252193527
      }
    },
    {
      "type": "Feature",
      "id": 98,
      "geometry": {
        "type": "Point",
        "coordinates": [
          147.315885108846,
          -42.892726579994
        ]
      },
      "properties": {
        "OBJECTID": 98,
        "GlobalID": "a3eed3bd-14b3-4378-adec-32adff804f96",
        "Bin_Type": "ws",
        "Description": "120lt Cage General Waste",
        "Responsible_Unit": "w",
        "last_edited_date": 1530252193527
      }
    },
    {
      "type": "Feature",
      "id": 99,
      "geometry": {
        "type": "Point",
        "coordinates": [
          147.319264007831,
          -42.8551239108449
        ]
      },
      "properties": {
        "OBJECTID": 99,
        "GlobalID": "80b03584-0d4b-45ae-a7d7-33cadac635d2",
        "Bin_Type": "ws",
        "Description": "120lt Cage General Waste",
        "Responsible_Unit": "p",
        "last_edited_date": 1533255771389
      }
    },
    {
      "type": "Feature",
      "id": 100,
      "geometry": {
        "type": "Point",
        "coordinates": [
          147.30367994096,
          -42.8565058569242
        ]
      },
      "properties": {
        "OBJECTID": 100,
        "GlobalID": "7afd6715-76fd-4c20-a257-abf1b0ea53a3",
        "Bin_Type": "ws",
        "Description": "120lt Cage General Waste",
        "Responsible_Unit": "w",
        "last_edited_date": 1530252193527
      }
    },
    {
      "type": "Feature",
      "id": 101,
      "geometry": {
        "type": "Point",
        "coordinates": [
          147.30525920235,
          -42.8545623525678
        ]
      },
      "properties": {
        "OBJECTID": 101,
        "GlobalID": "8120fde9-3df4-4d78-992e-0cc43e78039d",
        "Bin_Type": "ws",
        "Description": "Stainless Steel Box",
        "Responsible_Unit": "w",
        "last_edited_date": 1530252193527
      }
    },
    {
      "type": "Feature",
      "id": 102,
      "geometry": {
        "type": "Point",
        "coordinates": [
          147.29330732558,
          -42.906736509603
        ]
      },
      "properties": {
        "OBJECTID": 102,
        "GlobalID": "cee0c640-3246-4bc2-9028-21c1199fd20c",
        "Bin_Type": "ws",
        "Description": "120lt Cage General Waste",
        "Responsible_Unit": "p",
        "last_edited_date": 1536274466509
      }
    },
    {
      "type": "Feature",
      "id": 103,
      "geometry": {
        "type": "Point",
        "coordinates": [
          147.29276523622,
          -42.9078105152392
        ]
      },
      "properties": {
        "OBJECTID": 103,
        "GlobalID": "54c05463-353f-4982-8dae-8ed7416c5f2c",
        "Bin_Type": "ws",
        "Description": "120lt Cage General Waste",
        "Responsible_Unit": "p",
        "last_edited_date": 1536282699568
      }
    },
    {
      "type": "Feature",
      "id": 104,
      "geometry": {
        "type": "Point",
        "coordinates": [
          147.29720639721,
          -42.8530610753559
        ]
      },
      "properties": {
        "OBJECTID": 104,
        "GlobalID": "c90f5357-c221-4309-a15c-3e1b4d8614af",
        "Bin_Type": "ws",
        "Description": "120lt Cage General Waste",
        "Responsible_Unit": "p",
        "last_edited_date": 1543198910866
      }
    },
    {
      "type": "Feature",
      "id": 105,
      "geometry": {
        "type": "Point",
        "coordinates": [
          147.287787529092,
          -42.86174948649
        ]
      },
      "properties": {
        "OBJECTID": 105,
        "GlobalID": "6f15053f-7e04-4b8c-a182-9181cb48231a",
        "Bin_Type": "ws",
        "Description": "120lt Cage General Waste",
        "Responsible_Unit": "p",
        "last_edited_date": 1530252193527
      }
    },
    {
      "type": "Feature",
      "id": 106,
      "geometry": {
        "type": "Point",
        "coordinates": [
          147.285058991204,
          -42.909199466084
        ]
      },
      "properties": {
        "OBJECTID": 106,
        "GlobalID": "55304e34-192d-4b27-a0d5-bdf0a4ac4e04",
        "Bin_Type": "ws",
        "Description": "120lt Cage General Waste",
        "Responsible_Unit": "p",
        "last_edited_date": 1530252193527
      }
    },
    {
      "type": "Feature",
      "id": 107,
      "geometry": {
        "type": "Point",
        "coordinates": [
          147.285711598689,
          -42.9094564162691
        ]
      },
      "properties": {
        "OBJECTID": 107,
        "GlobalID": "a7c8ce1e-0bf6-4cc8-83c7-838b16857314",
        "Bin_Type": "ws",
        "Description": "120lt Cage General Waste",
        "Responsible_Unit": "p",
        "last_edited_date": 1530252193527
      }
    },
    {
      "type": "Feature",
      "id": 108,
      "geometry": {
        "type": "Point",
        "coordinates": [
          147.29072425736,
          -42.9087542571121
        ]
      },
      "properties": {
        "OBJECTID": 108,
        "GlobalID": "e30e471a-db98-4d9b-80aa-485e0a647b51",
        "Bin_Type": "ws",
        "Description": "Stainless Steel/Mod Wood",
        "Responsible_Unit": "b",
        "last_edited_date": 1536294628015
      }
    },
    {
      "type": "Feature",
      "id": 109,
      "geometry": {
        "type": "Point",
        "coordinates": [
          147.325083589816,
          -42.8874748823989
        ]
      },
      "properties": {
        "OBJECTID": 109,
        "GlobalID": "a98cc3b1-11c5-478c-8246-3e6207589520",
        "Bin_Type": "ws",
        "Description": "25lt Drop Plastic",
        "Responsible_Unit": "w",
        "last_edited_date": 1530252193527
      }
    },
    {
      "type": "Feature",
      "id": 110,
      "geometry": {
        "type": "Point",
        "coordinates": [
          147.309690272713,
          -42.9030862072659
        ]
      },
      "properties": {
        "OBJECTID": 110,
        "GlobalID": "9c002514-a2aa-4fef-b7f9-e4188e1650e4",
        "Bin_Type": "ws",
        "Description": "120lt Doggie Bins",
        "Responsible_Unit": "p",
        "last_edited_date": 1536275383092
      }
    },
    {
      "type": "Feature",
      "id": 111,
      "geometry": {
        "type": "Point",
        "coordinates": [
          147.325832696233,
          -42.8948102860099
        ]
      },
      "properties": {
        "OBJECTID": 111,
        "GlobalID": "70801fe9-6bc8-4705-b764-d3fc59f3b9fe",
        "Bin_Type": "ws",
        "Description": "25lt Drop Plastic",
        "Responsible_Unit": "w",
        "last_edited_date": 1530252193527
      }
    },
    {
      "type": "Feature",
      "id": 112,
      "geometry": {
        "type": "Point",
        "coordinates": [
          147.316015426411,
          -42.8735417085395
        ]
      },
      "properties": {
        "OBJECTID": 112,
        "GlobalID": "a54793c4-b392-44c9-a4f1-152266d3f5db",
        "Bin_Type": "ws",
        "Description": "Stainless Steel Box",
        "Responsible_Unit": "w",
        "last_edited_date": 1530252193527
      }
    },
    {
      "type": "Feature",
      "id": 113,
      "geometry": {
        "type": "Point",
        "coordinates": [
          147.315708322007,
          -42.8732763326457
        ]
      },
      "properties": {
        "OBJECTID": 113,
        "GlobalID": "6ecaa512-019e-41f9-be97-18fc7207a90d",
        "Bin_Type": "ws",
        "Description": "Stainless Steel Box",
        "Responsible_Unit": "w",
        "last_edited_date": 1530252193527
      }
    },
    {
      "type": "Feature",
      "id": 114,
      "geometry": {
        "type": "Point",
        "coordinates": [
          147.315059396906,
          -42.8726730066622
        ]
      },
      "properties": {
        "OBJECTID": 114,
        "GlobalID": "e70b555a-5ff6-479a-acc0-af836cd2a870",
        "Bin_Type": "ws",
        "Description": "Stainless Steel Box",
        "Responsible_Unit": "w",
        "last_edited_date": 1530252193527
      }
    },
    {
      "type": "Feature",
      "id": 115,
      "geometry": {
        "type": "Point",
        "coordinates": [
          147.323315400593,
          -42.8744870601034
        ]
      },
      "properties": {
        "OBJECTID": 115,
        "GlobalID": "2c1d624e-c180-4990-a553-d439d0dfe7f7",
        "Bin_Type": "ws",
        "Description": "Stainless Steel Box",
        "Responsible_Unit": "w",
        "last_edited_date": 1530252193527
      }
    },
    {
      "type": "Feature",
      "id": 117,
      "geometry": {
        "type": "Point",
        "coordinates": [
          147.331894278654,
          -42.8757272399619
        ]
      },
      "properties": {
        "OBJECTID": 117,
        "GlobalID": "722327ab-64e0-4522-8379-e4f3122bd3dc",
        "Bin_Type": "ws",
        "Description": "120lt Cage General Waste",
        "Responsible_Unit": "p",
        "last_edited_date": 1530252193527
      }
    },
    {
      "type": "Feature",
      "id": 118,
      "geometry": {
        "type": "Point",
        "coordinates": [
          147.332005536832,
          -42.8759404306753
        ]
      },
      "properties": {
        "OBJECTID": 118,
        "GlobalID": "6da472dd-c639-4f87-bec3-45373cf567ae",
        "Bin_Type": "ws",
        "Description": "120lt Cage General Waste",
        "Responsible_Unit": "p",
        "last_edited_date": 1530252193527
      }
    },
    {
      "type": "Feature",
      "id": 119,
      "geometry": {
        "type": "Point",
        "coordinates": [
          147.332174823492,
          -42.8757742831288
        ]
      },
      "properties": {
        "OBJECTID": 119,
        "GlobalID": "a7fd6ea9-3ea3-4752-a160-4d24d9698185",
        "Bin_Type": "ws",
        "Description": "120lt Cage General Waste",
        "Responsible_Unit": "p",
        "last_edited_date": 1530252193527
      }
    },
    {
      "type": "Feature",
      "id": 120,
      "geometry": {
        "type": "Point",
        "coordinates": [
          147.324574047291,
          -42.8706018726402
        ]
      },
      "properties": {
        "OBJECTID": 120,
        "GlobalID": "7cb1049e-a435-4262-aaed-dacca5ef8281",
        "Bin_Type": "ws",
        "Description": "120lt Cage General Waste",
        "Responsible_Unit": "p",
        "last_edited_date": 1530252193527
      }
    },
    {
      "type": "Feature",
      "id": 121,
      "geometry": {
        "type": "Point",
        "coordinates": [
          147.332884103062,
          -42.8762075994087
        ]
      },
      "properties": {
        "OBJECTID": 121,
        "GlobalID": "3c293511-8ea4-43a2-800e-fe26cb03d484",
        "Bin_Type": "ws",
        "Description": "120lt Cage General Waste",
        "Responsible_Unit": "p",
        "last_edited_date": 1530252193527
      }
    },
    {
      "type": "Feature",
      "id": 122,
      "geometry": {
        "type": "Point",
        "coordinates": [
          147.326749007657,
          -42.8787740047851
        ]
      },
      "properties": {
        "OBJECTID": 122,
        "GlobalID": "a9e73181-6b66-4416-8d4a-36ff9822cd98",
        "Bin_Type": "ws",
        "Description": "120lt Cage General Waste",
        "Responsible_Unit": "w",
        "last_edited_date": 1530252193527
      }
    },
    {
      "type": "Feature",
      "id": 123,
      "geometry": {
        "type": "Point",
        "coordinates": [
          147.319551270292,
          -42.8932270111227
        ]
      },
      "properties": {
        "OBJECTID": 123,
        "GlobalID": "b9da9a64-64e7-4fb9-a2de-38bd545e65b1",
        "Bin_Type": "ws",
        "Description": "120lt Doggie Bins",
        "Responsible_Unit": "p",
        "last_edited_date": 1531434323260
      }
    },
    {
      "type": "Feature",
      "id": 124,
      "geometry": {
        "type": "Point",
        "coordinates": [
          147.337292307515,
          -42.892196804252
        ]
      },
      "properties": {
        "OBJECTID": 124,
        "GlobalID": "df75a73c-03bb-4d12-95f8-bb365036a686",
        "Bin_Type": "ws",
        "Description": "120lt Cage General Waste",
        "Responsible_Unit": "w",
        "last_edited_date": 1530252193527
      }
    },
    {
      "type": "Feature",
      "id": 125,
      "geometry": {
        "type": "Point",
        "coordinates": [
          147.328328909496,
          -42.8811685536385
        ]
      },
      "properties": {
        "OBJECTID": 125,
        "GlobalID": "61cbb576-8960-4f20-9400-979bd1d34b44",
        "Bin_Type": "ws",
        "Description": "Stainless Steel Box",
        "Responsible_Unit": "w",
        "last_edited_date": 1530252193527
      }
    },
    {
      "type": "Feature",
      "id": 126,
      "geometry": {
        "type": "Point",
        "coordinates": [
          147.327814453297,
          -42.8815253539698
        ]
      },
      "properties": {
        "OBJECTID": 126,
        "GlobalID": "46c18853-cb4c-486d-a1f4-89389d88985a",
        "Bin_Type": "ws",
        "Description": "Stainless Steel Box",
        "Responsible_Unit": "w",
        "last_edited_date": 1530252193527
      }
    },
    {
      "type": "Feature",
      "id": 127,
      "geometry": {
        "type": "Point",
        "coordinates": [
          147.329969537548,
          -42.8830539199305
        ]
      },
      "properties": {
        "OBJECTID": 127,
        "GlobalID": "67af47d9-e115-4c7f-a575-ae015bf41756",
        "Bin_Type": "ws",
        "Description": "Stainless Steel Box",
        "Responsible_Unit": "w",
        "last_edited_date": 1530252193527
      }
    },
    {
      "type": "Feature",
      "id": 128,
      "geometry": {
        "type": "Point",
        "coordinates": [
          147.32976627048,
          -42.8832255137207
        ]
      },
      "properties": {
        "OBJECTID": 128,
        "GlobalID": "50e82fe8-b759-40da-bbc5-bd615a679f0f",
        "Bin_Type": "ws",
        "Description": "Stainless Steel Box",
        "Responsible_Unit": "w",
        "last_edited_date": 1530252193527
      }
    },
    {
      "type": "Feature",
      "id": 130,
      "geometry": {
        "type": "Point",
        "coordinates": [
          147.333047046485,
          -42.8831823197313
        ]
      },
      "properties": {
        "OBJECTID": 130,
        "GlobalID": "b7a9effa-c94e-478d-a012-dd66073791b6",
        "Bin_Type": "ws",
        "Description": "Stainless Steel Box",
        "Responsible_Unit": "w",
        "last_edited_date": 1530252193527
      }
    },
    {
      "type": "Feature",
      "id": 131,
      "geometry": {
        "type": "Point",
        "coordinates": [
          147.332274371013,
          -42.8863233953406
        ]
      },
      "properties": {
        "OBJECTID": 131,
        "GlobalID": "7d6e69b1-167b-4456-b0e6-bab14451d580",
        "Bin_Type": "ws",
        "Description": "Stainless Steel Box",
        "Responsible_Unit": "w",
        "last_edited_date": 1530252193527
      }
    },
    {
      "type": "Feature",
      "id": 132,
      "geometry": {
        "type": "Point",
        "coordinates": [
          147.324972232614,
          -42.8845867560782
        ]
      },
      "properties": {
        "OBJECTID": 132,
        "GlobalID": "6c6e0ebf-7d5a-434f-90f0-279830c5f833",
        "Bin_Type": "ws",
        "Description": "Stainless Steel Box",
        "Responsible_Unit": "w",
        "last_edited_date": 1530252193527
      }
    },
    {
      "type": "Feature",
      "id": 134,
      "geometry": {
        "type": "Point",
        "coordinates": [
          147.330464767208,
          -42.8826436102964
        ]
      },
      "properties": {
        "OBJECTID": 134,
        "GlobalID": "75652f05-492d-43af-aaa4-c210514fef6c",
        "Bin_Type": "ws",
        "Description": "Stainless Steel Box",
        "Responsible_Unit": "w",
        "last_edited_date": 1530252193527
      }
    },
    {
      "type": "Feature",
      "id": 135,
      "geometry": {
        "type": "Point",
        "coordinates": [
          147.311520799532,
          -42.8838050591681
        ]
      },
      "properties": {
        "OBJECTID": 135,
        "GlobalID": "a2c510c9-d52b-48ac-8f79-92cb474c306f",
        "Bin_Type": "ws",
        "Description": "25lt Drop Plastic",
        "Responsible_Unit": "w",
        "last_edited_date": 1530252193527
      }
    },
    {
      "type": "Feature",
      "id": 137,
      "geometry": {
        "type": "Point",
        "coordinates": [
          147.31150477861,
          -42.8795645070235
        ]
      },
      "properties": {
        "OBJECTID": 137,
        "GlobalID": "525ea782-8ccd-4119-aec3-eac13303453b",
        "Bin_Type": "ws",
        "Description": "120lt Cage General Waste",
        "Responsible_Unit": "w",
        "last_edited_date": 1530252193527
      }
    },
    {
      "type": "Feature",
      "id": 138,
      "geometry": {
        "type": "Point",
        "coordinates": [
          147.31017778641,
          -42.8784363351917
        ]
      },
      "properties": {
        "OBJECTID": 138,
        "GlobalID": "8e5e7193-c551-4a17-b1ad-38c3c6ad56f1",
        "Bin_Type": "ws",
        "Description": "25lt Drop Plastic",
        "Responsible_Unit": "w",
        "last_edited_date": 1530252193527
      }
    },
    {
      "type": "Feature",
      "id": 139,
      "geometry": {
        "type": "Point",
        "coordinates": [
          147.332123236108,
          -42.8870841279864
        ]
      },
      "properties": {
        "OBJECTID": 139,
        "GlobalID": "1f479b46-daed-4177-b3a5-5fee7b67ffaf",
        "Bin_Type": "rs",
        "Description": "120lt Cage Recycling",
        "Responsible_Unit": "p",
        "last_edited_date": 1530252193527
      }
    },
    {
      "type": "Feature",
      "id": 140,
      "geometry": {
        "type": "Point",
        "coordinates": [
          147.332829275775,
          -42.8761806033937
        ]
      },
      "properties": {
        "OBJECTID": 140,
        "GlobalID": "ad104bbd-94f5-4ec7-ade3-66ae48b816a7",
        "Bin_Type": "ws",
        "Description": "240lt Cage General Waste",
        "Responsible_Unit": "p",
        "last_edited_date": 1530252193527
      }
    },
    {
      "type": "Feature",
      "id": 142,
      "geometry": {
        "type": "Point",
        "coordinates": [
          147.311232320737,
          -42.8600933033561
        ]
      },
      "properties": {
        "OBJECTID": 142,
        "GlobalID": "40e82d26-257b-412c-9f95-7d2dc132ff45",
        "Bin_Type": "ws",
        "Description": "120lt Cage General Waste",
        "Responsible_Unit": "p",
        "last_edited_date": 1543199467697
      }
    },
    {
      "type": "Feature",
      "id": 143,
      "geometry": {
        "type": "Point",
        "coordinates": [
          147.311416932157,
          -42.8670522679017
        ]
      },
      "properties": {
        "OBJECTID": 143,
        "GlobalID": "00cc7e13-76e6-4852-8b22-f66718003f3e",
        "Bin_Type": "ws",
        "Description": "Stainless Steel Box",
        "Responsible_Unit": "w",
        "last_edited_date": 1530252193527
      }
    },
    {
      "type": "Feature",
      "id": 144,
      "geometry": {
        "type": "Point",
        "coordinates": [
          147.330114530977,
          -42.898981882735
        ]
      },
      "properties": {
        "OBJECTID": 144,
        "GlobalID": "269b6313-6286-484f-90eb-c00f281b011a",
        "Bin_Type": "ws",
        "Description": "25lt Drop Plastic",
        "Responsible_Unit": "w",
        "last_edited_date": 1530252193527
      }
    },
    {
      "type": "Feature",
      "id": 145,
      "geometry": {
        "type": "Point",
        "coordinates": [
          147.308630846589,
          -42.8954640667041
        ]
      },
      "properties": {
        "OBJECTID": 145,
        "GlobalID": "b3d08d78-1e90-49de-8ea5-58147f1282ac",
        "Bin_Type": "ws",
        "Description": "Stainless Steel/Mod Wood",
        "Responsible_Unit": "p",
        "last_edited_date": 1531954178186
      }
    },
    {
      "type": "Feature",
      "id": 146,
      "geometry": {
        "type": "Point",
        "coordinates": [
          147.290666435004,
          -42.9087623987679
        ]
      },
      "properties": {
        "OBJECTID": 146,
        "GlobalID": "cecf6c2d-4cc0-4231-a0b4-8fedbe3e574f",
        "Bin_Type": "ws",
        "Description": "240lt Cage General Waste",
        "Responsible_Unit": "p",
        "last_edited_date": 1536272802489
      }
    },
    {
      "type": "Feature",
      "id": 147,
      "geometry": {
        "type": "Point",
        "coordinates": [
          147.334221993685,
          -42.8865705518554
        ]
      },
      "properties": {
        "OBJECTID": 147,
        "GlobalID": "a8910835-f2d2-43fe-8bed-579ff861ade6",
        "Bin_Type": "ws",
        "Description": "Stainless Steel Box",
        "Responsible_Unit": "w",
        "last_edited_date": 1530252193527
      }
    },
    {
      "type": "Feature",
      "id": 148,
      "geometry": {
        "type": "Point",
        "coordinates": [
          147.334004397857,
          -42.8867837244395
        ]
      },
      "properties": {
        "OBJECTID": 148,
        "GlobalID": "d0bae444-8192-4215-9d4c-c2afb2fa6f10",
        "Bin_Type": "ws",
        "Description": "Stainless Steel Box",
        "Responsible_Unit": "w",
        "last_edited_date": 1530252193527
      }
    },
    {
      "type": "Feature",
      "id": 149,
      "geometry": {
        "type": "Point",
        "coordinates": [
          147.333176382505,
          -42.8867724967024
        ]
      },
      "properties": {
        "OBJECTID": 149,
        "GlobalID": "bb25c318-f98d-4481-a76d-71ab142e0ecf",
        "Bin_Type": "ws",
        "Description": "Stainless Steel Box",
        "Responsible_Unit": "w",
        "last_edited_date": 1530252193527
      }
    },
    {
      "type": "Feature",
      "id": 150,
      "geometry": {
        "type": "Point",
        "coordinates": [
          147.331698892703,
          -42.8867516845216
        ]
      },
      "properties": {
        "OBJECTID": 150,
        "GlobalID": "2c93cb95-7867-4e60-b1cf-3295c6b1c709",
        "Bin_Type": "ws",
        "Description": "Stainless Steel Box",
        "Responsible_Unit": "w",
        "last_edited_date": 1530252193527
      }
    },
    {
      "type": "Feature",
      "id": 151,
      "geometry": {
        "type": "Point",
        "coordinates": [
          147.331610822279,
          -42.8875472047304
        ]
      },
      "properties": {
        "OBJECTID": 151,
        "GlobalID": "90956b1f-cfb2-4c6f-8b50-fff3d8bee541",
        "Bin_Type": "ws",
        "Description": "Stainless Steel Box",
        "Responsible_Unit": "w",
        "last_edited_date": 1530252193527
      }
    },
    {
      "type": "Feature",
      "id": 152,
      "geometry": {
        "type": "Point",
        "coordinates": [
          147.331429062215,
          -42.8844308279721
        ]
      },
      "properties": {
        "OBJECTID": 152,
        "GlobalID": "5afbcc98-4f59-497c-a29b-ede95ed79144",
        "Bin_Type": "ws",
        "Description": "Stainless Steel Box",
        "Responsible_Unit": "w",
        "last_edited_date": 1530252193527
      }
    },
    {
      "type": "Feature",
      "id": 153,
      "geometry": {
        "type": "Point",
        "coordinates": [
          147.332464225212,
          -42.8831468398616
        ]
      },
      "properties": {
        "OBJECTID": 153,
        "GlobalID": "9b86cd85-646b-4e3c-99e3-e623afa39d93",
        "Bin_Type": "ws",
        "Description": "Stainless Steel Box",
        "Responsible_Unit": "w",
        "last_edited_date": 1530252193527
      }
    },
    {
      "type": "Feature",
      "id": 154,
      "geometry": {
        "type": "Point",
        "coordinates": [
          147.33250759011,
          -42.8826982878029
        ]
      },
      "properties": {
        "OBJECTID": 154,
        "GlobalID": "1c37367d-e6c6-4767-82c5-5b0f8c50b508",
        "Bin_Type": "ws",
        "Description": "Stainless Steel Box",
        "Responsible_Unit": "w",
        "last_edited_date": 1530252193527
      }
    },
    {
      "type": "Feature",
      "id": 155,
      "geometry": {
        "type": "Point",
        "coordinates": [
          147.331232447983,
          -42.8830229810382
        ]
      },
      "properties": {
        "OBJECTID": 155,
        "GlobalID": "fd0e8824-212f-423e-935f-ef0ae3b8a469",
        "Bin_Type": "ws",
        "Description": "Stainless Steel Box",
        "Responsible_Unit": "w",
        "last_edited_date": 1530252193527
      }
    },
    {
      "type": "Feature",
      "id": 156,
      "geometry": {
        "type": "Point",
        "coordinates": [
          147.329416259367,
          -42.8842846901145
        ]
      },
      "properties": {
        "OBJECTID": 156,
        "GlobalID": "db836c99-f906-4a68-9220-a5c6fcdf471a",
        "Bin_Type": "ws",
        "Description": "Stainless Steel Box",
        "Responsible_Unit": "w",
        "last_edited_date": 1530252193527
      }
    },
    {
      "type": "Feature",
      "id": 157,
      "geometry": {
        "type": "Point",
        "coordinates": [
          147.329349902175,
          -42.8844983048228
        ]
      },
      "properties": {
        "OBJECTID": 157,
        "GlobalID": "ddccaff8-4ca7-49a2-9e5a-f913e53d8d92",
        "Bin_Type": "ws",
        "Description": "Stainless Steel Box",
        "Responsible_Unit": "w",
        "last_edited_date": 1530252193527
      }
    },
    {
      "type": "Feature",
      "id": 158,
      "geometry": {
        "type": "Point",
        "coordinates": [
          147.322743441294,
          -42.8858894794342
        ]
      },
      "properties": {
        "OBJECTID": 158,
        "GlobalID": "f6527fba-977d-4e52-a730-dea9cee383ca",
        "Bin_Type": "ws",
        "Description": "Stainless Steel Box",
        "Responsible_Unit": "w",
        "last_edited_date": 1530252193527
      }
    },
    {
      "type": "Feature",
      "id": 159,
      "geometry": {
        "type": "Point",
        "coordinates": [
          147.324113092482,
          -42.8857919583627
        ]
      },
      "properties": {
        "OBJECTID": 159,
        "GlobalID": "d8d62880-b526-4e99-a512-3f1d9188c0b6",
        "Bin_Type": "ws",
        "Description": "Stainless Steel Box",
        "Responsible_Unit": "w",
        "last_edited_date": 1530252193527
      }
    },
    {
      "type": "Feature",
      "id": 160,
      "geometry": {
        "type": "Point",
        "coordinates": [
          147.32998004016,
          -42.8813244995859
        ]
      },
      "properties": {
        "OBJECTID": 160,
        "GlobalID": "eae8094b-0372-4ce1-b62f-04e8f62b6f6e",
        "Bin_Type": "ws",
        "Description": "Stainless Steel Box",
        "Responsible_Unit": "w",
        "last_edited_date": 1530252193527
      }
    },
    {
      "type": "Feature",
      "id": 161,
      "geometry": {
        "type": "Point",
        "coordinates": [
          147.330005142928,
          -42.881078003509
        ]
      },
      "properties": {
        "OBJECTID": 161,
        "GlobalID": "503b8d68-efe2-4593-9b61-b395bc547655",
        "Bin_Type": "ws",
        "Description": "Stainless Steel Box",
        "Responsible_Unit": "w",
        "last_edited_date": 1530252193527
      }
    },
    {
      "type": "Feature",
      "id": 162,
      "geometry": {
        "type": "Point",
        "coordinates": [
          147.326248472851,
          -42.880966614959
        ]
      },
      "properties": {
        "OBJECTID": 162,
        "GlobalID": "6ea13b2e-2880-4764-a8fe-0311de712bce",
        "Bin_Type": "ws",
        "Description": "Stainless Steel Box",
        "Responsible_Unit": "w",
        "last_edited_date": 1530252193527
      }
    },
    {
      "type": "Feature",
      "id": 163,
      "geometry": {
        "type": "Point",
        "coordinates": [
          147.325992563666,
          -42.8806649748979
        ]
      },
      "properties": {
        "OBJECTID": 163,
        "GlobalID": "1b15a975-b47e-45c2-94d2-f336bf42d823",
        "Bin_Type": "ws",
        "Description": "Stainless Steel Box",
        "Responsible_Unit": "w",
        "last_edited_date": 1530252193527
      }
    },
    {
      "type": "Feature",
      "id": 164,
      "geometry": {
        "type": "Point",
        "coordinates": [
          147.3285451742,
          -42.8818494635471
        ]
      },
      "properties": {
        "OBJECTID": 164,
        "GlobalID": "2200053e-db3a-476a-9b6a-59cf5d4bb211",
        "Bin_Type": "ws",
        "Description": "Stainless Steel Box",
        "Responsible_Unit": "w",
        "last_edited_date": 1530252193527
      }
    },
    {
      "type": "Feature",
      "id": 165,
      "geometry": {
        "type": "Point",
        "coordinates": [
          147.328324991055,
          -42.8817516910111
        ]
      },
      "properties": {
        "OBJECTID": 165,
        "GlobalID": "86eaeee7-40b7-4a71-ae96-b72756ad49eb",
        "Bin_Type": "ws",
        "Description": "Stainless Steel Box",
        "Responsible_Unit": "w",
        "last_edited_date": 1530252193527
      }
    },
    {
      "type": "Feature",
      "id": 166,
      "geometry": {
        "type": "Point",
        "coordinates": [
          147.328143241703,
          -42.881789391193
        ]
      },
      "properties": {
        "OBJECTID": 166,
        "GlobalID": "9a24de16-fcc4-4f39-b8cd-ae5e541f05c8",
        "Bin_Type": "ws",
        "Description": "Stainless Steel Box",
        "Responsible_Unit": "w",
        "last_edited_date": 1530252193527
      }
    },
    {
      "type": "Feature",
      "id": 167,
      "geometry": {
        "type": "Point",
        "coordinates": [
          147.327561117076,
          -42.8815163911603
        ]
      },
      "properties": {
        "OBJECTID": 167,
        "GlobalID": "000a1df9-f695-4d1b-973e-c743dea91385",
        "Bin_Type": "ws",
        "Description": "Stainless Steel Box",
        "Responsible_Unit": "w",
        "last_edited_date": 1530252193527
      }
    },
    {
      "type": "Feature",
      "id": 168,
      "geometry": {
        "type": "Point",
        "coordinates": [
          147.327258794179,
          -42.8813593771486
        ]
      },
      "properties": {
        "OBJECTID": 168,
        "GlobalID": "d25f466d-8ef0-464c-82e9-7908ce43b851",
        "Bin_Type": "ws",
        "Description": "Stainless Steel Box",
        "Responsible_Unit": "w",
        "last_edited_date": 1530252193527
      }
    },
    {
      "type": "Feature",
      "id": 169,
      "geometry": {
        "type": "Point",
        "coordinates": [
          147.328528848277,
          -42.8819476749966
        ]
      },
      "properties": {
        "OBJECTID": 169,
        "GlobalID": "6bb5d602-40fa-4028-9849-e6e0e54d4573",
        "Bin_Type": "ws",
        "Description": "Stainless Steel Box",
        "Responsible_Unit": "w",
        "last_edited_date": 1530252193527
      }
    },
    {
      "type": "Feature",
      "id": 170,
      "geometry": {
        "type": "Point",
        "coordinates": [
          147.327440482799,
          -42.8813584947746
        ]
      },
      "properties": {
        "OBJECTID": 170,
        "GlobalID": "062959be-14da-442b-82a8-efe6ecd5eebe",
        "Bin_Type": "ws",
        "Description": "Stainless Steel Box",
        "Responsible_Unit": "w",
        "last_edited_date": 1530252193527
      }
    },
    {
      "type": "Feature",
      "id": 171,
      "geometry": {
        "type": "Point",
        "coordinates": [
          147.318971810237,
          -42.8733437478188
        ]
      },
      "properties": {
        "OBJECTID": 171,
        "GlobalID": "3e325cb0-a999-4cdc-a298-b4ffc79e334a",
        "Bin_Type": "ws",
        "Description": "Stainless Steel Box",
        "Responsible_Unit": "w",
        "last_edited_date": 1530252193527
      }
    },
    {
      "type": "Feature",
      "id": 172,
      "geometry": {
        "type": "Point",
        "coordinates": [
          147.329603063171,
          -42.8808375233663
        ]
      },
      "properties": {
        "OBJECTID": 172,
        "GlobalID": "cea3ae20-f8cd-460a-9944-35b920eac196",
        "Bin_Type": "ws",
        "Description": "Stainless Steel Box",
        "Responsible_Unit": "w",
        "last_edited_date": 1530252193527
      }
    },
    {
      "type": "Feature",
      "id": 173,
      "geometry": {
        "type": "Point",
        "coordinates": [
          147.329343437621,
          -42.8809240339365
        ]
      },
      "properties": {
        "OBJECTID": 173,
        "GlobalID": "fb2e90b6-357e-42ae-96af-0f02866796d1",
        "Bin_Type": "ws",
        "Description": "Stainless Steel Box",
        "Responsible_Unit": "w",
        "last_edited_date": 1530252193527
      }
    },
    {
      "type": "Feature",
      "id": 174,
      "geometry": {
        "type": "Point",
        "coordinates": [
          147.325401818714,
          -42.8778723704111
        ]
      },
      "properties": {
        "OBJECTID": 174,
        "GlobalID": "a84c9508-0c3c-484d-a13d-b4945368d0bb",
        "Bin_Type": "ws",
        "Description": "Stainless Steel Box",
        "Responsible_Unit": "w",
        "last_edited_date": 1530252193527
      }
    },
    {
      "type": "Feature",
      "id": 175,
      "geometry": {
        "type": "Point",
        "coordinates": [
          147.330665697772,
          -42.8863900511192
        ]
      },
      "properties": {
        "OBJECTID": 175,
        "GlobalID": "ce9e7658-cf8f-4382-bc37-0e7f18f42440",
        "Bin_Type": "ws",
        "Description": "Stainless Steel Box",
        "Responsible_Unit": "w",
        "last_edited_date": 1530252193527
      }
    },
    {
      "type": "Feature",
      "id": 176,
      "geometry": {
        "type": "Point",
        "coordinates": [
          147.305903440479,
          -42.8596290871964
        ]
      },
      "properties": {
        "OBJECTID": 176,
        "GlobalID": "55e5ada5-b696-47cb-90fc-2d4390cb8398",
        "Bin_Type": "ws",
        "Description": "Stainless Steel Box",
        "Responsible_Unit": "w",
        "last_edited_date": 1530252193527
      }
    },
    {
      "type": "Feature",
      "id": 177,
      "geometry": {
        "type": "Point",
        "coordinates": [
          147.306984100138,
          -42.8600148872491
        ]
      },
      "properties": {
        "OBJECTID": 177,
        "GlobalID": "51ed002e-6df9-4a1e-ab67-d6ba2e5b2fd3",
        "Bin_Type": "ws",
        "Description": "Stainless Steel Box",
        "Responsible_Unit": "w",
        "last_edited_date": 1530252193527
      }
    },
    {
      "type": "Feature",
      "id": 178,
      "geometry": {
        "type": "Point",
        "coordinates": [
          147.328471915057,
          -42.8779440218959
        ]
      },
      "properties": {
        "OBJECTID": 178,
        "GlobalID": "2ffb0730-ac72-45b0-8d4c-a4b6898c2e63",
        "Bin_Type": "ws",
        "Description": "Stainless Steel Box",
        "Responsible_Unit": "w",
        "last_edited_date": 1530252193527
      }
    },
    {
      "type": "Feature",
      "id": 179,
      "geometry": {
        "type": "Point",
        "coordinates": [
          147.328247493391,
          -42.8777679217309
        ]
      },
      "properties": {
        "OBJECTID": 179,
        "GlobalID": "44fcd47f-e5bd-4ff5-8886-e2cc2942b7c6",
        "Bin_Type": "ws",
        "Description": "Stainless Steel Box",
        "Responsible_Unit": "w",
        "last_edited_date": 1530252193527
      }
    },
    {
      "type": "Feature",
      "id": 180,
      "geometry": {
        "type": "Point",
        "coordinates": [
          147.305223094664,
          -42.8592416431749
        ]
      },
      "properties": {
        "OBJECTID": 180,
        "GlobalID": "0c2efd99-ccc7-4ab6-a882-69e9fd72a3aa",
        "Bin_Type": "ws",
        "Description": "Stainless Steel Box",
        "Responsible_Unit": "w",
        "last_edited_date": 1530252193527
      }
    },
    {
      "type": "Feature",
      "id": 181,
      "geometry": {
        "type": "Point",
        "coordinates": [
          147.325477118613,
          -42.8840155859955
        ]
      },
      "properties": {
        "OBJECTID": 181,
        "GlobalID": "dbbdfb62-dba4-4095-93b9-50741f9aa132",
        "Bin_Type": "ws",
        "Description": "Stainless Steel Box",
        "Responsible_Unit": "w",
        "last_edited_date": 1530252193527
      }
    },
    {
      "type": "Feature",
      "id": 182,
      "geometry": {
        "type": "Point",
        "coordinates": [
          147.325530825394,
          -42.8841240818033
        ]
      },
      "properties": {
        "OBJECTID": 182,
        "GlobalID": "e3118b25-5cbf-48cf-8398-9d44ef1d81a6",
        "Bin_Type": "ws",
        "Description": "Stainless Steel Box",
        "Responsible_Unit": "w",
        "last_edited_date": 1530252193527
      }
    },
    {
      "type": "Feature",
      "id": 183,
      "geometry": {
        "type": "Point",
        "coordinates": [
          147.328647268261,
          -42.8815358142904
        ]
      },
      "properties": {
        "OBJECTID": 183,
        "GlobalID": "0603f945-415d-43ca-8098-fa07117e6e8e",
        "Bin_Type": "ws",
        "Description": "Stainless Steel Box",
        "Responsible_Unit": "w",
        "last_edited_date": 1530252193527
      }
    },
    {
      "type": "Feature",
      "id": 184,
      "geometry": {
        "type": "Point",
        "coordinates": [
          147.315881080589,
          -42.8736220182274
        ]
      },
      "properties": {
        "OBJECTID": 184,
        "GlobalID": "a55f1c49-18d4-4ea3-81f0-605cc78b315a",
        "Bin_Type": "ws",
        "Description": "Stainless Steel Box",
        "Responsible_Unit": "w",
        "last_edited_date": 1530252193527
      }
    },
    {
      "type": "Feature",
      "id": 185,
      "geometry": {
        "type": "Point",
        "coordinates": [
          147.317752580129,
          -42.8752093124715
        ]
      },
      "properties": {
        "OBJECTID": 185,
        "GlobalID": "146bb567-0a34-41fe-8859-4c0311f0ae69",
        "Bin_Type": "ws",
        "Description": "Stainless Steel Box",
        "Responsible_Unit": "w",
        "last_edited_date": 1530252193527
      }
    },
    {
      "type": "Feature",
      "id": 186,
      "geometry": {
        "type": "Point",
        "coordinates": [
          147.318222065994,
          -42.8762328657708
        ]
      },
      "properties": {
        "OBJECTID": 186,
        "GlobalID": "07d556fb-3afc-4764-aa6d-d9ccca25ab3b",
        "Bin_Type": "ws",
        "Description": "Stainless Steel Box",
        "Responsible_Unit": "w",
        "last_edited_date": 1530252193527
      }
    },
    {
      "type": "Feature",
      "id": 187,
      "geometry": {
        "type": "Point",
        "coordinates": [
          147.319152907752,
          -42.8778247442378
        ]
      },
      "properties": {
        "OBJECTID": 187,
        "GlobalID": "2662cc6c-bafd-47d6-8a9d-0ea9ba6cd4a1",
        "Bin_Type": "ws",
        "Description": "Stainless Steel Box",
        "Responsible_Unit": "w",
        "last_edited_date": 1530252193527
      }
    },
    {
      "type": "Feature",
      "id": 188,
      "geometry": {
        "type": "Point",
        "coordinates": [
          147.32195726479,
          -42.8788395261517
        ]
      },
      "properties": {
        "OBJECTID": 188,
        "GlobalID": "c57c30b5-7cb6-4c34-871a-3f66dfcd0639",
        "Bin_Type": "ws",
        "Description": "Stainless Steel Box",
        "Responsible_Unit": "w",
        "last_edited_date": 1530252193527
      }
    },
    {
      "type": "Feature",
      "id": 189,
      "geometry": {
        "type": "Point",
        "coordinates": [
          147.326731763106,
          -42.8817259486444
        ]
      },
      "properties": {
        "OBJECTID": 189,
        "GlobalID": "ad416889-ecbd-47d9-836a-6056087a49c0",
        "Bin_Type": "ws",
        "Description": "Stainless Steel Box",
        "Responsible_Unit": "w",
        "last_edited_date": 1530252193527
      }
    },
    {
      "type": "Feature",
      "id": 190,
      "geometry": {
        "type": "Point",
        "coordinates": [
          147.326031434163,
          -42.8822434307576
        ]
      },
      "properties": {
        "OBJECTID": 190,
        "GlobalID": "0b35af06-ef25-4633-aeb9-faef477a7f5b",
        "Bin_Type": "ws",
        "Description": "Stainless Steel Box",
        "Responsible_Unit": "w",
        "last_edited_date": 1530252193527
      }
    },
    {
      "type": "Feature",
      "id": 191,
      "geometry": {
        "type": "Point",
        "coordinates": [
          147.325707654911,
          -42.882530269459
        ]
      },
      "properties": {
        "OBJECTID": 191,
        "GlobalID": "e6b37486-11ed-4799-86fc-9d8ae1ad6a51",
        "Bin_Type": "ws",
        "Description": "Stainless Steel Box",
        "Responsible_Unit": "w",
        "last_edited_date": 1530252193527
      }
    },
    {
      "type": "Feature",
      "id": 192,
      "geometry": {
        "type": "Point",
        "coordinates": [
          147.325892116783,
          -42.8826126605418
        ]
      },
      "properties": {
        "OBJECTID": 192,
        "GlobalID": "f075a300-00db-4021-bcd5-b256bfc9ed26",
        "Bin_Type": "ws",
        "Description": "Stainless Steel Box",
        "Responsible_Unit": "w",
        "last_edited_date": 1530252193527
      }
    },
    {
      "type": "Feature",
      "id": 193,
      "geometry": {
        "type": "Point",
        "coordinates": [
          147.325796592159,
          -42.88268441259
        ]
      },
      "properties": {
        "OBJECTID": 193,
        "GlobalID": "68f611dd-f9d2-4025-89fe-1dfc819c0afa",
        "Bin_Type": "ws",
        "Description": "Stainless Steel Box",
        "Responsible_Unit": "w",
        "last_edited_date": 1530252193527
      }
    },
    {
      "type": "Feature",
      "id": 194,
      "geometry": {
        "type": "Point",
        "coordinates": [
          147.325583795098,
          -42.8826354583356
        ]
      },
      "properties": {
        "OBJECTID": 194,
        "GlobalID": "536a120c-f738-4ffa-9f8d-20f65f8c4d5a",
        "Bin_Type": "ws",
        "Description": "Stainless Steel Box",
        "Responsible_Unit": "w",
        "last_edited_date": 1530252193527
      }
    },
    {
      "type": "Feature",
      "id": 195,
      "geometry": {
        "type": "Point",
        "coordinates": [
          147.326547634053,
          -42.8830577781444
        ]
      },
      "properties": {
        "OBJECTID": 195,
        "GlobalID": "54c1e2cf-0402-485c-9fb3-890e3d9f89cb",
        "Bin_Type": "ws",
        "Description": "Stainless Steel Box",
        "Responsible_Unit": "w",
        "last_edited_date": 1530252193527
      }
    },
    {
      "type": "Feature",
      "id": 196,
      "geometry": {
        "type": "Point",
        "coordinates": [
          147.326589973432,
          -42.8829766469239
        ]
      },
      "properties": {
        "OBJECTID": 196,
        "GlobalID": "ae9749b8-87e0-4ffa-a5ad-c4828f9010d2",
        "Bin_Type": "ws",
        "Description": "Stainless Steel Box",
        "Responsible_Unit": "w",
        "last_edited_date": 1530252193527
      }
    },
    {
      "type": "Feature",
      "id": 197,
      "geometry": {
        "type": "Point",
        "coordinates": [
          147.326703063684,
          -42.8830411324692
        ]
      },
      "properties": {
        "OBJECTID": 197,
        "GlobalID": "9132ecb9-04c8-419d-859b-2a4c8879baad",
        "Bin_Type": "ws",
        "Description": "Stainless Steel Box",
        "Responsible_Unit": "w",
        "last_edited_date": 1530252193527
      }
    },
    {
      "type": "Feature",
      "id": 198,
      "geometry": {
        "type": "Point",
        "coordinates": [
          147.32663025954,
          -42.8829974998601
        ]
      },
      "properties": {
        "OBJECTID": 198,
        "GlobalID": "a0945275-3c7b-4d92-a85b-e223b4960f5f",
        "Bin_Type": "ws",
        "Description": "Stainless Steel Box",
        "Responsible_Unit": "w",
        "last_edited_date": 1530252193527
      }
    },
    {
      "type": "Feature",
      "id": 199,
      "geometry": {
        "type": "Point",
        "coordinates": [
          147.327151943208,
          -42.8833753274389
        ]
      },
      "properties": {
        "OBJECTID": 199,
        "GlobalID": "5bcd2339-e975-49d7-ad3d-75885254f55b",
        "Bin_Type": "ws",
        "Description": "Stainless Steel Box",
        "Responsible_Unit": "w",
        "last_edited_date": 1530252193527
      }
    },
    {
      "type": "Feature",
      "id": 200,
      "geometry": {
        "type": "Point",
        "coordinates": [
          147.327281958725,
          -42.8834540599003
        ]
      },
      "properties": {
        "OBJECTID": 200,
        "GlobalID": "6b5f5bdf-5757-46b8-8539-6749677bc6ea",
        "Bin_Type": "ws",
        "Description": "Stainless Steel Box",
        "Responsible_Unit": "w",
        "last_edited_date": 1530252193527
      }
    },
    {
      "type": "Feature",
      "id": 201,
      "geometry": {
        "type": "Point",
        "coordinates": [
          147.327363857218,
          -42.883256542949
        ]
      },
      "properties": {
        "OBJECTID": 201,
        "GlobalID": "84657a83-65f1-40a0-a00f-4fba39510054",
        "Bin_Type": "ws",
        "Description": "Stainless Steel Box",
        "Responsible_Unit": "w",
        "last_edited_date": 1530252193527
      }
    },
    {
      "type": "Feature",
      "id": 202,
      "geometry": {
        "type": "Point",
        "coordinates": [
          147.327447122249,
          -42.8833173001996
        ]
      },
      "properties": {
        "OBJECTID": 202,
        "GlobalID": "c6230f53-c2cf-4369-b96c-c53c515e6f51",
        "Bin_Type": "ws",
        "Description": "Stainless Steel Box",
        "Responsible_Unit": "w",
        "last_edited_date": 1530252193527
      }
    },
    {
      "type": "Feature",
      "id": 203,
      "geometry": {
        "type": "Point",
        "coordinates": [
          147.328000647577,
          -42.8828544355654
        ]
      },
      "properties": {
        "OBJECTID": 203,
        "GlobalID": "478cb19c-740b-4063-8cb1-f46e52e96725",
        "Bin_Type": "ws",
        "Description": "Stainless Steel Box",
        "Responsible_Unit": "w",
        "last_edited_date": 1530252193527
      }
    },
    {
      "type": "Feature",
      "id": 204,
      "geometry": {
        "type": "Point",
        "coordinates": [
          147.328013062685,
          -42.8827514689238
        ]
      },
      "properties": {
        "OBJECTID": 204,
        "GlobalID": "9400eeeb-ba65-43df-84cd-a95fabb08579",
        "Bin_Type": "ws",
        "Description": "Stainless Steel Box",
        "Responsible_Unit": "w",
        "last_edited_date": 1530252193527
      }
    },
    {
      "type": "Feature",
      "id": 205,
      "geometry": {
        "type": "Point",
        "coordinates": [
          147.328199167312,
          -42.8828986597649
        ]
      },
      "properties": {
        "OBJECTID": 205,
        "GlobalID": "047693f3-18d5-4598-92d6-076bd765c3fd",
        "Bin_Type": "ws",
        "Description": "Stainless Steel Box",
        "Responsible_Unit": "w",
        "last_edited_date": 1530252193527
      }
    },
    {
      "type": "Feature",
      "id": 206,
      "geometry": {
        "type": "Point",
        "coordinates": [
          147.328256237387,
          -42.8826630913387
        ]
      },
      "properties": {
        "OBJECTID": 206,
        "GlobalID": "f8afbc63-675b-40b6-914a-b5f4fed780ee",
        "Bin_Type": "ws",
        "Description": "Stainless Steel Box",
        "Responsible_Unit": "w",
        "last_edited_date": 1530252193527
      }
    },
    {
      "type": "Feature",
      "id": 207,
      "geometry": {
        "type": "Point",
        "coordinates": [
          147.328688585365,
          -42.8823235141674
        ]
      },
      "properties": {
        "OBJECTID": 207,
        "GlobalID": "5bf76c56-4385-4a5d-a95e-8b8bb01ee4a3",
        "Bin_Type": "ws",
        "Description": "Stainless Steel Box",
        "Responsible_Unit": "w",
        "last_edited_date": 1530252193527
      }
    },
    {
      "type": "Feature",
      "id": 208,
      "geometry": {
        "type": "Point",
        "coordinates": [
          147.328869233319,
          -42.8821752712504
        ]
      },
      "properties": {
        "OBJECTID": 208,
        "GlobalID": "9f50d597-67a9-43fc-9bc7-0a740ea970ab",
        "Bin_Type": "ws",
        "Description": "Stainless Steel Box",
        "Responsible_Unit": "w",
        "last_edited_date": 1530252193527
      }
    },
    {
      "type": "Feature",
      "id": 209,
      "geometry": {
        "type": "Point",
        "coordinates": [
          147.328762673119,
          -42.8821203002582
        ]
      },
      "properties": {
        "OBJECTID": 209,
        "GlobalID": "c2b8cd54-f76b-4108-83b0-1345d3b17896",
        "Bin_Type": "ws",
        "Description": "Stainless Steel Box",
        "Responsible_Unit": "w",
        "last_edited_date": 1530252193527
      }
    },
    {
      "type": "Feature",
      "id": 210,
      "geometry": {
        "type": "Point",
        "coordinates": [
          147.329108450861,
          -42.8820745128692
        ]
      },
      "properties": {
        "OBJECTID": 210,
        "GlobalID": "85d480b9-4795-4c88-aa59-c789f9449de9",
        "Bin_Type": "ws",
        "Description": "Stainless Steel Box",
        "Responsible_Unit": "w",
        "last_edited_date": 1530252193527
      }
    },
    {
      "type": "Feature",
      "id": 211,
      "geometry": {
        "type": "Point",
        "coordinates": [
          147.32917572395,
          -42.8820523997596
        ]
      },
      "properties": {
        "OBJECTID": 211,
        "GlobalID": "4ac757fc-7268-4d41-a933-06592f0acc7d",
        "Bin_Type": "ws",
        "Description": "Stainless Steel Box",
        "Responsible_Unit": "w",
        "last_edited_date": 1530252193527
      }
    },
    {
      "type": "Feature",
      "id": 212,
      "geometry": {
        "type": "Point",
        "coordinates": [
          147.329521762493,
          -42.8822991995524
        ]
      },
      "properties": {
        "OBJECTID": 212,
        "GlobalID": "8044f988-2d32-40a3-bbc2-f8c73fcc8956",
        "Bin_Type": "ws",
        "Description": "Stainless Steel Box",
        "Responsible_Unit": "w",
        "last_edited_date": 1530252193527
      }
    },
    {
      "type": "Feature",
      "id": 213,
      "geometry": {
        "type": "Point",
        "coordinates": [
          147.32972316186,
          -42.8823977379885
        ]
      },
      "properties": {
        "OBJECTID": 213,
        "GlobalID": "fb6fe5ee-8ef0-4822-8ea3-07aa5e24bdd9",
        "Bin_Type": "ws",
        "Description": "Stainless Steel Box",
        "Responsible_Unit": "w",
        "last_edited_date": 1530252193527
      }
    },
    {
      "type": "Feature",
      "id": 214,
      "geometry": {
        "type": "Point",
        "coordinates": [
          147.330028425988,
          -42.8825312395433
        ]
      },
      "properties": {
        "OBJECTID": 214,
        "GlobalID": "0e042e8b-e5ff-43d7-adcc-0f4de2952a4a",
        "Bin_Type": "ws",
        "Description": "Stainless Steel Box",
        "Responsible_Unit": "w",
        "last_edited_date": 1530252193527
      }
    },
    {
      "type": "Feature",
      "id": 215,
      "geometry": {
        "type": "Point",
        "coordinates": [
          147.330413003671,
          -42.882427698172
        ]
      },
      "properties": {
        "OBJECTID": 215,
        "GlobalID": "39cffccd-6898-4265-bd0c-5986076d7b54",
        "Bin_Type": "ws",
        "Description": "Stainless Steel Box",
        "Responsible_Unit": "w",
        "last_edited_date": 1530252193527
      }
    },
    {
      "type": "Feature",
      "id": 216,
      "geometry": {
        "type": "Point",
        "coordinates": [
          147.33210790063,
          -42.8814606592347
        ]
      },
      "properties": {
        "OBJECTID": 216,
        "GlobalID": "59926e28-dad8-4c1d-a0a9-b9dd37c89904",
        "Bin_Type": "ws",
        "Description": "Stainless Steel Box",
        "Responsible_Unit": "w",
        "last_edited_date": 1530252193527
      }
    },
    {
      "type": "Feature",
      "id": 217,
      "geometry": {
        "type": "Point",
        "coordinates": [
          147.330169963391,
          -42.8825832493219
        ]
      },
      "properties": {
        "OBJECTID": 217,
        "GlobalID": "7971c789-2ce6-4b74-bdb6-6b8eb15ec556",
        "Bin_Type": "ws",
        "Description": "Stainless Steel Box",
        "Responsible_Unit": "w",
        "last_edited_date": 1530252193527
      }
    },
    {
      "type": "Feature",
      "id": 218,
      "geometry": {
        "type": "Point",
        "coordinates": [
          147.329821510086,
          -42.8826137990065
        ]
      },
      "properties": {
        "OBJECTID": 218,
        "GlobalID": "129a9221-c3ea-414a-8c25-8033b5cc15ad",
        "Bin_Type": "ws",
        "Description": "Stainless Steel Box",
        "Responsible_Unit": "w",
        "last_edited_date": 1530252193527
      }
    },
    {
      "type": "Feature",
      "id": 219,
      "geometry": {
        "type": "Point",
        "coordinates": [
          147.329627880472,
          -42.8825142856217
        ]
      },
      "properties": {
        "OBJECTID": 219,
        "GlobalID": "523de15e-e117-4652-9e8e-df44c5d29a03",
        "Bin_Type": "ws",
        "Description": "Stainless Steel Box",
        "Responsible_Unit": "w",
        "last_edited_date": 1530252193527
      }
    },
    {
      "type": "Feature",
      "id": 220,
      "geometry": {
        "type": "Point",
        "coordinates": [
          147.329376129161,
          -42.8823784362837
        ]
      },
      "properties": {
        "OBJECTID": 220,
        "GlobalID": "1ecdcc66-2982-42a2-ae9f-370add94328f",
        "Bin_Type": "ws",
        "Description": "Stainless Steel Box",
        "Responsible_Unit": "w",
        "last_edited_date": 1530252193527
      }
    },
    {
      "type": "Feature",
      "id": 221,
      "geometry": {
        "type": "Point",
        "coordinates": [
          147.329184654749,
          -42.8822696711391
        ]
      },
      "properties": {
        "OBJECTID": 221,
        "GlobalID": "7dd27a48-ae8d-40ef-a0cc-67d01ae1dec7",
        "Bin_Type": "ws",
        "Description": "Stainless Steel Box",
        "Responsible_Unit": "w",
        "last_edited_date": 1530252193527
      }
    },
    {
      "type": "Feature",
      "id": 222,
      "geometry": {
        "type": "Point",
        "coordinates": [
          147.329051125543,
          -42.8817735109248
        ]
      },
      "properties": {
        "OBJECTID": 222,
        "GlobalID": "a76938bf-1519-4146-9afb-7e51f3502ff1",
        "Bin_Type": "ws",
        "Description": "Stainless Steel Box",
        "Responsible_Unit": "w",
        "last_edited_date": 1530252193527
      }
    },
    {
      "type": "Feature",
      "id": 223,
      "geometry": {
        "type": "Point",
        "coordinates": [
          147.32954432911,
          -42.8816691622321
        ]
      },
      "properties": {
        "OBJECTID": 223,
        "GlobalID": "ff859ac1-4d18-4add-be03-efce048c31bd",
        "Bin_Type": "ws",
        "Description": "Stainless Steel Box",
        "Responsible_Unit": "w",
        "last_edited_date": 1530252193527
      }
    },
    {
      "type": "Feature",
      "id": 224,
      "geometry": {
        "type": "Point",
        "coordinates": [
          147.329462077041,
          -42.8815550320621
        ]
      },
      "properties": {
        "OBJECTID": 224,
        "GlobalID": "76cb13ea-428a-4c82-821a-946fa69fbc28",
        "Bin_Type": "ws",
        "Description": "Stainless Steel Box",
        "Responsible_Unit": "w",
        "last_edited_date": 1530252193527
      }
    },
    {
      "type": "Feature",
      "id": 225,
      "geometry": {
        "type": "Point",
        "coordinates": [
          147.326359814562,
          -42.894357381388
        ]
      },
      "properties": {
        "OBJECTID": 225,
        "GlobalID": "da39aa96-f54c-4218-8981-5b30b7e0b7d9",
        "Bin_Type": "ws",
        "Description": "Stainless Steel Box",
        "Responsible_Unit": "w",
        "last_edited_date": 1530252193527
      }
    },
    {
      "type": "Feature",
      "id": 226,
      "geometry": {
        "type": "Point",
        "coordinates": [
          147.326666128703,
          -42.8948222519469
        ]
      },
      "properties": {
        "OBJECTID": 226,
        "GlobalID": "0feaa2f4-a390-4a05-9f7a-21074fd20009",
        "Bin_Type": "ws",
        "Description": "Stainless Steel Box",
        "Responsible_Unit": "w",
        "last_edited_date": 1530252193527
      }
    },
    {
      "type": "Feature",
      "id": 227,
      "geometry": {
        "type": "Point",
        "coordinates": [
          147.327127856132,
          -42.8946820907346
        ]
      },
      "properties": {
        "OBJECTID": 227,
        "GlobalID": "c92f599b-1cb2-492b-8128-be55c3ace943",
        "Bin_Type": "ws",
        "Description": "Stainless Steel Box",
        "Responsible_Unit": "w",
        "last_edited_date": 1530252193527
      }
    },
    {
      "type": "Feature",
      "id": 228,
      "geometry": {
        "type": "Point",
        "coordinates": [
          147.326973657156,
          -42.8947667950998
        ]
      },
      "properties": {
        "OBJECTID": 228,
        "GlobalID": "6137cfe8-937c-4c2a-9e93-0cf51d7a5b2a",
        "Bin_Type": "ws",
        "Description": "Stainless Steel Box",
        "Responsible_Unit": "w",
        "last_edited_date": 1530252193527
      }
    },
    {
      "type": "Feature",
      "id": 229,
      "geometry": {
        "type": "Point",
        "coordinates": [
          147.32771108196,
          -42.8947839759593
        ]
      },
      "properties": {
        "OBJECTID": 229,
        "GlobalID": "de461abe-91b4-4e20-8d21-d2a95bcfd31b",
        "Bin_Type": "ws",
        "Description": "Stainless Steel Box",
        "Responsible_Unit": "w",
        "last_edited_date": 1530252193527
      }
    },
    {
      "type": "Feature",
      "id": 230,
      "geometry": {
        "type": "Point",
        "coordinates": [
          147.32794150294,
          -42.895012756335
        ]
      },
      "properties": {
        "OBJECTID": 230,
        "GlobalID": "02e6d0b6-1e96-410c-b62d-b4a7c1507710",
        "Bin_Type": "ws",
        "Description": "Stainless Steel Box",
        "Responsible_Unit": "w",
        "last_edited_date": 1530252193527
      }
    },
    {
      "type": "Feature",
      "id": 231,
      "geometry": {
        "type": "Point",
        "coordinates": [
          147.327358944201,
          -42.8952986848704
        ]
      },
      "properties": {
        "OBJECTID": 231,
        "GlobalID": "82f4c5e6-a30e-43e3-b41d-f8620e7feea7",
        "Bin_Type": "ws",
        "Description": "Stainless Steel Box",
        "Responsible_Unit": "w",
        "last_edited_date": 1530252193527
      }
    },
    {
      "type": "Feature",
      "id": 232,
      "geometry": {
        "type": "Point",
        "coordinates": [
          147.327565130035,
          -42.8953833739149
        ]
      },
      "properties": {
        "OBJECTID": 232,
        "GlobalID": "1af42354-63bc-4916-a226-c55a7be81e8f",
        "Bin_Type": "ws",
        "Description": "Stainless Steel Box",
        "Responsible_Unit": "w",
        "last_edited_date": 1530252193527
      }
    },
    {
      "type": "Feature",
      "id": 233,
      "geometry": {
        "type": "Point",
        "coordinates": [
          147.328895489248,
          -42.8957673744027
        ]
      },
      "properties": {
        "OBJECTID": 233,
        "GlobalID": "6421fa60-5e40-4c7d-a12e-9fa83d781056",
        "Bin_Type": "ws",
        "Description": "Stainless Steel Box",
        "Responsible_Unit": "w",
        "last_edited_date": 1530252193527
      }
    },
    {
      "type": "Feature",
      "id": 234,
      "geometry": {
        "type": "Point",
        "coordinates": [
          147.297226488705,
          -42.865975921182
        ]
      },
      "properties": {
        "OBJECTID": 234,
        "GlobalID": "d986fbc8-d908-494c-a7ac-6e3868f57d28",
        "Bin_Type": "ws",
        "Description": "Stainless Steel Box",
        "Responsible_Unit": "w",
        "last_edited_date": 1530252193527
      }
    },
    {
      "type": "Feature",
      "id": 235,
      "geometry": {
        "type": "Point",
        "coordinates": [
          147.296532574846,
          -42.865818082653
        ]
      },
      "properties": {
        "OBJECTID": 235,
        "GlobalID": "7994cf90-26f8-4d28-a661-8b6f2b03184e",
        "Bin_Type": "ws",
        "Description": "Stainless Steel Box",
        "Responsible_Unit": "w",
        "last_edited_date": 1530252193527
      }
    },
    {
      "type": "Feature",
      "id": 236,
      "geometry": {
        "type": "Point",
        "coordinates": [
          147.29547771355,
          -42.8653633398538
        ]
      },
      "properties": {
        "OBJECTID": 236,
        "GlobalID": "f1a63000-db88-47fc-80cd-51f3caca98ee",
        "Bin_Type": "ws",
        "Description": "Stainless Steel Box",
        "Responsible_Unit": "w",
        "last_edited_date": 1530252193527
      }
    },
    {
      "type": "Feature",
      "id": 237,
      "geometry": {
        "type": "Point",
        "coordinates": [
          147.289023280832,
          -42.8627898674555
        ]
      },
      "properties": {
        "OBJECTID": 237,
        "GlobalID": "dd26ed3b-ad6c-4858-a43a-eae89410eb9d",
        "Bin_Type": "ws",
        "Description": "Stainless Steel Box",
        "Responsible_Unit": "w",
        "last_edited_date": 1530252193527
      }
    },
    {
      "type": "Feature",
      "id": 238,
      "geometry": {
        "type": "Point",
        "coordinates": [
          147.328356135055,
          -42.8802683630236
        ]
      },
      "properties": {
        "OBJECTID": 238,
        "GlobalID": "e69da6d7-1ba9-47fa-a4dd-6169ee3f0be9",
        "Bin_Type": "ws",
        "Description": "Stainless Steel Box",
        "Responsible_Unit": "w",
        "last_edited_date": 1530252193527
      }
    },
    {
      "type": "Feature",
      "id": 239,
      "geometry": {
        "type": "Point",
        "coordinates": [
          147.328682276583,
          -42.8803946698721
        ]
      },
      "properties": {
        "OBJECTID": 239,
        "GlobalID": "bf760425-9af4-4245-b8a2-0de86104dc56",
        "Bin_Type": "ws",
        "Description": "Stainless Steel Box",
        "Responsible_Unit": "w",
        "last_edited_date": 1530252193527
      }
    },
    {
      "type": "Feature",
      "id": 240,
      "geometry": {
        "type": "Point",
        "coordinates": [
          147.328501813549,
          -42.8802299492157
        ]
      },
      "properties": {
        "OBJECTID": 240,
        "GlobalID": "e14f64a2-2cff-496d-8ee3-b4ba07b93d20",
        "Bin_Type": "ws",
        "Description": "Stainless Steel Box",
        "Responsible_Unit": "w",
        "last_edited_date": 1530252193527
      }
    },
    {
      "type": "Feature",
      "id": 241,
      "geometry": {
        "type": "Point",
        "coordinates": [
          147.327790910506,
          -42.8807626347197
        ]
      },
      "properties": {
        "OBJECTID": 241,
        "GlobalID": "0462b695-51a8-46c4-be70-d6ecb7e42170",
        "Bin_Type": "ws",
        "Description": "Stainless Steel Box",
        "Responsible_Unit": "w",
        "last_edited_date": 1530252193527
      }
    },
    {
      "type": "Feature",
      "id": 242,
      "geometry": {
        "type": "Point",
        "coordinates": [
          147.327303062062,
          -42.8812179228503
        ]
      },
      "properties": {
        "OBJECTID": 242,
        "GlobalID": "ac027940-bc68-4fee-89f3-bcf79ef988db",
        "Bin_Type": "ws",
        "Description": "Stainless Steel Box",
        "Responsible_Unit": "w",
        "last_edited_date": 1530252193527
      }
    },
    {
      "type": "Feature",
      "id": 243,
      "geometry": {
        "type": "Point",
        "coordinates": [
          147.326399523158,
          -42.8820224950308
        ]
      },
      "properties": {
        "OBJECTID": 243,
        "GlobalID": "de27f268-9f08-470c-95f1-354096db9cb5",
        "Bin_Type": "ws",
        "Description": "Stainless Steel Box",
        "Responsible_Unit": "w",
        "last_edited_date": 1530252193527
      }
    },
    {
      "type": "Feature",
      "id": 244,
      "geometry": {
        "type": "Point",
        "coordinates": [
          147.324758203106,
          -42.8833838414951
        ]
      },
      "properties": {
        "OBJECTID": 244,
        "GlobalID": "f8b9c996-2737-43be-9f9b-9b78eddfcbaf",
        "Bin_Type": "ws",
        "Description": "Stainless Steel Box",
        "Responsible_Unit": "w",
        "last_edited_date": 1530252193527
      }
    },
    {
      "type": "Feature",
      "id": 245,
      "geometry": {
        "type": "Point",
        "coordinates": [
          147.325451843417,
          -42.8847284513672
        ]
      },
      "properties": {
        "OBJECTID": 245,
        "GlobalID": "6ca60d16-7aa7-4c51-a8c2-8b62a65ce224",
        "Bin_Type": "ws",
        "Description": "Stainless Steel Box",
        "Responsible_Unit": "w",
        "last_edited_date": 1530252193527
      }
    },
    {
      "type": "Feature",
      "id": 246,
      "geometry": {
        "type": "Point",
        "coordinates": [
          147.325583977616,
          -42.8848173286452
        ]
      },
      "properties": {
        "OBJECTID": 246,
        "GlobalID": "82b972b2-aa44-45e5-90dd-1a3e97ee5fee",
        "Bin_Type": "ws",
        "Description": "Stainless Steel Box",
        "Responsible_Unit": "w",
        "last_edited_date": 1530252193527
      }
    },
    {
      "type": "Feature",
      "id": 247,
      "geometry": {
        "type": "Point",
        "coordinates": [
          147.325842185767,
          -42.8852096818502
        ]
      },
      "properties": {
        "OBJECTID": 247,
        "GlobalID": "ebe59a38-6c53-4720-9119-5b5592f32c49",
        "Bin_Type": "ws",
        "Description": "Stainless Steel Box",
        "Responsible_Unit": "w",
        "last_edited_date": 1530252193527
      }
    },
    {
      "type": "Feature",
      "id": 248,
      "geometry": {
        "type": "Point",
        "coordinates": [
          147.326186457854,
          -42.8844367192101
        ]
      },
      "properties": {
        "OBJECTID": 248,
        "GlobalID": "1293dfd0-53d7-493f-86e0-344c5159ec32",
        "Bin_Type": "ws",
        "Description": "Stainless Steel Box",
        "Responsible_Unit": "w",
        "last_edited_date": 1530252193527
      }
    },
    {
      "type": "Feature",
      "id": 249,
      "geometry": {
        "type": "Point",
        "coordinates": [
          147.326168410353,
          -42.8841880380758
        ]
      },
      "properties": {
        "OBJECTID": 249,
        "GlobalID": "2eced71f-6b58-493f-b29f-2b4785e2907d",
        "Bin_Type": "ws",
        "Description": "Stainless Steel Box",
        "Responsible_Unit": "w",
        "last_edited_date": 1530252193527
      }
    },
    {
      "type": "Feature",
      "id": 250,
      "geometry": {
        "type": "Point",
        "coordinates": [
          147.326283937661,
          -42.8842438504134
        ]
      },
      "properties": {
        "OBJECTID": 250,
        "GlobalID": "f87b5e6c-95c4-4b99-a77c-30dd1ce8efb2",
        "Bin_Type": "ws",
        "Description": "Stainless Steel Box",
        "Responsible_Unit": "w",
        "last_edited_date": 1530252193527
      }
    },
    {
      "type": "Feature",
      "id": 251,
      "geometry": {
        "type": "Point",
        "coordinates": [
          147.328499457518,
          -42.8838895941932
        ]
      },
      "properties": {
        "OBJECTID": 251,
        "GlobalID": "bfb24308-6e42-470e-bfe7-4877488c58b6",
        "Bin_Type": "ws",
        "Description": "Stainless Steel Box",
        "Responsible_Unit": "w",
        "last_edited_date": 1530252193527
      }
    },
    {
      "type": "Feature",
      "id": 252,
      "geometry": {
        "type": "Point",
        "coordinates": [
          147.328382857627,
          -42.8840501755235
        ]
      },
      "properties": {
        "OBJECTID": 252,
        "GlobalID": "6dd44850-f173-4ba5-aad2-122eea352b5f",
        "Bin_Type": "ws",
        "Description": "Stainless Steel Box",
        "Responsible_Unit": "w",
        "last_edited_date": 1530252193527
      }
    },
    {
      "type": "Feature",
      "id": 253,
      "geometry": {
        "type": "Point",
        "coordinates": [
          147.324540154432,
          -42.8800213520369
        ]
      },
      "properties": {
        "OBJECTID": 253,
        "GlobalID": "0c3ecb1a-8072-4573-ba23-731670c4ff3c",
        "Bin_Type": "ws",
        "Description": "Stainless Steel Box",
        "Responsible_Unit": "w",
        "last_edited_date": 1530252193527
      }
    },
    {
      "type": "Feature",
      "id": 254,
      "geometry": {
        "type": "Point",
        "coordinates": [
          147.324512131583,
          -42.8802378713044
        ]
      },
      "properties": {
        "OBJECTID": 254,
        "GlobalID": "11bae923-01a7-4609-a4be-a9a30a29c3a2",
        "Bin_Type": "ws",
        "Description": "Stainless Steel Box",
        "Responsible_Unit": "w",
        "last_edited_date": 1530252193527
      }
    },
    {
      "type": "Feature",
      "id": 255,
      "geometry": {
        "type": "Point",
        "coordinates": [
          147.331150916077,
          -42.8848342454249
        ]
      },
      "properties": {
        "OBJECTID": 255,
        "GlobalID": "5c7371eb-19a4-4a53-bc64-433b04f05598",
        "Bin_Type": "ws",
        "Description": "Stainless Steel Box",
        "Responsible_Unit": "w",
        "last_edited_date": 1530252193527
      }
    },
    {
      "type": "Feature",
      "id": 256,
      "geometry": {
        "type": "Point",
        "coordinates": [
          147.331691544269,
          -42.8852019907361
        ]
      },
      "properties": {
        "OBJECTID": 256,
        "GlobalID": "ad861873-c6bb-4fb2-b81d-e22114484d24",
        "Bin_Type": "ws",
        "Description": "Stainless Steel Box",
        "Responsible_Unit": "w",
        "last_edited_date": 1530252193527
      }
    },
    {
      "type": "Feature",
      "id": 257,
      "geometry": {
        "type": "Point",
        "coordinates": [
          147.32833935339,
          -42.8958896904517
        ]
      },
      "properties": {
        "OBJECTID": 257,
        "GlobalID": "ccca305c-d045-41f5-aad4-5b260b9e3aed",
        "Bin_Type": "ws",
        "Description": "Stainless Steel Box",
        "Responsible_Unit": "w",
        "last_edited_date": 1530252193527
      }
    },
    {
      "type": "Feature",
      "id": 258,
      "geometry": {
        "type": "Point",
        "coordinates": [
          147.325839855048,
          -42.8813163202355
        ]
      },
      "properties": {
        "OBJECTID": 258,
        "GlobalID": "fb48973b-6364-47d0-b6c8-da96ee3dd172",
        "Bin_Type": "ws",
        "Description": "Stainless Steel Box",
        "Responsible_Unit": "w",
        "last_edited_date": 1530252193527
      }
    },
    {
      "type": "Feature",
      "id": 259,
      "geometry": {
        "type": "Point",
        "coordinates": [
          147.332400063839,
          -42.8808924201578
        ]
      },
      "properties": {
        "OBJECTID": 259,
        "GlobalID": "5900bbe1-801d-4321-a938-91e799981d6f",
        "Bin_Type": "ws",
        "Description": "Stainless Steel Box",
        "Responsible_Unit": "w",
        "last_edited_date": 1530252193527
      }
    },
    {
      "type": "Feature",
      "id": 260,
      "geometry": {
        "type": "Point",
        "coordinates": [
          147.332440884131,
          -42.880737589347
        ]
      },
      "properties": {
        "OBJECTID": 260,
        "GlobalID": "a6f9d5f2-245f-4b78-8aa7-ce8d34a82532",
        "Bin_Type": "ws",
        "Description": "Stainless Steel Box",
        "Responsible_Unit": "w",
        "last_edited_date": 1530252193527
      }
    },
    {
      "type": "Feature",
      "id": 261,
      "geometry": {
        "type": "Point",
        "coordinates": [
          147.329650510475,
          -42.8833198926449
        ]
      },
      "properties": {
        "OBJECTID": 261,
        "GlobalID": "aaaf72f3-2cad-4935-98aa-6e857c45c885",
        "Bin_Type": "ws",
        "Description": "Stainless Steel Box",
        "Responsible_Unit": "w",
        "last_edited_date": 1530252193527
      }
    },
    {
      "type": "Feature",
      "id": 262,
      "geometry": {
        "type": "Point",
        "coordinates": [
          147.329347664371,
          -42.8795644549699
        ]
      },
      "properties": {
        "OBJECTID": 262,
        "GlobalID": "ac47d90c-f871-45ee-bd87-d625e35597e8",
        "Bin_Type": "ws",
        "Description": "Stainless Steel Box",
        "Responsible_Unit": "w",
        "last_edited_date": 1530252193527
      }
    },
    {
      "type": "Feature",
      "id": 263,
      "geometry": {
        "type": "Point",
        "coordinates": [
          147.300380646923,
          -42.8532694429731
        ]
      },
      "properties": {
        "OBJECTID": 263,
        "GlobalID": "167fd166-8e83-4600-aa39-d9249315bede",
        "Bin_Type": "ws",
        "Description": "Stainless Steel Box",
        "Responsible_Unit": "w",
        "last_edited_date": 1530252193527
      }
    },
    {
      "type": "Feature",
      "id": 264,
      "geometry": {
        "type": "Point",
        "coordinates": [
          147.326678657633,
          -42.8769423413051
        ]
      },
      "properties": {
        "OBJECTID": 264,
        "GlobalID": "25aad53d-4b35-46b6-ac48-565e0ef5f44a",
        "Bin_Type": "ws",
        "Description": "Stainless Steel Box",
        "Responsible_Unit": "w",
        "last_edited_date": 1530252193527
      }
    },
    {
      "type": "Feature",
      "id": 265,
      "geometry": {
        "type": "Point",
        "coordinates": [
          147.330812715831,
          -42.8795835757122
        ]
      },
      "properties": {
        "OBJECTID": 265,
        "GlobalID": "276fc27f-3a0c-4484-b90d-5366046c3285",
        "Bin_Type": "ws",
        "Description": "Stainless Steel Box",
        "Responsible_Unit": "w",
        "last_edited_date": 1530252193527
      }
    },
    {
      "type": "Feature",
      "id": 266,
      "geometry": {
        "type": "Point",
        "coordinates": [
          147.324746763234,
          -42.8870526406785
        ]
      },
      "properties": {
        "OBJECTID": 266,
        "GlobalID": "32cf3db2-a1a8-41af-a908-81586398e8c3",
        "Bin_Type": "ws",
        "Description": "Stainless Steel Box",
        "Responsible_Unit": "w",
        "last_edited_date": 1530252193527
      }
    },
    {
      "type": "Feature",
      "id": 267,
      "geometry": {
        "type": "Point",
        "coordinates": [
          147.324420957297,
          -42.881830509536
        ]
      },
      "properties": {
        "OBJECTID": 267,
        "GlobalID": "8545cfde-31fd-4963-945f-991583f07448",
        "Bin_Type": "ws",
        "Description": "Stainless Steel Box",
        "Responsible_Unit": "w",
        "last_edited_date": 1530252193527
      }
    },
    {
      "type": "Feature",
      "id": 268,
      "geometry": {
        "type": "Point",
        "coordinates": [
          147.324281612671,
          -42.8819326773007
        ]
      },
      "properties": {
        "OBJECTID": 268,
        "GlobalID": "557eec78-a692-4c70-9825-cb42f14ac697",
        "Bin_Type": "ws",
        "Description": "Stainless Steel Box",
        "Responsible_Unit": "w",
        "last_edited_date": 1530252193527
      }
    },
    {
      "type": "Feature",
      "id": 269,
      "geometry": {
        "type": "Point",
        "coordinates": [
          147.325653700163,
          -42.8807030886471
        ]
      },
      "properties": {
        "OBJECTID": 269,
        "GlobalID": "d186425b-e269-4517-8c03-b21c4c151c32",
        "Bin_Type": "ws",
        "Description": "Stainless Steel Box",
        "Responsible_Unit": "w",
        "last_edited_date": 1530252193527
      }
    },
    {
      "type": "Feature",
      "id": 270,
      "geometry": {
        "type": "Point",
        "coordinates": [
          147.330915225328,
          -42.8841502415158
        ]
      },
      "properties": {
        "OBJECTID": 270,
        "GlobalID": "c45666be-d5cf-4c23-a947-c08806d85ae6",
        "Bin_Type": "rs",
        "Description": "Stainless Steel Box",
        "Responsible_Unit": "w",
        "last_edited_date": 1530252193527
      }
    },
    {
      "type": "Feature",
      "id": 271,
      "geometry": {
        "type": "Point",
        "coordinates": [
          147.33596393948,
          -42.8816540602939
        ]
      },
      "properties": {
        "OBJECTID": 271,
        "GlobalID": "964ef367-74bb-4e18-b425-44274ece5c26",
        "Bin_Type": "rs",
        "Description": "Stainless Steel Box",
        "Responsible_Unit": "w",
        "last_edited_date": 1530252193527
      }
    },
    {
      "type": "Feature",
      "id": 272,
      "geometry": {
        "type": "Point",
        "coordinates": [
          147.3354307274,
          -42.8814582705617
        ]
      },
      "properties": {
        "OBJECTID": 272,
        "GlobalID": "194c0dd8-2bab-4b99-b395-2f5404e7556f",
        "Bin_Type": "rs",
        "Description": "Stainless Steel Box",
        "Responsible_Unit": "w",
        "last_edited_date": 1530252193527
      }
    },
    {
      "type": "Feature",
      "id": 273,
      "geometry": {
        "type": "Point",
        "coordinates": [
          147.334704350241,
          -42.8811534076645
        ]
      },
      "properties": {
        "OBJECTID": 273,
        "GlobalID": "5869fd06-bab2-4057-9dca-65da6da899ae",
        "Bin_Type": "rs",
        "Description": "Stainless Steel Box",
        "Responsible_Unit": "w",
        "last_edited_date": 1530252193527
      }
    },
    {
      "type": "Feature",
      "id": 274,
      "geometry": {
        "type": "Point",
        "coordinates": [
          147.326128242347,
          -42.8815099786984
        ]
      },
      "properties": {
        "OBJECTID": 274,
        "GlobalID": "367e2e81-0389-45fa-b827-1f4aa901d633",
        "Bin_Type": "rs",
        "Description": "Stainless Steel Box",
        "Responsible_Unit": "w",
        "last_edited_date": 1530252193527
      }
    },
    {
      "type": "Feature",
      "id": 275,
      "geometry": {
        "type": "Point",
        "coordinates": [
          147.325264888016,
          -42.8831001899159
        ]
      },
      "properties": {
        "OBJECTID": 275,
        "GlobalID": "846ad064-08f7-423d-a160-4783dc9707ca",
        "Bin_Type": "rs",
        "Description": "Stainless Steel Box",
        "Responsible_Unit": "w",
        "last_edited_date": 1530252193527
      }
    },
    {
      "type": "Feature",
      "id": 276,
      "geometry": {
        "type": "Point",
        "coordinates": [
          147.32582862897,
          -42.881375943637
        ]
      },
      "properties": {
        "OBJECTID": 276,
        "GlobalID": "0c2e221c-40f8-4177-9850-653c23bfa9cc",
        "Bin_Type": "rs",
        "Description": "Stainless Steel Box",
        "Responsible_Unit": "w",
        "last_edited_date": 1530252193527
      }
    },
    {
      "type": "Feature",
      "id": 277,
      "geometry": {
        "type": "Point",
        "coordinates": [
          147.328222575546,
          -42.8812662765938
        ]
      },
      "properties": {
        "OBJECTID": 277,
        "GlobalID": "dc3cadea-574b-454c-b011-d0d58657c6f6",
        "Bin_Type": "rs",
        "Description": "Stainless Steel Box",
        "Responsible_Unit": "w",
        "last_edited_date": 1530252193527
      }
    },
    {
      "type": "Feature",
      "id": 278,
      "geometry": {
        "type": "Point",
        "coordinates": [
          147.331337235536,
          -42.8866295001535
        ]
      },
      "properties": {
        "OBJECTID": 278,
        "GlobalID": "beae9edc-8c5e-4b62-a0d8-c604671b870d",
        "Bin_Type": "rs",
        "Description": "Stainless Steel Box",
        "Responsible_Unit": "w",
        "last_edited_date": 1530252193527
      }
    },
    {
      "type": "Feature",
      "id": 279,
      "geometry": {
        "type": "Point",
        "coordinates": [
          147.333503847067,
          -42.8865483164684
        ]
      },
      "properties": {
        "OBJECTID": 279,
        "GlobalID": "ed304349-02b7-4cd4-9c5c-fcecd36bf97b",
        "Bin_Type": "rs",
        "Description": "Stainless Steel Box",
        "Responsible_Unit": "w",
        "last_edited_date": 1530252193527
      }
    },
    {
      "type": "Feature",
      "id": 280,
      "geometry": {
        "type": "Point",
        "coordinates": [
          147.333034166676,
          -42.8865372014336
        ]
      },
      "properties": {
        "OBJECTID": 280,
        "GlobalID": "95722e4e-d49c-4438-a359-aa3b8adbcc15",
        "Bin_Type": "rs",
        "Description": "Stainless Steel Box",
        "Responsible_Unit": "w",
        "last_edited_date": 1530252193527
      }
    },
    {
      "type": "Feature",
      "id": 281,
      "geometry": {
        "type": "Point",
        "coordinates": [
          147.332672032347,
          -42.8865340937955
        ]
      },
      "properties": {
        "OBJECTID": 281,
        "GlobalID": "f3adea91-cf7b-4cf8-a61f-68eca55fa24d",
        "Bin_Type": "rs",
        "Description": "Stainless Steel Box",
        "Responsible_Unit": "w",
        "last_edited_date": 1530252193527
      }
    },
    {
      "type": "Feature",
      "id": 282,
      "geometry": {
        "type": "Point",
        "coordinates": [
          147.332326782847,
          -42.8865142933854
        ]
      },
      "properties": {
        "OBJECTID": 282,
        "GlobalID": "23065d5d-ff47-4df9-9429-956ee1deb4aa",
        "Bin_Type": "rs",
        "Description": "Stainless Steel Box",
        "Responsible_Unit": "w",
        "last_edited_date": 1530252193527
      }
    },
    {
      "type": "Feature",
      "id": 283,
      "geometry": {
        "type": "Point",
        "coordinates": [
          147.332161981398,
          -42.8827011181451
        ]
      },
      "properties": {
        "OBJECTID": 283,
        "GlobalID": "98fa4ef0-f792-47b7-a1bc-4f26ea852950",
        "Bin_Type": "rs",
        "Description": "Stainless Steel Box",
        "Responsible_Unit": "w",
        "last_edited_date": 1530252193527
      }
    },
    {
      "type": "Feature",
      "id": 284,
      "geometry": {
        "type": "Point",
        "coordinates": [
          147.331767660707,
          -42.8832374145621
        ]
      },
      "properties": {
        "OBJECTID": 284,
        "GlobalID": "39458d28-6a8b-4696-ac69-adef1d6f8455",
        "Bin_Type": "rs",
        "Description": "Stainless Steel Box",
        "Responsible_Unit": "w",
        "last_edited_date": 1530252193527
      }
    },
    {
      "type": "Feature",
      "id": 285,
      "geometry": {
        "type": "Point",
        "coordinates": [
          147.330372918678,
          -42.8829253006811
        ]
      },
      "properties": {
        "OBJECTID": 285,
        "GlobalID": "7d4822a2-7f9f-406a-94eb-645d509f1ebc",
        "Bin_Type": "rs",
        "Description": "Stainless Steel Box",
        "Responsible_Unit": "w",
        "last_edited_date": 1530252193527
      }
    },
    {
      "type": "Feature",
      "id": 286,
      "geometry": {
        "type": "Point",
        "coordinates": [
          147.326112544395,
          -42.8943875943617
        ]
      },
      "properties": {
        "OBJECTID": 286,
        "GlobalID": "2718af93-3e10-41e9-8925-73016e66eb74",
        "Bin_Type": "rs",
        "Description": "Stainless Steel Box",
        "Responsible_Unit": "w",
        "last_edited_date": 1530252193527
      }
    },
    {
      "type": "Feature",
      "id": 287,
      "geometry": {
        "type": "Point",
        "coordinates": [
          147.328336047315,
          -42.8811768963613
        ]
      },
      "properties": {
        "OBJECTID": 287,
        "GlobalID": "eecce1c1-5423-4662-9500-9a96db7c120e",
        "Bin_Type": "rs",
        "Description": "Stainless Steel Box",
        "Responsible_Unit": "w",
        "last_edited_date": 1530252193527
      }
    },
    {
      "type": "Feature",
      "id": 288,
      "geometry": {
        "type": "Point",
        "coordinates": [
          147.327821662308,
          -42.8815286454662
        ]
      },
      "properties": {
        "OBJECTID": 288,
        "GlobalID": "b7e54866-88f7-4ae1-9b94-bbf292731c28",
        "Bin_Type": "rs",
        "Description": "Stainless Steel Box",
        "Responsible_Unit": "w",
        "last_edited_date": 1530252193527
      }
    },
    {
      "type": "Feature",
      "id": 289,
      "geometry": {
        "type": "Point",
        "coordinates": [
          147.329975636194,
          -42.8830493997222
        ]
      },
      "properties": {
        "OBJECTID": 289,
        "GlobalID": "51e2bc1f-3a7d-4371-a50f-375e8c3fe4ad",
        "Bin_Type": "rs",
        "Description": "Stainless Steel Box",
        "Responsible_Unit": "w",
        "last_edited_date": 1530252193527
      }
    },
    {
      "type": "Feature",
      "id": 290,
      "geometry": {
        "type": "Point",
        "coordinates": [
          147.329772369157,
          -42.8832209935233
        ]
      },
      "properties": {
        "OBJECTID": 290,
        "GlobalID": "642f7819-3b90-4130-aa19-5e08e7ac1c4a",
        "Bin_Type": "rs",
        "Description": "Stainless Steel Box",
        "Responsible_Unit": "w",
        "last_edited_date": 1530252193527
      }
    },
    {
      "type": "Feature",
      "id": 291,
      "geometry": {
        "type": "Point",
        "coordinates": [
          147.333053207392,
          -42.8831894141672
        ]
      },
      "properties": {
        "OBJECTID": 291,
        "GlobalID": "32f22845-81dd-4080-ad6f-ed3c7c5162f3",
        "Bin_Type": "rs",
        "Description": "Stainless Steel Box",
        "Responsible_Unit": "w",
        "last_edited_date": 1530252193527
      }
    },
    {
      "type": "Feature",
      "id": 292,
      "geometry": {
        "type": "Point",
        "coordinates": [
          147.33228046981,
          -42.8863188750116
        ]
      },
      "properties": {
        "OBJECTID": 292,
        "GlobalID": "45a49584-6e47-4b47-9ff1-5914d5ab1870",
        "Bin_Type": "rs",
        "Description": "Stainless Steel Box",
        "Responsible_Unit": "w",
        "last_edited_date": 1530252193527
      }
    },
    {
      "type": "Feature",
      "id": 293,
      "geometry": {
        "type": "Point",
        "coordinates": [
          147.324978331776,
          -42.8845822361356
        ]
      },
      "properties": {
        "OBJECTID": 293,
        "GlobalID": "66e61b50-582c-4dcc-bc16-f5db1d3aa4d6",
        "Bin_Type": "rs",
        "Description": "Stainless Steel Box",
        "Responsible_Unit": "w",
        "last_edited_date": 1530252193527
      }
    },
    {
      "type": "Feature",
      "id": 294,
      "geometry": {
        "type": "Point",
        "coordinates": [
          147.330471827281,
          -42.8826372997414
        ]
      },
      "properties": {
        "OBJECTID": 294,
        "GlobalID": "44e6a209-7ba0-4d19-8ec7-75972879430e",
        "Bin_Type": "rs",
        "Description": "Stainless Steel Box",
        "Responsible_Unit": "w",
        "last_edited_date": 1530252193527
      }
    },
    {
      "type": "Feature",
      "id": 295,
      "geometry": {
        "type": "Point",
        "coordinates": [
          147.334228092363,
          -42.8865660314233
        ]
      },
      "properties": {
        "OBJECTID": 295,
        "GlobalID": "ff269990-5305-4473-b413-7681070bbb74",
        "Bin_Type": "rs",
        "Description": "Stainless Steel Box",
        "Responsible_Unit": "w",
        "last_edited_date": 1530252193527
      }
    },
    {
      "type": "Feature",
      "id": 296,
      "geometry": {
        "type": "Point",
        "coordinates": [
          147.334010496572,
          -42.8867792040189
        ]
      },
      "properties": {
        "OBJECTID": 296,
        "GlobalID": "b64cd747-074a-4d89-aad6-fb6ed3988f44",
        "Bin_Type": "rs",
        "Description": "Stainless Steel Box",
        "Responsible_Unit": "w",
        "last_edited_date": 1530252193527
      }
    },
    {
      "type": "Feature",
      "id": 297,
      "geometry": {
        "type": "Point",
        "coordinates": [
          147.33318248128,
          -42.8867679763258
        ]
      },
      "properties": {
        "OBJECTID": 297,
        "GlobalID": "22dc52da-7aa5-4e16-ba85-3c1eed9eedef",
        "Bin_Type": "rs",
        "Description": "Stainless Steel Box",
        "Responsible_Unit": "w",
        "last_edited_date": 1530252193527
      }
    },
    {
      "type": "Feature",
      "id": 298,
      "geometry": {
        "type": "Point",
        "coordinates": [
          147.331704991584,
          -42.8867471642233
        ]
      },
      "properties": {
        "OBJECTID": 298,
        "GlobalID": "a8522137-bf81-45b5-a122-de88c40819d1",
        "Bin_Type": "rs",
        "Description": "Stainless Steel Box",
        "Responsible_Unit": "w",
        "last_edited_date": 1530252193527
      }
    },
    {
      "type": "Feature",
      "id": 299,
      "geometry": {
        "type": "Point",
        "coordinates": [
          147.331433207956,
          -42.8844245266964
        ]
      },
      "properties": {
        "OBJECTID": 299,
        "GlobalID": "6d55d5bf-afc7-47d0-b286-4847d56e85db",
        "Bin_Type": "rs",
        "Description": "Stainless Steel Box",
        "Responsible_Unit": "w",
        "last_edited_date": 1530252193527
      }
    },
    {
      "type": "Feature",
      "id": 300,
      "geometry": {
        "type": "Point",
        "coordinates": [
          147.332468370119,
          -42.8831404187795
        ]
      },
      "properties": {
        "OBJECTID": 300,
        "GlobalID": "52380e34-b81f-4b0a-96aa-d53852f5e176",
        "Bin_Type": "rs",
        "Description": "Stainless Steel Box",
        "Responsible_Unit": "w",
        "last_edited_date": 1530252193527
      }
    },
    {
      "type": "Feature",
      "id": 301,
      "geometry": {
        "type": "Point",
        "coordinates": [
          147.332500726875,
          -42.8826933287238
        ]
      },
      "properties": {
        "OBJECTID": 301,
        "GlobalID": "dd3484bc-e5c4-4328-bf21-edf8727a7a00",
        "Bin_Type": "rs",
        "Description": "Stainless Steel Box",
        "Responsible_Unit": "w",
        "last_edited_date": 1530252193527
      }
    },
    {
      "type": "Feature",
      "id": 302,
      "geometry": {
        "type": "Point",
        "coordinates": [
          147.331224617636,
          -42.8830189774376
        ]
      },
      "properties": {
        "OBJECTID": 302,
        "GlobalID": "a38342da-2fe0-42cf-8646-98800d74a69e",
        "Bin_Type": "rs",
        "Description": "Stainless Steel Box",
        "Responsible_Unit": "w",
        "last_edited_date": 1530252193527
      }
    },
    {
      "type": "Feature",
      "id": 303,
      "geometry": {
        "type": "Point",
        "coordinates": [
          147.329422358174,
          -42.8842801699361
        ]
      },
      "properties": {
        "OBJECTID": 303,
        "GlobalID": "ac66b7e1-0b50-467b-8347-28da1e2d5493",
        "Bin_Type": "rs",
        "Description": "Stainless Steel Box",
        "Responsible_Unit": "w",
        "last_edited_date": 1530252193527
      }
    },
    {
      "type": "Feature",
      "id": 304,
      "geometry": {
        "type": "Point",
        "coordinates": [
          147.329356001008,
          -42.884493784648
        ]
      },
      "properties": {
        "OBJECTID": 304,
        "GlobalID": "47730e72-5fe5-4b07-83ed-764034ec640f",
        "Bin_Type": "rs",
        "Description": "Stainless Steel Box",
        "Responsible_Unit": "w",
        "last_edited_date": 1530252193527
      }
    },
    {
      "type": "Feature",
      "id": 305,
      "geometry": {
        "type": "Point",
        "coordinates": [
          147.324119191825,
          -42.8857874384663
        ]
      },
      "properties": {
        "OBJECTID": 305,
        "GlobalID": "4f48121d-918d-4711-b598-f335fdd75af3",
        "Bin_Type": "rs",
        "Description": "Stainless Steel Box",
        "Responsible_Unit": "w",
        "last_edited_date": 1530252193527
      }
    },
    {
      "type": "Feature",
      "id": 306,
      "geometry": {
        "type": "Point",
        "coordinates": [
          147.329986138635,
          -42.8813199793762
        ]
      },
      "properties": {
        "OBJECTID": 306,
        "GlobalID": "07c4c742-f186-47ab-86c9-43e584987b80",
        "Bin_Type": "rs",
        "Description": "Stainless Steel Box",
        "Responsible_Unit": "w",
        "last_edited_date": 1530252193527
      }
    },
    {
      "type": "Feature",
      "id": 307,
      "geometry": {
        "type": "Point",
        "coordinates": [
          147.326254571565,
          -42.8809620949471
        ]
      },
      "properties": {
        "OBJECTID": 307,
        "GlobalID": "20d80b24-0339-4829-97b8-d59cf0ed426d",
        "Bin_Type": "rs",
        "Description": "Stainless Steel Box",
        "Responsible_Unit": "w",
        "last_edited_date": 1530252193527
      }
    },
    {
      "type": "Feature",
      "id": 308,
      "geometry": {
        "type": "Point",
        "coordinates": [
          147.328317812609,
          -42.8817484003594
        ]
      },
      "properties": {
        "OBJECTID": 308,
        "GlobalID": "2b034f29-99f7-4331-bd2b-00720f4ef904",
        "Bin_Type": "rs",
        "Description": "Stainless Steel Box",
        "Responsible_Unit": "w",
        "last_edited_date": 1530252193527
      }
    },
    {
      "type": "Feature",
      "id": 309,
      "geometry": {
        "type": "Point",
        "coordinates": [
          147.328155220647,
          -42.8817939081221
        ]
      },
      "properties": {
        "OBJECTID": 309,
        "GlobalID": "fb2067f9-682f-475b-9056-5dd5cbb7d66e",
        "Bin_Type": "rs",
        "Description": "Stainless Steel Box",
        "Responsible_Unit": "w",
        "last_edited_date": 1530252193527
      }
    },
    {
      "type": "Feature",
      "id": 310,
      "geometry": {
        "type": "Point",
        "coordinates": [
          147.329349536103,
          -42.8809195137604
        ]
      },
      "properties": {
        "OBJECTID": 310,
        "GlobalID": "2e2b612f-2789-4d75-baf7-b5aa2b42b72b",
        "Bin_Type": "rs",
        "Description": "Stainless Steel Box",
        "Responsible_Unit": "w",
        "last_edited_date": 1530252193527
      }
    },
    {
      "type": "Feature",
      "id": 311,
      "geometry": {
        "type": "Point",
        "coordinates": [
          147.328253591645,
          -42.8777634016115
        ]
      },
      "properties": {
        "OBJECTID": 311,
        "GlobalID": "034ffc47-003d-454d-a56a-4b43188f2018",
        "Bin_Type": "rs",
        "Description": "Stainless Steel Box",
        "Responsible_Unit": "w",
        "last_edited_date": 1530252193527
      }
    },
    {
      "type": "Feature",
      "id": 312,
      "geometry": {
        "type": "Point",
        "coordinates": [
          147.325483217682,
          -42.8840110660258
        ]
      },
      "properties": {
        "OBJECTID": 312,
        "GlobalID": "21a106f1-cb0b-4257-9f3c-416f10202f4c",
        "Bin_Type": "rs",
        "Description": "Stainless Steel Box",
        "Responsible_Unit": "w",
        "last_edited_date": 1530252193527
      }
    },
    {
      "type": "Feature",
      "id": 313,
      "geometry": {
        "type": "Point",
        "coordinates": [
          147.315887179342,
          -42.8736174987618
        ]
      },
      "properties": {
        "OBJECTID": 313,
        "GlobalID": "0dee9267-ee96-431a-96e6-7a910b17a1df",
        "Bin_Type": "rs",
        "Description": "Stainless Steel Box",
        "Responsible_Unit": "w",
        "last_edited_date": 1530252193527
      }
    },
    {
      "type": "Feature",
      "id": 314,
      "geometry": {
        "type": "Point",
        "coordinates": [
          147.319159006678,
          -42.8778202246006
        ]
      },
      "properties": {
        "OBJECTID": 314,
        "GlobalID": "8bbb793d-02c9-4ea0-8f22-0f9a78600aa6",
        "Bin_Type": "rs",
        "Description": "Stainless Steel Box",
        "Responsible_Unit": "w",
        "last_edited_date": 1530252193527
      }
    },
    {
      "type": "Feature",
      "id": 315,
      "geometry": {
        "type": "Point",
        "coordinates": [
          147.32672722353,
          -42.8817314656176
        ]
      },
      "properties": {
        "OBJECTID": 315,
        "GlobalID": "1fb4440d-5fc0-4aa7-85ea-f31bfe0f5fed",
        "Bin_Type": "rs",
        "Description": "Stainless Steel Box",
        "Responsible_Unit": "w",
        "last_edited_date": 1530252193527
      }
    },
    {
      "type": "Feature",
      "id": 316,
      "geometry": {
        "type": "Point",
        "coordinates": [
          147.326709162567,
          -42.8830366124341
        ]
      },
      "properties": {
        "OBJECTID": 316,
        "GlobalID": "f900b0f6-9386-4271-bb6c-01b20888170c",
        "Bin_Type": "rs",
        "Description": "Stainless Steel Box",
        "Responsible_Unit": "w",
        "last_edited_date": 1530252193527
      }
    },
    {
      "type": "Feature",
      "id": 317,
      "geometry": {
        "type": "Point",
        "coordinates": [
          147.328205266072,
          -42.8828941396504
        ]
      },
      "properties": {
        "OBJECTID": 317,
        "GlobalID": "816657dc-c93c-4fa5-97da-906a1d4a6d5a",
        "Bin_Type": "rs",
        "Description": "Stainless Steel Box",
        "Responsible_Unit": "w",
        "last_edited_date": 1530252193527
      }
    },
    {
      "type": "Feature",
      "id": 318,
      "geometry": {
        "type": "Point",
        "coordinates": [
          147.328262336119,
          -42.8826585712211
        ]
      },
      "properties": {
        "OBJECTID": 318,
        "GlobalID": "06f6ddc5-7f6b-4644-8bce-43d2792dbc43",
        "Bin_Type": "rs",
        "Description": "Stainless Steel Box",
        "Responsible_Unit": "w",
        "last_edited_date": 1530252193527
      }
    },
    {
      "type": "Feature",
      "id": 319,
      "geometry": {
        "type": "Point",
        "coordinates": [
          147.329527861097,
          -42.8822946793675
        ]
      },
      "properties": {
        "OBJECTID": 319,
        "GlobalID": "28f2ea7f-c8f9-4f9d-b59e-eb67d8e253ce",
        "Bin_Type": "rs",
        "Description": "Stainless Steel Box",
        "Responsible_Unit": "w",
        "last_edited_date": 1530252193527
      }
    },
    {
      "type": "Feature",
      "id": 320,
      "geometry": {
        "type": "Point",
        "coordinates": [
          147.332113998962,
          -42.8814561389123
        ]
      },
      "properties": {
        "OBJECTID": 320,
        "GlobalID": "42003f62-a677-4a19-a474-abad2072afba",
        "Bin_Type": "rs",
        "Description": "Stainless Steel Box",
        "Responsible_Unit": "w",
        "last_edited_date": 1530252193527
      }
    },
    {
      "type": "Feature",
      "id": 321,
      "geometry": {
        "type": "Point",
        "coordinates": [
          147.329386722542,
          -42.8823844105191
        ]
      },
      "properties": {
        "OBJECTID": 321,
        "GlobalID": "5bf32e2b-81be-4e77-ac0a-92fc745b9495",
        "Bin_Type": "rs",
        "Description": "Stainless Steel Box",
        "Responsible_Unit": "w",
        "last_edited_date": 1530252193527
      }
    },
    {
      "type": "Feature",
      "id": 322,
      "geometry": {
        "type": "Point",
        "coordinates": [
          147.326365914581,
          -42.8943528613763
        ]
      },
      "properties": {
        "OBJECTID": 322,
        "GlobalID": "dcb50c01-ac5f-4bfe-a903-e0dac74c41f7",
        "Bin_Type": "rs",
        "Description": "Stainless Steel Box",
        "Responsible_Unit": "w",
        "last_edited_date": 1530252193527
      }
    },
    {
      "type": "Feature",
      "id": 323,
      "geometry": {
        "type": "Point",
        "coordinates": [
          147.32835735466,
          -42.8802602827006
        ]
      },
      "properties": {
        "OBJECTID": 323,
        "GlobalID": "3fa81772-f421-45da-ace3-48015ea3f82f",
        "Bin_Type": "rs",
        "Description": "Stainless Steel Box",
        "Responsible_Unit": "w",
        "last_edited_date": 1530252193527
      }
    },
    {
      "type": "Feature",
      "id": 324,
      "geometry": {
        "type": "Point",
        "coordinates": [
          147.328510874892,
          -42.8802343556104
        ]
      },
      "properties": {
        "OBJECTID": 324,
        "GlobalID": "8cddd258-a765-4475-8158-339a7c1381f6",
        "Bin_Type": "rs",
        "Description": "Stainless Steel Box",
        "Responsible_Unit": "w",
        "last_edited_date": 1530252193527
      }
    },
    {
      "type": "Feature",
      "id": 325,
      "geometry": {
        "type": "Point",
        "coordinates": [
          147.327797408084,
          -42.8807569220866
        ]
      },
      "properties": {
        "OBJECTID": 325,
        "GlobalID": "2d400334-a005-4438-b087-e6ddf0cc7cc7",
        "Bin_Type": "rs",
        "Description": "Stainless Steel Box",
        "Responsible_Unit": "w",
        "last_edited_date": 1530252193527
      }
    },
    {
      "type": "Feature",
      "id": 326,
      "geometry": {
        "type": "Point",
        "coordinates": [
          147.324764302166,
          -42.8833793215633
        ]
      },
      "properties": {
        "OBJECTID": 326,
        "GlobalID": "009e4937-9112-4d60-adb3-028ded0861ae",
        "Bin_Type": "rs",
        "Description": "Stainless Steel Box",
        "Responsible_Unit": "w",
        "last_edited_date": 1530252193527
      }
    },
    {
      "type": "Feature",
      "id": 327,
      "geometry": {
        "type": "Point",
        "coordinates": [
          147.324546253178,
          -42.8800168321151
        ]
      },
      "properties": {
        "OBJECTID": 327,
        "GlobalID": "630b9ce5-8efb-4358-a9d3-513467af55ab",
        "Bin_Type": "rs",
        "Description": "Stainless Steel Box",
        "Responsible_Unit": "w",
        "last_edited_date": 1530252193527
      }
    },
    {
      "type": "Feature",
      "id": 328,
      "geometry": {
        "type": "Point",
        "coordinates": [
          147.331697642999,
          -42.8851974704375
        ]
      },
      "properties": {
        "OBJECTID": 328,
        "GlobalID": "662a93a3-9ae3-4f42-b43a-050993d37b3a",
        "Bin_Type": "rs",
        "Description": "Stainless Steel Box",
        "Responsible_Unit": "w",
        "last_edited_date": 1530252193527
      }
    },
    {
      "type": "Feature",
      "id": 329,
      "geometry": {
        "type": "Point",
        "coordinates": [
          147.332406162095,
          -42.8808878998197
        ]
      },
      "properties": {
        "OBJECTID": 329,
        "GlobalID": "719e9747-e7af-49c8-b1d5-fa87f7e0f77c",
        "Bin_Type": "rs",
        "Description": "Stainless Steel Box",
        "Responsible_Unit": "w",
        "last_edited_date": 1530252193527
      }
    },
    {
      "type": "Feature",
      "id": 330,
      "geometry": {
        "type": "Point",
        "coordinates": [
          147.32965660917,
          -42.8833153724537
        ]
      },
      "properties": {
        "OBJECTID": 330,
        "GlobalID": "186ebd30-3908-4034-a930-69a2465c4ce9",
        "Bin_Type": "rs",
        "Description": "Stainless Steel Box",
        "Responsible_Unit": "w",
        "last_edited_date": 1530252193527
      }
    },
    {
      "type": "Feature",
      "id": 331,
      "geometry": {
        "type": "Point",
        "coordinates": [
          147.329354973857,
          -42.8795590379863
        ]
      },
      "properties": {
        "OBJECTID": 331,
        "GlobalID": "3e7f8ee6-2c3d-41ed-96d5-3435192fd92c",
        "Bin_Type": "rs",
        "Description": "Stainless Steel Box",
        "Responsible_Unit": "w",
        "last_edited_date": 1530252193527
      }
    },
    {
      "type": "Feature",
      "id": 332,
      "geometry": {
        "type": "Point",
        "coordinates": [
          147.300386744817,
          -42.8532649243197
        ]
      },
      "properties": {
        "OBJECTID": 332,
        "GlobalID": "c9b52623-a865-4e14-8c1d-27adc6400284",
        "Bin_Type": "rs",
        "Description": "Stainless Steel Box",
        "Responsible_Unit": "w",
        "last_edited_date": 1530252193527
      }
    },
    {
      "type": "Feature",
      "id": 333,
      "geometry": {
        "type": "Point",
        "coordinates": [
          147.324427056229,
          -42.8818259896213
        ]
      },
      "properties": {
        "OBJECTID": 333,
        "GlobalID": "86cbbe69-b549-4963-b836-b9499248d229",
        "Bin_Type": "rs",
        "Description": "Stainless Steel Box",
        "Responsible_Unit": "w",
        "last_edited_date": 1530252193527
      }
    },
    {
      "type": "Feature",
      "id": 334,
      "geometry": {
        "type": "Point",
        "coordinates": [
          147.322709075489,
          -42.8655604456748
        ]
      },
      "properties": {
        "OBJECTID": 334,
        "GlobalID": "34e9c9ca-7f19-4cb6-8bf3-4ac342c7d0a2",
        "Bin_Type": "ws",
        "Description": "120lt Cage General Waste",
        "Responsible_Unit": "s",
        "last_edited_date": 1533257418622
      }
    },
    {
      "type": "Feature",
      "id": 335,
      "geometry": {
        "type": "Point",
        "coordinates": [
          147.30048789311,
          -42.8602084335273
        ]
      },
      "properties": {
        "OBJECTID": 335,
        "GlobalID": "9137e917-b807-4127-827d-320dd5334086",
        "Bin_Type": "ws",
        "Description": "120lt Cage General Waste",
        "Responsible_Unit": "p",
        "last_edited_date": 1543198643371
      }
    },
    {
      "type": "Feature",
      "id": 336,
      "geometry": {
        "type": "Point",
        "coordinates": [
          147.324349060551,
          -42.8682126928369
        ]
      },
      "properties": {
        "OBJECTID": 336,
        "GlobalID": "fefe69d2-c938-4411-8bc8-e2b58fe4b9d4",
        "Bin_Type": "ws",
        "Description": "Stainless Steel/Mod Wood",
        "Responsible_Unit": "s",
        "last_edited_date": 1533257749287
      }
    },
    {
      "type": "Feature",
      "id": 337,
      "geometry": {
        "type": "Point",
        "coordinates": [
          147.321257231685,
          -42.8626827738476
        ]
      },
      "properties": {
        "OBJECTID": 337,
        "GlobalID": "986526f0-3333-484c-8d9c-1700e90a7110",
        "Bin_Type": "ws",
        "Description": "120lt Cage General Waste",
        "Responsible_Unit": "b",
        "last_edited_date": 1533256960418
      }
    },
    {
      "type": "Feature",
      "id": 338,
      "geometry": {
        "type": "Point",
        "coordinates": [
          147.323377565386,
          -42.8634440977638
        ]
      },
      "properties": {
        "OBJECTID": 338,
        "GlobalID": "fc891289-2773-4f3b-9aa8-3076c4879da8",
        "Bin_Type": "ws",
        "Description": "120lt Cage General Waste",
        "Responsible_Unit": "b",
        "last_edited_date": 1533257099787
      }
    },
    {
      "type": "Feature",
      "id": 339,
      "geometry": {
        "type": "Point",
        "coordinates": [
          147.324401301163,
          -42.8680860682727
        ]
      },
      "properties": {
        "OBJECTID": 339,
        "GlobalID": "6699aaed-28e4-40d1-b6e6-8c535adf1668",
        "Bin_Type": "ws",
        "Description": "120lt Cage General Waste",
        "Responsible_Unit": "s",
        "last_edited_date": 1533257665004
      }
    },
    {
      "type": "Feature",
      "id": 340,
      "geometry": {
        "type": "Point",
        "coordinates": [
          147.324649367342,
          -42.8680124556618
        ]
      },
      "properties": {
        "OBJECTID": 340,
        "GlobalID": "168e145a-b952-4fe0-9678-0eb9fef1d7a5",
        "Bin_Type": "ws",
        "Description": "Stainless Steel/Mod Wood",
        "Responsible_Unit": "s",
        "last_edited_date": 1533257731253
      }
    },
    {
      "type": "Feature",
      "id": 341,
      "geometry": {
        "type": "Point",
        "coordinates": [
          147.324655177017,
          -42.86792683492
        ]
      },
      "properties": {
        "OBJECTID": 341,
        "GlobalID": "9e637a9d-21e6-44d5-9f53-79f7b1e201b5",
        "Bin_Type": "ws",
        "Description": "Stainless Steel/Mod Wood",
        "Responsible_Unit": "s",
        "last_edited_date": 1533257715737
      }
    },
    {
      "type": "Feature",
      "id": 342,
      "geometry": {
        "type": "Point",
        "coordinates": [
          147.324784692995,
          -42.8702195890443
        ]
      },
      "properties": {
        "OBJECTID": 342,
        "GlobalID": "88fdacc9-e812-4461-bd60-4ac0b6127103",
        "Bin_Type": "ws",
        "Description": "120lt Cage General Waste",
        "Responsible_Unit": "b",
        "last_edited_date": 1533257989529
      }
    },
    {
      "type": "Feature",
      "id": 343,
      "geometry": {
        "type": "Point",
        "coordinates": [
          147.32713713857,
          -42.8703801470867
        ]
      },
      "properties": {
        "OBJECTID": 343,
        "GlobalID": "8a79ccf0-e99a-43c3-8bf9-4ac1e3b2e82f",
        "Bin_Type": "ws",
        "Description": "120lt Cage General Waste",
        "Responsible_Unit": "s",
        "last_edited_date": 1533258066961
      }
    },
    {
      "type": "Feature",
      "id": 344,
      "geometry": {
        "type": "Point",
        "coordinates": [
          147.331030936951,
          -42.8776001914475
        ]
      },
      "properties": {
        "OBJECTID": 344,
        "GlobalID": "f85f2813-4f1f-4513-9552-9a986c0f53fb",
        "Bin_Type": "ws",
        "Description": "Stainless Steel/Mod Wood",
        "Responsible_Unit": "p",
        "last_edited_date": 1533259679266
      }
    },
    {
      "type": "Feature",
      "id": 345,
      "geometry": {
        "type": "Point",
        "coordinates": [
          147.331075473653,
          -42.8745229269029
        ]
      },
      "properties": {
        "OBJECTID": 345,
        "GlobalID": "aa9ec983-9c2d-43ec-9f9f-14723afc118c",
        "Bin_Type": "ws",
        "Description": "120lt Doggie Bins",
        "Responsible_Unit": "b",
        "last_edited_date": 1533259291720
      }
    },
    {
      "type": "Feature",
      "id": 346,
      "geometry": {
        "type": "Point",
        "coordinates": [
          147.33203323475,
          -42.8769893072144
        ]
      },
      "properties": {
        "OBJECTID": 346,
        "GlobalID": "80ce1ad3-73f0-464c-9a2e-2e27c446772e",
        "Bin_Type": "ws",
        "Description": "Stainless Steel/Mod Wood",
        "Responsible_Unit": "p",
        "last_edited_date": 1533259606333
      }
    },
    {
      "type": "Feature",
      "id": 347,
      "geometry": {
        "type": "Point",
        "coordinates": [
          147.324940501575,
          -42.8678281290531
        ]
      },
      "properties": {
        "OBJECTID": 347,
        "GlobalID": "8c6093c7-7ccc-4bca-ab63-4c0dd1e24522",
        "Bin_Type": "ws",
        "Description": "Stainless Steel/Mod Wood",
        "Responsible_Unit": "s",
        "last_edited_date": 1533257706583
      }
    },
    {
      "type": "Feature",
      "id": 348,
      "geometry": {
        "type": "Point",
        "coordinates": [
          147.325146440286,
          -42.8676976863663
        ]
      },
      "properties": {
        "OBJECTID": 348,
        "GlobalID": "fcb52b85-45ce-402d-8524-7f03712c811e",
        "Bin_Type": "ws",
        "Description": "120lt Cage General Waste",
        "Responsible_Unit": "s",
        "last_edited_date": 1533257571393
      }
    },
    {
      "type": "Feature",
      "id": 349,
      "geometry": {
        "type": "Point",
        "coordinates": [
          147.325501494918,
          -42.8676006784763
        ]
      },
      "properties": {
        "OBJECTID": 349,
        "GlobalID": "fa4e531a-4560-463e-9c15-979bbaf36826",
        "Bin_Type": "ws",
        "Description": "120lt Cage General Waste",
        "Responsible_Unit": "s",
        "last_edited_date": 1533257562006
      }
    },
    {
      "type": "Feature",
      "id": 350,
      "geometry": {
        "type": "Point",
        "coordinates": [
          147.335238651497,
          -42.8754207062101
        ]
      },
      "properties": {
        "OBJECTID": 350,
        "GlobalID": "f8673de2-d477-42d6-af0c-c9078db28a35",
        "Bin_Type": "ws",
        "Description": "Stainless Steel/Mod Wood",
        "Responsible_Unit": "p",
        "last_edited_date": 1533258936934
      }
    },
    {
      "type": "Feature",
      "id": 351,
      "geometry": {
        "type": "Point",
        "coordinates": [
          147.33591861635,
          -42.8761406788029
        ]
      },
      "properties": {
        "OBJECTID": 351,
        "GlobalID": "41ed4607-fe66-41bf-8d82-053e8349d382",
        "Bin_Type": "ws",
        "Description": "Stainless Steel/Mod Wood",
        "Responsible_Unit": "p",
        "last_edited_date": 1533259005236
      }
    },
    {
      "type": "Feature",
      "id": 352,
      "geometry": {
        "type": "Point",
        "coordinates": [
          147.327922849156,
          -42.8727363748219
        ]
      },
      "properties": {
        "OBJECTID": 352,
        "GlobalID": "6e020975-9649-4c36-aae6-02aa8d3f8bf9",
        "Bin_Type": "ws",
        "Description": "120lt Cage General Waste",
        "Responsible_Unit": "p",
        "last_edited_date": 1533258478136
      }
    },
    {
      "type": "Feature",
      "id": 353,
      "geometry": {
        "type": "Point",
        "coordinates": [
          147.330666843338,
          -42.8761431483419
        ]
      },
      "properties": {
        "OBJECTID": 353,
        "GlobalID": "015cd96f-0c97-42e0-bcbe-1826d0d65980",
        "Bin_Type": "ws",
        "Description": "120lt Doggie Bins",
        "Responsible_Unit": "b",
        "last_edited_date": 1530252193527
      }
    },
    {
      "type": "Feature",
      "id": 354,
      "geometry": {
        "type": "Point",
        "coordinates": [
          147.320703650619,
          -42.8653502081008
        ]
      },
      "properties": {
        "OBJECTID": 354,
        "GlobalID": "5102fb24-1488-4d06-b427-dfb44f2e962f",
        "Bin_Type": "ws",
        "Description": "120lt Doggie Bins",
        "Responsible_Unit": "b",
        "last_edited_date": 1533256821655
      }
    },
    {
      "type": "Feature",
      "id": 355,
      "geometry": {
        "type": "Point",
        "coordinates": [
          147.326392430862,
          -42.863693001095
        ]
      },
      "properties": {
        "OBJECTID": 355,
        "GlobalID": "4f86bfe7-8ee8-4ea8-98d1-d7954de601f3",
        "Bin_Type": "ws",
        "Description": "120lt Cage General Waste",
        "Responsible_Unit": "b",
        "last_edited_date": 1530252193527
      }
    },
    {
      "type": "Feature",
      "id": 356,
      "geometry": {
        "type": "Point",
        "coordinates": [
          147.320551254754,
          -42.892731010873
        ]
      },
      "properties": {
        "OBJECTID": 356,
        "GlobalID": "cdd8bac3-dd56-4af9-a87e-87915bc87ea3",
        "Bin_Type": "ws",
        "Description": "120lt Doggie Bins",
        "Responsible_Unit": "p",
        "last_edited_date": 1531434203104
      }
    },
    {
      "type": "Feature",
      "id": 357,
      "geometry": {
        "type": "Point",
        "coordinates": [
          147.319383170316,
          -42.8942503322537
        ]
      },
      "properties": {
        "OBJECTID": 357,
        "GlobalID": "e8d57cf2-1d37-4b62-9001-55a3bbbf7e2c",
        "Bin_Type": "ws",
        "Description": "120lt Cage General Waste",
        "Responsible_Unit": "p",
        "last_edited_date": 1531433886497
      }
    },
    {
      "type": "Feature",
      "id": 358,
      "geometry": {
        "type": "Point",
        "coordinates": [
          147.319228344241,
          -42.8945331774802
        ]
      },
      "properties": {
        "OBJECTID": 358,
        "GlobalID": "65d5bcdb-2584-45be-affa-c62f931dc9b7",
        "Bin_Type": "ws",
        "Description": "120lt Cage General Waste",
        "Responsible_Unit": "p",
        "last_edited_date": 1531433952205
      }
    },
    {
      "type": "Feature",
      "id": 360,
      "geometry": {
        "type": "Point",
        "coordinates": [
          147.309406276278,
          -42.9014303108212
        ]
      },
      "properties": {
        "OBJECTID": 360,
        "GlobalID": "1c54c1a9-beb6-4d10-b80b-2e424352cda8",
        "Bin_Type": "ws",
        "Description": "120lt Doggie Bins",
        "Responsible_Unit": "b",
        "last_edited_date": 1536275367604
      }
    },
    {
      "type": "Feature",
      "id": 361,
      "geometry": {
        "type": "Point",
        "coordinates": [
          147.295595314571,
          -42.8950617519097
        ]
      },
      "properties": {
        "OBJECTID": 361,
        "GlobalID": "ab64750f-0659-4287-a2b5-9adf765833f0",
        "Bin_Type": "ws",
        "Description": "120lt Cage General Waste",
        "Responsible_Unit": "p",
        "last_edited_date": 1531955162955
      }
    },
    {
      "type": "Feature",
      "id": 362,
      "geometry": {
        "type": "Point",
        "coordinates": [
          147.293766220625,
          -42.8952255058366
        ]
      },
      "properties": {
        "OBJECTID": 362,
        "GlobalID": "8116f2e1-3f5a-4241-8320-f51e9b1d1d7c",
        "Bin_Type": "ws",
        "Description": "Stainless Steel/Mod Wood",
        "Responsible_Unit": "p",
        "last_edited_date": 1531954908214
      }
    },
    {
      "type": "Feature",
      "id": 363,
      "geometry": {
        "type": "Point",
        "coordinates": [
          147.332833096234,
          -42.9059298603014
        ]
      },
      "properties": {
        "OBJECTID": 363,
        "GlobalID": "52dc2828-1cbc-474a-8a1c-3e3262a4535d",
        "Bin_Type": "ws",
        "Description": "120lt Cage General Waste",
        "Responsible_Unit": "b",
        "last_edited_date": 1530252193527
      }
    },
    {
      "type": "Feature",
      "id": 364,
      "geometry": {
        "type": "Point",
        "coordinates": [
          147.307366617727,
          -42.8893156395312
        ]
      },
      "properties": {
        "OBJECTID": 364,
        "GlobalID": "ac5061dc-82f7-477a-a7c4-10ccafc47407",
        "Bin_Type": "ws",
        "Description": "120lt Cage General Waste",
        "Responsible_Unit": "b",
        "last_edited_date": 1530252193527
      }
    },
    {
      "type": "Feature",
      "id": 365,
      "geometry": {
        "type": "Point",
        "coordinates": [
          147.302284912799,
          -42.8875679171924
        ]
      },
      "properties": {
        "OBJECTID": 365,
        "GlobalID": "4b16d8cf-e922-4a8a-9bcb-5f48bf896d7f",
        "Bin_Type": "ws",
        "Description": "120lt Doggie Bins",
        "Responsible_Unit": "b",
        "last_edited_date": 1530252193527
      }
    },
    {
      "type": "Feature",
      "id": 366,
      "geometry": {
        "type": "Point",
        "coordinates": [
          147.32621471506,
          -42.8930335291296
        ]
      },
      "properties": {
        "OBJECTID": 366,
        "GlobalID": "e5f5eb98-66b9-4242-9d41-b1ba178a8dbe",
        "Bin_Type": "ws",
        "Description": "120lt Cage General Waste",
        "Responsible_Unit": "p",
        "last_edited_date": 1530252193527
      }
    },
    {
      "type": "Feature",
      "id": 367,
      "geometry": {
        "type": "Point",
        "coordinates": [
          147.311864022646,
          -42.8512332050072
        ]
      },
      "properties": {
        "OBJECTID": 367,
        "GlobalID": "bf21b718-a6e2-4a01-b2c3-5f1e57e572b1",
        "Bin_Type": "ws",
        "Description": "Stainless Steel/Mod Wood",
        "Responsible_Unit": "s",
        "last_edited_date": 1533254576093
      }
    },
    {
      "type": "Feature",
      "id": 368,
      "geometry": {
        "type": "Point",
        "coordinates": [
          147.288650196506,
          -42.8610954149887
        ]
      },
      "properties": {
        "OBJECTID": 368,
        "GlobalID": "6be747b8-e95e-44ed-ac38-98882031ad68",
        "Bin_Type": "ws",
        "Description": "120lt Cage General Waste",
        "Responsible_Unit": "s",
        "last_edited_date": 1530252193527
      }
    },
    {
      "type": "Feature",
      "id": 369,
      "geometry": {
        "type": "Point",
        "coordinates": [
          147.288426540081,
          -42.8617729043474
        ]
      },
      "properties": {
        "OBJECTID": 369,
        "GlobalID": "e8170e0f-0249-4cf0-adb4-74cb48266ac2",
        "Bin_Type": "ws",
        "Description": "120lt Cage General Waste",
        "Responsible_Unit": "s",
        "last_edited_date": 1530252193527
      }
    },
    {
      "type": "Feature",
      "id": 370,
      "geometry": {
        "type": "Point",
        "coordinates": [
          147.288512194849,
          -42.8618478756048
        ]
      },
      "properties": {
        "OBJECTID": 370,
        "GlobalID": "d3840c0c-60fe-4a73-b25e-6539b491fc6d",
        "Bin_Type": "ws",
        "Description": "120lt Cage General Waste",
        "Responsible_Unit": "s",
        "last_edited_date": 1530252193527
      }
    },
    {
      "type": "Feature",
      "id": 371,
      "geometry": {
        "type": "Point",
        "coordinates": [
          147.288145751355,
          -42.8617890031631
        ]
      },
      "properties": {
        "OBJECTID": 371,
        "GlobalID": "ba1aa59b-fc62-4db2-9318-15b5d77ae4af",
        "Bin_Type": "ws",
        "Description": "120lt Cage General Waste",
        "Responsible_Unit": "s",
        "last_edited_date": 1530252193527
      }
    },
    {
      "type": "Feature",
      "id": 372,
      "geometry": {
        "type": "Point",
        "coordinates": [
          147.288873228693,
          -42.8616095649017
        ]
      },
      "properties": {
        "OBJECTID": 372,
        "GlobalID": "5d0bb562-ebcf-441a-ae37-79610faf8ae8",
        "Bin_Type": "ws",
        "Description": "120lt Cage General Waste",
        "Responsible_Unit": "s",
        "last_edited_date": 1530252193527
      }
    },
    {
      "type": "Feature",
      "id": 373,
      "geometry": {
        "type": "Point",
        "coordinates": [
          147.288642906587,
          -42.8615752159854
        ]
      },
      "properties": {
        "OBJECTID": 373,
        "GlobalID": "9248d695-1eab-406d-adb0-eec24b6e466f",
        "Bin_Type": "ws",
        "Description": "120lt Cage General Waste",
        "Responsible_Unit": "s",
        "last_edited_date": 1530252193527
      }
    },
    {
      "type": "Feature",
      "id": 374,
      "geometry": {
        "type": "Point",
        "coordinates": [
          147.288349611383,
          -42.8593343109961
        ]
      },
      "properties": {
        "OBJECTID": 374,
        "GlobalID": "7415bfce-001d-476d-a56e-a22a04fbc47d",
        "Bin_Type": "ws",
        "Description": "120lt Cage General Waste",
        "Responsible_Unit": "s",
        "last_edited_date": 1530252193527
      }
    },
    {
      "type": "Feature",
      "id": 375,
      "geometry": {
        "type": "Point",
        "coordinates": [
          147.289139008797,
          -42.8593139144009
        ]
      },
      "properties": {
        "OBJECTID": 375,
        "GlobalID": "e3f19949-a30a-4568-a904-747765ed62a9",
        "Bin_Type": "ws",
        "Description": "120lt Cage General Waste",
        "Responsible_Unit": "s",
        "last_edited_date": 1530252193527
      }
    },
    {
      "type": "Feature",
      "id": 376,
      "geometry": {
        "type": "Point",
        "coordinates": [
          147.327162842115,
          -42.870402064549
        ]
      },
      "properties": {
        "OBJECTID": 376,
        "GlobalID": "3320fcf1-4cb0-4b70-ae11-3c4460632cca",
        "Bin_Type": "ws",
        "Description": "120lt Doggie Bins",
        "Responsible_Unit": "s",
        "last_edited_date": 1533258082059
      }
    },
    {
      "type": "Feature",
      "id": 377,
      "geometry": {
        "type": "Point",
        "coordinates": [
          147.337474087899,
          -42.8920357725279
        ]
      },
      "properties": {
        "OBJECTID": 377,
        "GlobalID": "ed33789a-ae70-4518-95e4-c9343f4e39e6",
        "Bin_Type": "ws",
        "Description": "120lt Cage General Waste",
        "Responsible_Unit": "p",
        "last_edited_date": 1530252193527
      }
    },
    {
      "type": "Feature",
      "id": 378,
      "geometry": {
        "type": "Point",
        "coordinates": [
          147.297481945269,
          -42.8527732370928
        ]
      },
      "properties": {
        "OBJECTID": 378,
        "GlobalID": "3997f7e0-9d08-45c5-a581-7c98b7a4154b",
        "Bin_Type": "ws",
        "Description": "120lt Cage General Waste",
        "Responsible_Unit": "s",
        "last_edited_date": 1543198854959
      }
    },
    {
      "type": "Feature",
      "id": 379,
      "geometry": {
        "type": "Point",
        "coordinates": [
          147.297457424908,
          -42.8528944339709
        ]
      },
      "properties": {
        "OBJECTID": 379,
        "GlobalID": "ca708d41-fb31-4fa4-84e6-a46d8367163b",
        "Bin_Type": "ws",
        "Description": "120lt Cage General Waste",
        "Responsible_Unit": "s",
        "last_edited_date": 1543198880182
      }
    },
    {
      "type": "Feature",
      "id": 380,
      "geometry": {
        "type": "Point",
        "coordinates": [
          147.297357912542,
          -42.8532347339742
        ]
      },
      "properties": {
        "OBJECTID": 380,
        "GlobalID": "1c9ca0c5-1165-4862-b4ac-0e6fd874d8c8",
        "Bin_Type": "ws",
        "Description": "120lt Cage General Waste",
        "Responsible_Unit": "s",
        "last_edited_date": 1543198888556
      }
    },
    {
      "type": "Feature",
      "id": 381,
      "geometry": {
        "type": "Point",
        "coordinates": [
          147.297577540375,
          -42.8526696896405
        ]
      },
      "properties": {
        "OBJECTID": 381,
        "GlobalID": "f6604adf-5ff8-4b39-b4a4-b42a7fc0d82d",
        "Bin_Type": "ws",
        "Description": "120lt Cage General Waste",
        "Responsible_Unit": "s",
        "last_edited_date": 1543198844226
      }
    },
    {
      "type": "Feature",
      "id": 382,
      "geometry": {
        "type": "Point",
        "coordinates": [
          147.321966955543,
          -42.8775929774189
        ]
      },
      "properties": {
        "OBJECTID": 382,
        "GlobalID": "111e0d3e-54d3-4cad-91bf-f06c63421097",
        "Bin_Type": "ws",
        "Description": "120lt Cage General Waste",
        "Responsible_Unit": "p",
        "last_edited_date": 1530252193527
      }
    },
    {
      "type": "Feature",
      "id": 383,
      "geometry": {
        "type": "Point",
        "coordinates": [
          147.319728344181,
          -42.8726587601053
        ]
      },
      "properties": {
        "OBJECTID": 383,
        "GlobalID": "82422448-31d5-4c53-a0a1-f2c27760f64e",
        "Bin_Type": "ws",
        "Description": "120lt Cage General Waste",
        "Responsible_Unit": "p",
        "last_edited_date": 1530252193527
      }
    },
    {
      "type": "Feature",
      "id": 384,
      "geometry": {
        "type": "Point",
        "coordinates": [
          147.318696378016,
          -42.8726964677926
        ]
      },
      "properties": {
        "OBJECTID": 384,
        "GlobalID": "44e068a1-9299-4a0b-905e-680c6aa3e6f6",
        "Bin_Type": "ws",
        "Description": "120lt Cage General Waste",
        "Responsible_Unit": "p",
        "last_edited_date": 1530252193527
      }
    },
    {
      "type": "Feature",
      "id": 385,
      "geometry": {
        "type": "Point",
        "coordinates": [
          147.319645518993,
          -42.8723586832389
        ]
      },
      "properties": {
        "OBJECTID": 385,
        "GlobalID": "4cdc1f46-89ef-455f-8c90-2dd04e794ac1",
        "Bin_Type": "ws",
        "Description": "120lt Cage General Waste",
        "Responsible_Unit": "p",
        "last_edited_date": 1530252193527
      }
    },
    {
      "type": "Feature",
      "id": 386,
      "geometry": {
        "type": "Point",
        "coordinates": [
          147.304262895353,
          -42.863961836482
        ]
      },
      "properties": {
        "OBJECTID": 386,
        "GlobalID": "580d9250-afc5-4e87-b38e-b90548689dac",
        "Bin_Type": "ws",
        "Description": "Stainless Steel/Mod Wood",
        "Responsible_Unit": "s",
        "last_edited_date": 1543197336989
      }
    },
    {
      "type": "Feature",
      "id": 387,
      "geometry": {
        "type": "Point",
        "coordinates": [
          147.302992415686,
          -42.8632636956025
        ]
      },
      "properties": {
        "OBJECTID": 387,
        "GlobalID": "898a4aba-8086-4110-8e22-d1c8d115bd3b",
        "Bin_Type": "ws",
        "Description": "Stainless Steel/Mod Wood",
        "Responsible_Unit": "s",
        "last_edited_date": 1543197380072
      }
    },
    {
      "type": "Feature",
      "id": 388,
      "geometry": {
        "type": "Point",
        "coordinates": [
          147.320275400545,
          -42.8951225257118
        ]
      },
      "properties": {
        "OBJECTID": 388,
        "GlobalID": "0b7c317a-026b-4550-bf53-018fd13d76da",
        "Bin_Type": "ws",
        "Description": "Stainless Steel/Mod Wood",
        "Responsible_Unit": "s",
        "last_edited_date": 1531434522070
      }
    },
    {
      "type": "Feature",
      "id": 389,
      "geometry": {
        "type": "Point",
        "coordinates": [
          147.321088629155,
          -42.8956540257185
        ]
      },
      "properties": {
        "OBJECTID": 389,
        "GlobalID": "296e328a-4734-4906-ad95-9d9ae8eec3fe",
        "Bin_Type": "ws",
        "Description": "Stainless Steel/Mod Wood",
        "Responsible_Unit": "s",
        "last_edited_date": 1531434626286
      }
    },
    {
      "type": "Feature",
      "id": 390,
      "geometry": {
        "type": "Point",
        "coordinates": [
          147.32119759615,
          -42.8956116511683
        ]
      },
      "properties": {
        "OBJECTID": 390,
        "GlobalID": "961e6d92-c66d-4e32-9295-860afe1eae42",
        "Bin_Type": "ws",
        "Description": "Stainless Steel/Mod Wood",
        "Responsible_Unit": "s",
        "last_edited_date": 1531434639495
      }
    },
    {
      "type": "Feature",
      "id": 391,
      "geometry": {
        "type": "Point",
        "coordinates": [
          147.306049999924,
          -42.8546686763541
        ]
      },
      "properties": {
        "OBJECTID": 391,
        "GlobalID": "64bed072-092c-4c54-bef8-b704599ad93f",
        "Bin_Type": "ws",
        "Description": "120lt Cage General Waste",
        "Responsible_Unit": "p",
        "last_edited_date": 1543199125305
      }
    },
    {
      "type": "Feature",
      "id": 392,
      "geometry": {
        "type": "Point",
        "coordinates": [
          147.331151700888,
          -42.8857756936012
        ]
      },
      "properties": {
        "OBJECTID": 392,
        "GlobalID": "e9205570-2fa8-431b-9ea8-913dfcd962d0",
        "Bin_Type": "ws",
        "Description": "120lt Cage General Waste",
        "Responsible_Unit": "p",
        "last_edited_date": 1530252193527
      }
    },
    {
      "type": "Feature",
      "id": 393,
      "geometry": {
        "type": "Point",
        "coordinates": [
          147.330985330735,
          -42.8861956567659
        ]
      },
      "properties": {
        "OBJECTID": 393,
        "GlobalID": "fcfd1143-e8f1-4b72-a575-9e016d991835",
        "Bin_Type": "ws",
        "Description": "120lt Cage General Waste",
        "Responsible_Unit": "p",
        "last_edited_date": 1530252193527
      }
    },
    {
      "type": "Feature",
      "id": 394,
      "geometry": {
        "type": "Point",
        "coordinates": [
          147.331268094494,
          -42.8856663311156
        ]
      },
      "properties": {
        "OBJECTID": 394,
        "GlobalID": "42c164b1-7236-4fd0-b817-1b80dfed20b9",
        "Bin_Type": "ws",
        "Description": "120lt Cage General Waste",
        "Responsible_Unit": "p",
        "last_edited_date": 1530252193527
      }
    },
    {
      "type": "Feature",
      "id": 395,
      "geometry": {
        "type": "Point",
        "coordinates": [
          147.331312119474,
          -42.8852639144435
        ]
      },
      "properties": {
        "OBJECTID": 395,
        "GlobalID": "13dda347-377c-42da-b6d2-b8609c0afa97",
        "Bin_Type": "ws",
        "Description": "120lt Cage General Waste",
        "Responsible_Unit": "p",
        "last_edited_date": 1530252193527
      }
    },
    {
      "type": "Feature",
      "id": 396,
      "geometry": {
        "type": "Point",
        "coordinates": [
          147.336076770721,
          -42.8878235234037
        ]
      },
      "properties": {
        "OBJECTID": 396,
        "GlobalID": "bd8a9728-5be7-4a3e-b653-a864a0139369",
        "Bin_Type": "ws",
        "Description": "120lt Cage General Waste",
        "Responsible_Unit": "p",
        "last_edited_date": 1530252193527
      }
    },
    {
      "type": "Feature",
      "id": 397,
      "geometry": {
        "type": "Point",
        "coordinates": [
          147.337298031226,
          -42.8872996902925
        ]
      },
      "properties": {
        "OBJECTID": 397,
        "GlobalID": "62a0c435-efa1-4a6f-a5ee-40fa0d31e718",
        "Bin_Type": "ws",
        "Description": "120lt Cage General Waste",
        "Responsible_Unit": "p",
        "last_edited_date": 1530252193527
      }
    },
    {
      "type": "Feature",
      "id": 398,
      "geometry": {
        "type": "Point",
        "coordinates": [
          147.337443886547,
          -42.8877743184035
        ]
      },
      "properties": {
        "OBJECTID": 398,
        "GlobalID": "60ba7773-4c14-445e-9343-c572245904dc",
        "Bin_Type": "ws",
        "Description": "120lt Cage General Waste",
        "Responsible_Unit": "p",
        "last_edited_date": 1530252193527
      }
    },
    {
      "type": "Feature",
      "id": 399,
      "geometry": {
        "type": "Point",
        "coordinates": [
          147.336605453038,
          -42.8881219362868
        ]
      },
      "properties": {
        "OBJECTID": 399,
        "GlobalID": "23fa6666-0ff0-4aa3-9b27-e9aaf402c3e3",
        "Bin_Type": "ws",
        "Description": "120lt Cage General Waste",
        "Responsible_Unit": "p",
        "last_edited_date": 1530252193527
      }
    },
    {
      "type": "Feature",
      "id": 400,
      "geometry": {
        "type": "Point",
        "coordinates": [
          147.337458982456,
          -42.8882431559627
        ]
      },
      "properties": {
        "OBJECTID": 400,
        "GlobalID": "19a8defb-4151-4aff-81c6-7551d4ec0727",
        "Bin_Type": "ws",
        "Description": "120lt Cage General Waste",
        "Responsible_Unit": "p",
        "last_edited_date": 1530252193527
      }
    },
    {
      "type": "Feature",
      "id": 401,
      "geometry": {
        "type": "Point",
        "coordinates": [
          147.337457185138,
          -42.8880646311697
        ]
      },
      "properties": {
        "OBJECTID": 401,
        "GlobalID": "3ae53496-6d2d-45c3-81eb-e7c5cf83cd80",
        "Bin_Type": "ws",
        "Description": "120lt Cage General Waste",
        "Responsible_Unit": "p",
        "last_edited_date": 1530252193527
      }
    },
    {
      "type": "Feature",
      "id": 402,
      "geometry": {
        "type": "Point",
        "coordinates": [
          147.302668376158,
          -42.8636049078093
        ]
      },
      "properties": {
        "OBJECTID": 402,
        "GlobalID": "23c1bb6c-fbc3-4ed5-96ca-f84f7694d6a7",
        "Bin_Type": "ws",
        "Description": "120lt Cage General Waste",
        "Responsible_Unit": "p",
        "last_edited_date": 1543197363819
      }
    },
    {
      "type": "Feature",
      "id": 403,
      "geometry": {
        "type": "Point",
        "coordinates": [
          147.332919240695,
          -42.8873339174358
        ]
      },
      "properties": {
        "OBJECTID": 403,
        "GlobalID": "36bf4a9f-1820-4d4b-9158-54726396787f",
        "Bin_Type": "ws",
        "Description": "120lt Cage General Waste",
        "Responsible_Unit": "p",
        "last_edited_date": 1530252193527
      }
    },
    {
      "type": "Feature",
      "id": 404,
      "geometry": {
        "type": "Point",
        "coordinates": [
          147.332680885121,
          -42.8873228557082
        ]
      },
      "properties": {
        "OBJECTID": 404,
        "GlobalID": "23582893-26e3-41e1-a8c8-48e5895ece20",
        "Bin_Type": "ws",
        "Description": "120lt Cage General Waste",
        "Responsible_Unit": "p",
        "last_edited_date": 1530252193527
      }
    },
    {
      "type": "Feature",
      "id": 405,
      "geometry": {
        "type": "Point",
        "coordinates": [
          147.332113569045,
          -42.8871115482207
        ]
      },
      "properties": {
        "OBJECTID": 405,
        "GlobalID": "07b01e77-e3c5-45cb-9ee1-672756bd41af",
        "Bin_Type": "ws",
        "Description": "120lt Cage General Waste",
        "Responsible_Unit": "p",
        "last_edited_date": 1530252193527
      }
    },
    {
      "type": "Feature",
      "id": 406,
      "geometry": {
        "type": "Point",
        "coordinates": [
          147.3326704131,
          -42.8873228185968
        ]
      },
      "properties": {
        "OBJECTID": 406,
        "GlobalID": "c5ed55b4-e9b8-4a35-953a-cafab54db7d0",
        "Bin_Type": "rs",
        "Description": "120lt Cage Recycling",
        "Responsible_Unit": "p",
        "last_edited_date": 1530252193527
      }
    },
    {
      "type": "Feature",
      "id": 407,
      "geometry": {
        "type": "Point",
        "coordinates": [
          147.332929687127,
          -42.8873339780127
        ]
      },
      "properties": {
        "OBJECTID": 407,
        "GlobalID": "ae68ab0a-caa9-4c67-8fce-340964df0af3",
        "Bin_Type": "rs",
        "Description": "120lt Cage Recycling",
        "Responsible_Unit": "p",
        "last_edited_date": 1530252193527
      }
    },
    {
      "type": "Feature",
      "id": 408,
      "geometry": {
        "type": "Point",
        "coordinates": [
          147.33211582651,
          -42.8871057017629
        ]
      },
      "properties": {
        "OBJECTID": 408,
        "GlobalID": "08e0842f-652e-4c7b-951b-f6e56d13c1c4",
        "Bin_Type": "rs",
        "Description": "120lt Cage Recycling",
        "Responsible_Unit": "p",
        "last_edited_date": 1530252193527
      }
    },
    {
      "type": "Feature",
      "id": 409,
      "geometry": {
        "type": "Point",
        "coordinates": [
          147.310019703061,
          -42.8640278164108
        ]
      },
      "properties": {
        "OBJECTID": 409,
        "GlobalID": "6d63426d-a65e-49c8-b9f8-fd21d9b42f8a",
        "Bin_Type": "ws",
        "Description": "120lt Cage General Waste",
        "Responsible_Unit": "p",
        "last_edited_date": 1543197827848
      }
    },
    {
      "type": "Feature",
      "id": 410,
      "geometry": {
        "type": "Point",
        "coordinates": [
          147.354409291569,
          -42.9105700885015
        ]
      },
      "properties": {
        "OBJECTID": 410,
        "GlobalID": "9ba2903d-5b03-44bc-b576-8bef35dee8ca",
        "Bin_Type": "ws",
        "Description": "120lt Cage General Waste",
        "Responsible_Unit": "s",
        "last_edited_date": 1531438386666
      }
    },
    {
      "type": "Feature",
      "id": 411,
      "geometry": {
        "type": "Point",
        "coordinates": [
          147.354299483892,
          -42.9107683162588
        ]
      },
      "properties": {
        "OBJECTID": 411,
        "GlobalID": "4a473911-e51f-4e3d-a966-b5cb0d6a5c42",
        "Bin_Type": "ws",
        "Description": "120lt Cage General Waste",
        "Responsible_Unit": "s",
        "last_edited_date": 1531438441013
      }
    },
    {
      "type": "Feature",
      "id": 412,
      "geometry": {
        "type": "Point",
        "coordinates": [
          147.354428109035,
          -42.9107965331136
        ]
      },
      "properties": {
        "OBJECTID": 412,
        "GlobalID": "3f820565-d0c0-487b-a804-e177f0bb2260",
        "Bin_Type": "ws",
        "Description": "120lt Cage General Waste",
        "Responsible_Unit": "s",
        "last_edited_date": 1531438504683
      }
    },
    {
      "type": "Feature",
      "id": 413,
      "geometry": {
        "type": "Point",
        "coordinates": [
          147.329030671018,
          -42.9243173513334
        ]
      },
      "properties": {
        "OBJECTID": 413,
        "GlobalID": "81feac5b-4d19-4614-bbb2-e084adcd934b",
        "Bin_Type": "ws",
        "Description": "120lt Cage General Waste",
        "Responsible_Unit": "s",
        "last_edited_date": 1530252193527
      }
    },
    {
      "type": "Feature",
      "id": 414,
      "geometry": {
        "type": "Point",
        "coordinates": [
          147.329328182525,
          -42.9248263324109
        ]
      },
      "properties": {
        "OBJECTID": 414,
        "GlobalID": "e5a316e1-e90b-444d-9ea6-1f5e1dee8012",
        "Bin_Type": "ws",
        "Description": "120lt Cage General Waste",
        "Responsible_Unit": "s",
        "last_edited_date": 1530252193527
      }
    },
    {
      "type": "Feature",
      "id": 415,
      "geometry": {
        "type": "Point",
        "coordinates": [
          147.33064382471,
          -42.9245891623681
        ]
      },
      "properties": {
        "OBJECTID": 415,
        "GlobalID": "e63cb5b4-5540-48fb-8ad4-178914c24bb0",
        "Bin_Type": "ws",
        "Description": "120lt Cage General Waste",
        "Responsible_Unit": "s",
        "last_edited_date": 1530252193527
      }
    },
    {
      "type": "Feature",
      "id": 416,
      "geometry": {
        "type": "Point",
        "coordinates": [
          147.27909604708,
          -42.8590395420825
        ]
      },
      "properties": {
        "OBJECTID": 416,
        "GlobalID": "9a56bab7-d97a-41ed-b33e-e222b9d2ea4e",
        "Bin_Type": "ws",
        "Description": "120lt Cage General Waste",
        "Responsible_Unit": "p",
        "last_edited_date": 1530252193527
      }
    },
    {
      "type": "Feature",
      "id": 417,
      "geometry": {
        "type": "Point",
        "coordinates": [
          147.301793218458,
          -42.8686398949121
        ]
      },
      "properties": {
        "OBJECTID": 417,
        "GlobalID": "a8b0db79-c365-45b4-ba35-c8ff672b2e24",
        "Bin_Type": "ws",
        "Description": "120lt Cage General Waste",
        "Responsible_Unit": "p",
        "last_edited_date": 1543199515675
      }
    },
    {
      "type": "Feature",
      "id": 418,
      "geometry": {
        "type": "Point",
        "coordinates": [
          147.292338302991,
          -42.8658419528611
        ]
      },
      "properties": {
        "OBJECTID": 418,
        "GlobalID": "de24fee9-d432-4253-92a8-3f022d4d9fc6",
        "Bin_Type": "ws",
        "Description": "120lt Cage General Waste",
        "Responsible_Unit": "p",
        "last_edited_date": 1530252193527
      }
    },
    {
      "type": "Feature",
      "id": 419,
      "geometry": {
        "type": "Point",
        "coordinates": [
          147.357008906167,
          -42.9135347018831
        ]
      },
      "properties": {
        "OBJECTID": 419,
        "GlobalID": "9b49c58f-8e7b-4bf1-b741-de8752ddafd7",
        "Bin_Type": "ws",
        "Description": "Stainless Steel/Mod Wood",
        "Responsible_Unit": "p",
        "last_edited_date": 1531435815675
      }
    },
    {
      "type": "Feature",
      "id": 423,
      "geometry": {
        "type": "Point",
        "coordinates": [
          147.356480890791,
          -42.9123676026755
        ]
      },
      "properties": {
        "OBJECTID": 423,
        "GlobalID": "adf3c1f2-d11f-403a-92a1-7b98675d123f",
        "Bin_Type": "ws",
        "Description": "Stainless Steel/Mod Wood",
        "Responsible_Unit": "p",
        "last_edited_date": 1531436468011
      }
    },
    {
      "type": "Feature",
      "id": 424,
      "geometry": {
        "type": "Point",
        "coordinates": [
          147.356081167739,
          -42.9115783409757
        ]
      },
      "properties": {
        "OBJECTID": 424,
        "GlobalID": "a9b1698c-01a1-4661-8678-4734ce6c11e2",
        "Bin_Type": "ws",
        "Description": "Stainless Steel/Mod Wood",
        "Responsible_Unit": "p",
        "last_edited_date": 1532999125864
      }
    },
    {
      "type": "Feature",
      "id": 425,
      "geometry": {
        "type": "Point",
        "coordinates": [
          147.356162138825,
          -42.9115144790109
        ]
      },
      "properties": {
        "OBJECTID": 425,
        "GlobalID": "33e34df9-e8d0-4872-b92f-94dd6125e403",
        "Bin_Type": "ws",
        "Description": "Stainless Steel/Mod Wood",
        "Responsible_Unit": "p",
        "last_edited_date": 1532998897541
      }
    },
    {
      "type": "Feature",
      "id": 426,
      "geometry": {
        "type": "Point",
        "coordinates": [
          147.356454415344,
          -42.9116685047863
        ]
      },
      "properties": {
        "OBJECTID": 426,
        "GlobalID": "4ece577e-23ea-479c-b56e-950a0ed9a31c",
        "Bin_Type": "ws",
        "Description": "120lt Cage General Waste",
        "Responsible_Unit": "p",
        "last_edited_date": 1530252193527
      }
    },
    {
      "type": "Feature",
      "id": 428,
      "geometry": {
        "type": "Point",
        "coordinates": [
          147.356777238246,
          -42.9108927109928
        ]
      },
      "properties": {
        "OBJECTID": 428,
        "GlobalID": "0ef8964f-9d1c-4916-8419-5261390bd397",
        "Bin_Type": "ws",
        "Description": "Stainless Steel/Mod Wood",
        "Responsible_Unit": "p",
        "last_edited_date": 1531436886530
      }
    },
    {
      "type": "Feature",
      "id": 430,
      "geometry": {
        "type": "Point",
        "coordinates": [
          147.355940746098,
          -42.9094335523759
        ]
      },
      "properties": {
        "OBJECTID": 430,
        "GlobalID": "9884d3da-01cc-4d0c-97b3-8cd5220b94a1",
        "Bin_Type": "ws",
        "Description": "120lt Cage General Waste",
        "Responsible_Unit": "p",
        "last_edited_date": 1531437645948
      }
    },
    {
      "type": "Feature",
      "id": 433,
      "geometry": {
        "type": "Point",
        "coordinates": [
          147.355993967005,
          -42.9103232233027
        ]
      },
      "properties": {
        "OBJECTID": 433,
        "GlobalID": "c8309506-9780-4991-bd84-e930ddc1fd57",
        "Bin_Type": "ws",
        "Description": "120lt Cage General Waste",
        "Responsible_Unit": "p",
        "last_edited_date": 1531438220094
      }
    },
    {
      "type": "Feature",
      "id": 435,
      "geometry": {
        "type": "Point",
        "coordinates": [
          147.356521636868,
          -42.9101624356602
        ]
      },
      "properties": {
        "OBJECTID": 435,
        "GlobalID": "bc9bb885-00c8-4304-9219-93e5202eb029",
        "Bin_Type": "ws",
        "Description": "Stainless Steel/Mod Wood",
        "Responsible_Unit": "p",
        "last_edited_date": 1531437748608
      }
    },
    {
      "type": "Feature",
      "id": 438,
      "geometry": {
        "type": "Point",
        "coordinates": [
          147.356748611666,
          -42.913000832271
        ]
      },
      "properties": {
        "OBJECTID": 438,
        "GlobalID": "6e089f24-755e-4912-9468-f4384224f9e6",
        "Bin_Type": "ws",
        "Description": "Stainless Steel/Mod Wood",
        "Responsible_Unit": "p",
        "last_edited_date": 1531436126001
      }
    },
    {
      "type": "Feature",
      "id": 439,
      "geometry": {
        "type": "Point",
        "coordinates": [
          147.356085618209,
          -42.9114694472203
        ]
      },
      "properties": {
        "OBJECTID": 439,
        "GlobalID": "8e4dddd1-7eb3-45bd-a8ae-48679bcadeb1",
        "Bin_Type": "ws",
        "Description": "Stainless Steel/Mod Wood",
        "Responsible_Unit": "p",
        "last_edited_date": 1532998877332
      }
    },
    {
      "type": "Feature",
      "id": 440,
      "geometry": {
        "type": "Point",
        "coordinates": [
          147.35611605843,
          -42.9115754532495
        ]
      },
      "properties": {
        "OBJECTID": 440,
        "GlobalID": "256e85a7-b4b1-4a9d-b866-f16267930e6a",
        "Bin_Type": "ws",
        "Description": "Stainless Steel/Mod Wood",
        "Responsible_Unit": "p",
        "last_edited_date": 1532998909865
      }
    },
    {
      "type": "Feature",
      "id": 441,
      "geometry": {
        "type": "Point",
        "coordinates": [
          147.356158804824,
          -42.9114996737485
        ]
      },
      "properties": {
        "OBJECTID": 441,
        "GlobalID": "adf44554-39c9-45f5-b7a6-21e9a707973e",
        "Bin_Type": "ws",
        "Description": "Stainless Steel/Mod Wood",
        "Responsible_Unit": "p",
        "last_edited_date": 1532998887036
      }
    },
    {
      "type": "Feature",
      "id": 442,
      "geometry": {
        "type": "Point",
        "coordinates": [
          147.3596857198,
          -42.9137937799032
        ]
      },
      "properties": {
        "OBJECTID": 442,
        "GlobalID": "fb481434-467d-44a0-b965-8219b6d9af31",
        "Bin_Type": "ws",
        "Description": "120lt Cage General Waste",
        "Responsible_Unit": "p",
        "last_edited_date": 1530252193527
      }
    },
    {
      "type": "Feature",
      "id": 443,
      "geometry": {
        "type": "Point",
        "coordinates": [
          147.360628092169,
          -42.9145557586139
        ]
      },
      "properties": {
        "OBJECTID": 443,
        "GlobalID": "9398aa3d-680a-4f20-ae27-ae68a76e2d8c",
        "Bin_Type": "ws",
        "Description": "120lt Cage General Waste",
        "Responsible_Unit": "p",
        "last_edited_date": 1530252193527
      }
    },
    {
      "type": "Feature",
      "id": 444,
      "geometry": {
        "type": "Point",
        "coordinates": [
          147.360654641191,
          -42.9144705928344
        ]
      },
      "properties": {
        "OBJECTID": 444,
        "GlobalID": "59931e20-a552-48d3-8d6a-9f7644a1b54b",
        "Bin_Type": "ws",
        "Description": "120lt Cage General Waste",
        "Responsible_Unit": "p",
        "last_edited_date": 1530252193527
      }
    },
    {
      "type": "Feature",
      "id": 445,
      "geometry": {
        "type": "Point",
        "coordinates": [
          147.297375667856,
          -42.8750469428498
        ]
      },
      "properties": {
        "OBJECTID": 445,
        "GlobalID": "2352963f-52ea-4e95-b5cc-8abec603890a",
        "Bin_Type": "ws",
        "Description": "120lt Doggie Bins",
        "Responsible_Unit": "b",
        "last_edited_date": 1543199916560
      }
    },
    {
      "type": "Feature",
      "id": 446,
      "geometry": {
        "type": "Point",
        "coordinates": [
          147.296522874817,
          -42.8743031932469
        ]
      },
      "properties": {
        "OBJECTID": 446,
        "GlobalID": "1275a4af-56a0-41a4-b9e8-86545fa26d2b",
        "Bin_Type": "ws",
        "Description": "25lt Drop Metal",
        "Responsible_Unit": "b",
        "last_edited_date": 1543199895969
      }
    },
    {
      "type": "Feature",
      "id": 447,
      "geometry": {
        "type": "Point",
        "coordinates": [
          147.291874007365,
          -42.9079489813448
        ]
      },
      "properties": {
        "OBJECTID": 447,
        "GlobalID": "f62061d3-e44f-4e91-a997-1a7b75c9d7c6",
        "Bin_Type": "ws",
        "Description": "Stainless Steel/Mod Wood",
        "Responsible_Unit": "b",
        "last_edited_date": 1536282788013
      }
    },
    {
      "type": "Feature",
      "id": 448,
      "geometry": {
        "type": "Point",
        "coordinates": [
          147.291876377904,
          -42.9079596455951
        ]
      },
      "properties": {
        "OBJECTID": 448,
        "GlobalID": "149da263-de2f-4d17-98bb-6b9054a7f088",
        "Bin_Type": "ws",
        "Description": "Stainless Steel/Mod Wood",
        "Responsible_Unit": "b",
        "last_edited_date": 1536282800984
      }
    },
    {
      "type": "Feature",
      "id": 449,
      "geometry": {
        "type": "Point",
        "coordinates": [
          147.292139714084,
          -42.9083447029335
        ]
      },
      "properties": {
        "OBJECTID": 449,
        "GlobalID": "ea7e3919-3b04-4b99-aa8c-790f08585bf0",
        "Bin_Type": "ws",
        "Description": "Stainless Steel/Mod Wood",
        "Responsible_Unit": "b",
        "last_edited_date": 1536282844218
      }
    },
    {
      "type": "Feature",
      "id": 450,
      "geometry": {
        "type": "Point",
        "coordinates": [
          147.291293960785,
          -42.9083834695703
        ]
      },
      "properties": {
        "OBJECTID": 450,
        "GlobalID": "37e16715-7c7a-4c28-b461-d9bb66c15b17",
        "Bin_Type": "ws",
        "Description": "120lt Cage General Waste",
        "Responsible_Unit": "b",
        "last_edited_date": 1536282905990
      }
    },
    {
      "type": "Feature",
      "id": 451,
      "geometry": {
        "type": "Point",
        "coordinates": [
          147.290490927746,
          -42.908821702375
        ]
      },
      "properties": {
        "OBJECTID": 451,
        "GlobalID": "ac805fa8-b9e6-437a-9be9-5c8ea241d7b6",
        "Bin_Type": "ws",
        "Description": "120lt Cage General Waste",
        "Responsible_Unit": "b",
        "last_edited_date": 1536282981439
      }
    },
    {
      "type": "Feature",
      "id": 452,
      "geometry": {
        "type": "Point",
        "coordinates": [
          147.28981826947,
          -42.9090452310647
        ]
      },
      "properties": {
        "OBJECTID": 452,
        "GlobalID": "74553e10-23de-4898-bc51-d2784230908c",
        "Bin_Type": "ws",
        "Description": "Stainless Steel/Mod Wood",
        "Responsible_Unit": "b",
        "last_edited_date": 1536282988430
      }
    },
    {
      "type": "Feature",
      "id": 453,
      "geometry": {
        "type": "Point",
        "coordinates": [
          147.291014195515,
          -42.9088132251415
        ]
      },
      "properties": {
        "OBJECTID": 453,
        "GlobalID": "7ed6c4c9-7436-498f-8c1b-c8b2646a3276",
        "Bin_Type": "ws",
        "Description": "120lt Cage General Waste",
        "Responsible_Unit": "b",
        "last_edited_date": 1536282945397
      }
    },
    {
      "type": "Feature",
      "id": 457,
      "geometry": {
        "type": "Point",
        "coordinates": [
          147.35647102508,
          -42.9108688941937
        ]
      },
      "properties": {
        "OBJECTID": 457,
        "GlobalID": "c2a243d7-f563-446a-ae90-c0d2ddbf8529",
        "Bin_Type": "ws",
        "Description": "Stainless Steel/Mod Wood",
        "Responsible_Unit": "p",
        "last_edited_date": 1531436841291
      }
    },
    {
      "type": "Feature",
      "id": 459,
      "geometry": {
        "type": "Point",
        "coordinates": [
          147.296970962946,
          -42.9055943990402
        ]
      },
      "properties": {
        "OBJECTID": 459,
        "GlobalID": "ff918162-8c5e-432d-8b33-583940f9b55d",
        "Bin_Type": "ws",
        "Description": "25lt Drop Plastic",
        "Responsible_Unit": "b",
        "last_edited_date": 1536271994605
      }
    },
    {
      "type": "Feature",
      "id": 460,
      "geometry": {
        "type": "Point",
        "coordinates": [
          147.289099096764,
          -42.9091602441264
        ]
      },
      "properties": {
        "OBJECTID": 460,
        "GlobalID": "a92673e5-aa7a-4ca4-a843-59897ab05847",
        "Bin_Type": "ws",
        "Description": "Stainless Steel/Mod Wood",
        "Responsible_Unit": "b",
        "last_edited_date": 1536283014822
      }
    },
    {
      "type": "Feature",
      "id": 461,
      "geometry": {
        "type": "Point",
        "coordinates": [
          147.296864488916,
          -42.906301575832
        ]
      },
      "properties": {
        "OBJECTID": 461,
        "GlobalID": "d7fcf8a7-5973-4788-b090-0983099abfc5",
        "Bin_Type": "ws",
        "Description": "Stainless Steel/Mod Wood",
        "Responsible_Unit": "b",
        "last_edited_date": 1536279988029
      }
    },
    {
      "type": "Feature",
      "id": 462,
      "geometry": {
        "type": "Point",
        "coordinates": [
          147.296499880579,
          -42.9069953856916
        ]
      },
      "properties": {
        "OBJECTID": 462,
        "GlobalID": "1e0c8be1-a62b-41da-9f83-77c539cf1c7c",
        "Bin_Type": "ws",
        "Description": "Stainless Steel Box",
        "Responsible_Unit": "b",
        "last_edited_date": 1536271950907
      }
    },
    {
      "type": "Feature",
      "id": 463,
      "geometry": {
        "type": "Point",
        "coordinates": [
          147.294002967974,
          -42.906607621922
        ]
      },
      "properties": {
        "OBJECTID": 463,
        "GlobalID": "ed2eb8bf-0458-4ff4-aa4b-3514aebe805d",
        "Bin_Type": "ws",
        "Description": "Stainless Steel/Mod Wood",
        "Responsible_Unit": "b",
        "last_edited_date": 1536280023047
      }
    },
    {
      "type": "Feature",
      "id": 464,
      "geometry": {
        "type": "Point",
        "coordinates": [
          147.293988047829,
          -42.9066085040254
        ]
      },
      "properties": {
        "OBJECTID": 464,
        "GlobalID": "cb46de70-82a0-4234-b923-2d7caca019a6",
        "Bin_Type": "rs",
        "Description": "Stainless Steel/Mod Wood",
        "Responsible_Unit": "b",
        "last_edited_date": 1536282666198
      }
    },
    {
      "type": "Feature",
      "id": 465,
      "geometry": {
        "type": "Point",
        "coordinates": [
          147.27002174769,
          -42.8667581140877
        ]
      },
      "properties": {
        "OBJECTID": 465,
        "GlobalID": "31ba7e6b-5974-497c-89cc-d22041499e20",
        "Bin_Type": "ws",
        "Description": "120lt Doggie Bins",
        "Responsible_Unit": "b",
        "last_edited_date": 1530252193527
      }
    },
    {
      "type": "Feature",
      "id": 466,
      "geometry": {
        "type": "Point",
        "coordinates": [
          147.310966054247,
          -42.9028026044763
        ]
      },
      "properties": {
        "OBJECTID": 466,
        "GlobalID": "2419c66b-850a-45a4-b96b-13fab2599921",
        "Bin_Type": "ws",
        "Description": "120lt Cage General Waste",
        "Responsible_Unit": "b",
        "last_edited_date": 1536275083936
      }
    },
    {
      "type": "Feature",
      "id": 467,
      "geometry": {
        "type": "Point",
        "coordinates": [
          147.332526946407,
          -42.9157839798843
        ]
      },
      "properties": {
        "OBJECTID": 467,
        "GlobalID": "d4e0f105-301c-42c7-a119-93571fc7d9cf",
        "Bin_Type": "ws",
        "Description": "120lt Doggie Bins",
        "Responsible_Unit": "b",
        "last_edited_date": 1530252193527
      }
    },
    {
      "type": "Feature",
      "id": 468,
      "geometry": {
        "type": "Point",
        "coordinates": [
          147.321948174933,
          -42.915641472396
        ]
      },
      "properties": {
        "OBJECTID": 468,
        "GlobalID": "2b689572-4901-4581-9c51-5c5b5b38c6c8",
        "Bin_Type": "ws",
        "Description": "120lt Cage General Waste",
        "Responsible_Unit": "b",
        "last_edited_date": 1530252193527
      }
    },
    {
      "type": "Feature",
      "id": 469,
      "geometry": {
        "type": "Point",
        "coordinates": [
          147.26930968326,
          -42.9188186297136
        ]
      },
      "properties": {
        "OBJECTID": 469,
        "GlobalID": "47a7f59b-8888-40c6-9020-f7ec50c0023f",
        "Bin_Type": "ws",
        "Description": "25lt Drop Plastic",
        "Responsible_Unit": "b",
        "last_edited_date": 1536706092949
      }
    },
    {
      "type": "Feature",
      "id": 470,
      "geometry": {
        "type": "Point",
        "coordinates": [
          147.288010114886,
          -42.9225339654464
        ]
      },
      "properties": {
        "OBJECTID": 470,
        "GlobalID": "f854c2a1-8924-4419-bd6b-aabb12ee35ff",
        "Bin_Type": "ws",
        "Description": "25lt Drop Plastic",
        "Responsible_Unit": "b",
        "last_edited_date": 1536706357725
      }
    },
    {
      "type": "Feature",
      "id": 471,
      "geometry": {
        "type": "Point",
        "coordinates": [
          147.296149232842,
          -42.9086710520921
        ]
      },
      "properties": {
        "OBJECTID": 471,
        "GlobalID": "c753fa5f-355e-49dd-aca8-ee35f1782c31",
        "Bin_Type": "ws",
        "Description": "120lt Cage General Waste",
        "Responsible_Unit": "b",
        "last_edited_date": 1537848520611
      }
    },
    {
      "type": "Feature",
      "id": 472,
      "geometry": {
        "type": "Point",
        "coordinates": [
          147.329616735068,
          -42.8867799705204
        ]
      },
      "properties": {
        "OBJECTID": 472,
        "GlobalID": "b205095f-e197-4a1a-892c-f641ab6f44f2",
        "Bin_Type": "ws",
        "Description": "120lt Cage General Waste",
        "Responsible_Unit": "p",
        "last_edited_date": 1530252193527
      }
    },
    {
      "type": "Feature",
      "id": 473,
      "geometry": {
        "type": "Point",
        "coordinates": [
          147.327926702426,
          -42.8860514442336
        ]
      },
      "properties": {
        "OBJECTID": 473,
        "GlobalID": "d72d24ec-7578-4059-bbab-dd239c34fcfd",
        "Bin_Type": "ws",
        "Description": "120lt Cage General Waste",
        "Responsible_Unit": "p",
        "last_edited_date": 1530252193527
      }
    },
    {
      "type": "Feature",
      "id": 474,
      "geometry": {
        "type": "Point",
        "coordinates": [
          147.328425838316,
          -42.8867645340081
        ]
      },
      "properties": {
        "OBJECTID": 474,
        "GlobalID": "ccc1b821-ac27-4473-be8b-3f1a68b51a25",
        "Bin_Type": "ws",
        "Description": "120lt Cage General Waste",
        "Responsible_Unit": "p",
        "last_edited_date": 1530252193527
      }
    },
    {
      "type": "Feature",
      "id": 475,
      "geometry": {
        "type": "Point",
        "coordinates": [
          147.328666247353,
          -42.8858355964485
        ]
      },
      "properties": {
        "OBJECTID": 475,
        "GlobalID": "da2037be-89be-4691-b6ae-1eedcd4ed1e2",
        "Bin_Type": "ws",
        "Description": "120lt Cage General Waste",
        "Responsible_Unit": "p",
        "last_edited_date": 1536277416449
      }
    },
    {
      "type": "Feature",
      "id": 476,
      "geometry": {
        "type": "Point",
        "coordinates": [
          147.328821036909,
          -42.8854133834445
        ]
      },
      "properties": {
        "OBJECTID": 476,
        "GlobalID": "87804e3d-54ba-4f51-abcc-513c763c2411",
        "Bin_Type": "ws",
        "Description": "Stainless Steel/Mod Wood",
        "Responsible_Unit": "p",
        "last_edited_date": 1536277299251
      }
    },
    {
      "type": "Feature",
      "id": 477,
      "geometry": {
        "type": "Point",
        "coordinates": [
          147.328868790246,
          -42.8863381584983
        ]
      },
      "properties": {
        "OBJECTID": 477,
        "GlobalID": "5a0bda63-b29d-4624-b0c0-2d6adcc9cf68",
        "Bin_Type": "ws",
        "Description": "Stainless Steel/Mod Wood",
        "Responsible_Unit": "p",
        "last_edited_date": 1536277343817
      }
    },
    {
      "type": "Feature",
      "id": 478,
      "geometry": {
        "type": "Point",
        "coordinates": [
          147.329343721515,
          -42.8857927649012
        ]
      },
      "properties": {
        "OBJECTID": 478,
        "GlobalID": "23cd64d1-588d-4cb1-9c38-71373140c05a",
        "Bin_Type": "ws",
        "Description": "Stainless Steel/Mod Wood",
        "Responsible_Unit": "p",
        "last_edited_date": 1536277489711
      }
    },
    {
      "type": "Feature",
      "id": 479,
      "geometry": {
        "type": "Point",
        "coordinates": [
          147.304357110423,
          -42.8864489820432
        ]
      },
      "properties": {
        "OBJECTID": 479,
        "GlobalID": "ec5c60ec-6975-4f3c-8fba-7b49d0983605",
        "Bin_Type": "ws",
        "Description": "120lt Doggie Bins",
        "Responsible_Unit": "b",
        "last_edited_date": 1530252193527
      }
    },
    {
      "type": "Feature",
      "id": 480,
      "geometry": {
        "type": "Point",
        "coordinates": [
          147.359140240893,
          -42.930301593741
        ]
      },
      "properties": {
        "OBJECTID": 480,
        "GlobalID": "27721c36-d4c5-493c-928b-6c624a391677",
        "Bin_Type": "ws",
        "Description": "120lt Doggie Bins",
        "Responsible_Unit": "b",
        "last_edited_date": 1530252193527
      }
    },
    {
      "type": "Feature",
      "id": 481,
      "geometry": {
        "type": "Point",
        "coordinates": [
          147.333326278581,
          -42.895883918942
        ]
      },
      "properties": {
        "OBJECTID": 481,
        "GlobalID": "95ef795f-d7cc-4903-9b34-c208770e92a6",
        "Bin_Type": "ws",
        "Description": "Stainless Steel/Mod Wood",
        "Responsible_Unit": "p",
        "last_edited_date": 1531439552896
      }
    },
    {
      "type": "Feature",
      "id": 482,
      "geometry": {
        "type": "Point",
        "coordinates": [
          147.332311493196,
          -42.8964883948063
        ]
      },
      "properties": {
        "OBJECTID": 482,
        "GlobalID": "efb63d95-aa84-44c2-973c-dd045c627497",
        "Bin_Type": "ws",
        "Description": "120lt Cage General Waste",
        "Responsible_Unit": "p",
        "last_edited_date": 1531439341012
      }
    },
    {
      "type": "Feature",
      "id": 483,
      "geometry": {
        "type": "Point",
        "coordinates": [
          147.332888525205,
          -42.8956414287277
        ]
      },
      "properties": {
        "OBJECTID": 483,
        "GlobalID": "92f9ef53-55f0-42ce-8e81-eebf6facbd56",
        "Bin_Type": "ws",
        "Description": "120lt Cage General Waste",
        "Responsible_Unit": "p",
        "last_edited_date": 1531439473383
      }
    },
    {
      "type": "Feature",
      "id": 484,
      "geometry": {
        "type": "Point",
        "coordinates": [
          147.333225538779,
          -42.8950317532529
        ]
      },
      "properties": {
        "OBJECTID": 484,
        "GlobalID": "343fd849-5b75-4ae5-bf87-419a4c2e3fe2",
        "Bin_Type": "ws",
        "Description": "120lt Cage General Waste",
        "Responsible_Unit": "p",
        "last_edited_date": 1531439658157
      }
    },
    {
      "type": "Feature",
      "id": 485,
      "geometry": {
        "type": "Point",
        "coordinates": [
          147.333539677824,
          -42.8945984066427
        ]
      },
      "properties": {
        "OBJECTID": 485,
        "GlobalID": "b303588e-e998-4a65-b496-d65667a41b7f",
        "Bin_Type": "ws",
        "Description": "120lt Cage General Waste",
        "Responsible_Unit": "p",
        "last_edited_date": 1531439782489
      }
    },
    {
      "type": "Feature",
      "id": 486,
      "geometry": {
        "type": "Point",
        "coordinates": [
          147.331258125399,
          -42.8994271026527
        ]
      },
      "properties": {
        "OBJECTID": 486,
        "GlobalID": "26cea147-6c6b-472a-a37d-a1755f566b53",
        "Bin_Type": "ws",
        "Description": "120lt Cage General Waste",
        "Responsible_Unit": "p",
        "last_edited_date": 1531439196413
      }
    },
    {
      "type": "Feature",
      "id": 487,
      "geometry": {
        "type": "Point",
        "coordinates": [
          147.335059901412,
          -42.8890857527134
        ]
      },
      "properties": {
        "OBJECTID": 487,
        "GlobalID": "d3be8158-0c4c-4a5f-8a84-ef94b65e44d5",
        "Bin_Type": "ws",
        "Description": "120lt Cage General Waste",
        "Responsible_Unit": "p",
        "last_edited_date": 1530252193527
      }
    },
    {
      "type": "Feature",
      "id": 488,
      "geometry": {
        "type": "Point",
        "coordinates": [
          147.319273128056,
          -42.8780020758946
        ]
      },
      "properties": {
        "OBJECTID": 488,
        "GlobalID": "8f2404be-08dc-445d-9af9-cf82002be51d",
        "Bin_Type": "ws",
        "Description": "120lt Cage General Waste",
        "Responsible_Unit": "p",
        "last_edited_date": 1530252193527
      }
    },
    {
      "type": "Feature",
      "id": 489,
      "geometry": {
        "type": "Point",
        "coordinates": [
          147.308003188197,
          -42.8767967827155
        ]
      },
      "properties": {
        "OBJECTID": 489,
        "GlobalID": "e6e27efd-9bc6-4d6a-a936-6ac85bb11a9a",
        "Bin_Type": "ws",
        "Description": "120lt Cage General Waste",
        "Responsible_Unit": "p",
        "last_edited_date": 1543200330691
      }
    },
    {
      "type": "Feature",
      "id": 491,
      "geometry": {
        "type": "Point",
        "coordinates": [
          147.334551576146,
          -42.8897833714118
        ]
      },
      "properties": {
        "OBJECTID": 491,
        "GlobalID": "92e7ad0d-59bb-48dd-a28a-59bdc0accc57",
        "Bin_Type": "ws",
        "Description": "120lt Cage General Waste",
        "Responsible_Unit": "p",
        "last_edited_date": 1530252193527
      }
    },
    {
      "type": "Feature",
      "id": 492,
      "geometry": {
        "type": "Point",
        "coordinates": [
          147.312510461,
          -42.8770014638891
        ]
      },
      "properties": {
        "OBJECTID": 492,
        "GlobalID": "376d4e50-3180-4670-8473-9ea57bc96219",
        "Bin_Type": "ws",
        "Description": "120lt Cage General Waste",
        "Responsible_Unit": "p",
        "last_edited_date": 1543200633957
      }
    },
    {
      "type": "Feature",
      "id": 493,
      "geometry": {
        "type": "Point",
        "coordinates": [
          147.313061309598,
          -42.8771370283435
        ]
      },
      "properties": {
        "OBJECTID": 493,
        "GlobalID": "8d7c67b2-f998-461c-abd1-e30859e0caa6",
        "Bin_Type": "ws",
        "Description": "Stainless Steel/Mod Wood",
        "Responsible_Unit": "p",
        "last_edited_date": 1543200625691
      }
    },
    {
      "type": "Feature",
      "id": 494,
      "geometry": {
        "type": "Point",
        "coordinates": [
          147.313244509982,
          -42.8772737964801
        ]
      },
      "properties": {
        "OBJECTID": 494,
        "GlobalID": "b7e431bd-eee3-4304-accd-31e7be90583c",
        "Bin_Type": "ws",
        "Description": "120lt Cage General Waste",
        "Responsible_Unit": "p",
        "last_edited_date": 1530252193527
      }
    },
    {
      "type": "Feature",
      "id": 496,
      "geometry": {
        "type": "Point",
        "coordinates": [
          147.319501181863,
          -42.8867189738117
        ]
      },
      "properties": {
        "OBJECTID": 496,
        "GlobalID": "eee14a9e-e730-4008-b528-359571385a54",
        "Bin_Type": "ws",
        "Description": "120lt Cage General Waste",
        "Responsible_Unit": "p",
        "last_edited_date": 1530252193527
      }
    },
    {
      "type": "Feature",
      "id": 497,
      "geometry": {
        "type": "Point",
        "coordinates": [
          147.306118989686,
          -42.8751479897346
        ]
      },
      "properties": {
        "OBJECTID": 497,
        "GlobalID": "fc61645c-b36c-4551-910a-f32632baef7e",
        "Bin_Type": "ws",
        "Description": "120lt Doggie Bins",
        "Responsible_Unit": "b",
        "last_edited_date": 1543200085409
      }
    },
    {
      "type": "Feature",
      "id": 498,
      "geometry": {
        "type": "Point",
        "coordinates": [
          147.300793243612,
          -42.8936477573034
        ]
      },
      "properties": {
        "OBJECTID": 498,
        "GlobalID": "d2699beb-5be3-4bdb-8ed6-bc75928fad64",
        "Bin_Type": "ws",
        "Description": "120lt Cage General Waste",
        "Responsible_Unit": "p",
        "last_edited_date": 1536707465427
      }
    },
    {
      "type": "Feature",
      "id": 499,
      "geometry": {
        "type": "Point",
        "coordinates": [
          147.304435160159,
          -42.8944184127028
        ]
      },
      "properties": {
        "OBJECTID": 499,
        "GlobalID": "9de8fad7-6add-41a6-b228-1113dc5dd1ea",
        "Bin_Type": "ws",
        "Description": "120lt Cage General Waste",
        "Responsible_Unit": "p",
        "last_edited_date": 1536715556019
      }
    },
    {
      "type": "Feature",
      "id": 500,
      "geometry": {
        "type": "Point",
        "coordinates": [
          147.312968184225,
          -42.8915835539246
        ]
      },
      "properties": {
        "OBJECTID": 500,
        "GlobalID": "53ab3618-c01f-4f99-94f5-eb2c52b962b3",
        "Bin_Type": "ws",
        "Description": "120lt Cage General Waste",
        "Responsible_Unit": "p",
        "last_edited_date": 1530252193527
      }
    },
    {
      "type": "Feature",
      "id": 501,
      "geometry": {
        "type": "Point",
        "coordinates": [
          147.315633623613,
          -42.8915059778645
        ]
      },
      "properties": {
        "OBJECTID": 501,
        "GlobalID": "7adbe2c5-3213-4734-8156-8c8bba8fc960",
        "Bin_Type": "ws",
        "Description": "120lt Cage General Waste",
        "Responsible_Unit": "p",
        "last_edited_date": 1530252193527
      }
    },
    {
      "type": "Feature",
      "id": 502,
      "geometry": {
        "type": "Point",
        "coordinates": [
          147.32093352691,
          -42.8885565897766
        ]
      },
      "properties": {
        "OBJECTID": 502,
        "GlobalID": "86fbf23e-781a-4507-96c8-bbd8609774ed",
        "Bin_Type": "ws",
        "Description": "120lt Cage General Waste",
        "Responsible_Unit": "p",
        "last_edited_date": 1530252193527
      }
    },
    {
      "type": "Feature",
      "id": 503,
      "geometry": {
        "type": "Point",
        "coordinates": [
          147.259720165995,
          -42.9222629058813
        ]
      },
      "properties": {
        "OBJECTID": 503,
        "GlobalID": "885dc473-819b-4184-9445-7836ffe73fad",
        "Bin_Type": "ws",
        "Description": "120lt Cage General Waste",
        "Responsible_Unit": "b",
        "last_edited_date": 1536705582289
      }
    },
    {
      "type": "Feature",
      "id": 504,
      "geometry": {
        "type": "Point",
        "coordinates": [
          147.259464108258,
          -42.9222937088593
        ]
      },
      "properties": {
        "OBJECTID": 504,
        "GlobalID": "f6f90f25-4d00-4685-875a-67f4a038ad73",
        "Bin_Type": "ws",
        "Description": "120lt Cage General Waste",
        "Responsible_Unit": "b",
        "last_edited_date": 1536705545944
      }
    },
    {
      "type": "Feature",
      "id": 505,
      "geometry": {
        "type": "Point",
        "coordinates": [
          147.259125753891,
          -42.9226026099365
        ]
      },
      "properties": {
        "OBJECTID": 505,
        "GlobalID": "067e099c-84e8-4229-b820-d46d64c76494",
        "Bin_Type": "ws",
        "Description": "25lt Drop Plastic",
        "Responsible_Unit": "b",
        "last_edited_date": 1536705452532
      }
    },
    {
      "type": "Feature",
      "id": 506,
      "geometry": {
        "type": "Point",
        "coordinates": [
          147.297026351588,
          -42.8720276367633
        ]
      },
      "properties": {
        "OBJECTID": 506,
        "GlobalID": "024ee0a6-32a1-4a17-ac5e-514a2432df2b",
        "Bin_Type": "ws",
        "Description": "120lt Cage General Waste",
        "Responsible_Unit": "p",
        "last_edited_date": 1543199673087
      }
    },
    {
      "type": "Feature",
      "id": 507,
      "geometry": {
        "type": "Point",
        "coordinates": [
          147.337232315667,
          -42.9101204766847
        ]
      },
      "properties": {
        "OBJECTID": 507,
        "GlobalID": "04581f23-9f89-4d8c-b392-579f8c79eef6",
        "Bin_Type": "ws",
        "Description": "120lt Doggie Bins",
        "Responsible_Unit": "b",
        "last_edited_date": 1530252193527
      }
    },
    {
      "type": "Feature",
      "id": 508,
      "geometry": {
        "type": "Point",
        "coordinates": [
          147.316970250888,
          -42.8767600137824
        ]
      },
      "properties": {
        "OBJECTID": 508,
        "GlobalID": "c862599a-e361-4e87-b70d-c3e66fab53ba",
        "Bin_Type": "ws",
        "Description": "120lt Cage General Waste",
        "Responsible_Unit": "p",
        "last_edited_date": 1530252193527
      }
    },
    {
      "type": "Feature",
      "id": 509,
      "geometry": {
        "type": "Point",
        "coordinates": [
          147.317120528927,
          -42.8770897256176
        ]
      },
      "properties": {
        "OBJECTID": 509,
        "GlobalID": "b17c9095-cc32-4df0-ac20-825972b9de93",
        "Bin_Type": "ws",
        "Description": "120lt Cage General Waste",
        "Responsible_Unit": "p",
        "last_edited_date": 1530252193527
      }
    },
    {
      "type": "Feature",
      "id": 510,
      "geometry": {
        "type": "Point",
        "coordinates": [
          147.317243058319,
          -42.8771030255706
        ]
      },
      "properties": {
        "OBJECTID": 510,
        "GlobalID": "75fd6953-99db-49c2-a4dc-1bea65ba7acb",
        "Bin_Type": "ws",
        "Description": "120lt Cage General Waste",
        "Responsible_Unit": "p",
        "last_edited_date": 1530252193527
      }
    },
    {
      "type": "Feature",
      "id": 511,
      "geometry": {
        "type": "Point",
        "coordinates": [
          147.316875687867,
          -42.8770398379763
        ]
      },
      "properties": {
        "OBJECTID": 511,
        "GlobalID": "4e9756cf-85c1-4bd7-9115-5aae74e7f913",
        "Bin_Type": "ws",
        "Description": "120lt Cage General Waste",
        "Responsible_Unit": "p",
        "last_edited_date": 1530252193527
      }
    },
    {
      "type": "Feature",
      "id": 512,
      "geometry": {
        "type": "Point",
        "coordinates": [
          147.317007231498,
          -42.8772593673324
        ]
      },
      "properties": {
        "OBJECTID": 512,
        "GlobalID": "4f45c38d-fa98-464a-bb04-25f502487696",
        "Bin_Type": "ws",
        "Description": "120lt Cage General Waste",
        "Responsible_Unit": "p",
        "last_edited_date": 1530252193527
      }
    },
    {
      "type": "Feature",
      "id": 513,
      "geometry": {
        "type": "Point",
        "coordinates": [
          147.316946012884,
          -42.8777666985143
        ]
      },
      "properties": {
        "OBJECTID": 513,
        "GlobalID": "2853dfd8-b00b-4a5f-a206-9462bb803a83",
        "Bin_Type": "ws",
        "Description": "120lt Cage General Waste",
        "Responsible_Unit": "p",
        "last_edited_date": 1530252193527
      }
    },
    {
      "type": "Feature",
      "id": 514,
      "geometry": {
        "type": "Point",
        "coordinates": [
          147.279153679387,
          -42.8657448000434
        ]
      },
      "properties": {
        "OBJECTID": 514,
        "GlobalID": "92e40e24-70c2-4a38-b5c3-feaaa4aa5fb0",
        "Bin_Type": "ws",
        "Description": "120lt Cage General Waste",
        "Responsible_Unit": "b",
        "last_edited_date": 1530252193527
      }
    },
    {
      "type": "Feature",
      "id": 515,
      "geometry": {
        "type": "Point",
        "coordinates": [
          147.330904708551,
          -42.8780202884659
        ]
      },
      "properties": {
        "OBJECTID": 515,
        "GlobalID": "8cc9c7ac-b4a0-41b0-ab58-ae021e70ca02",
        "Bin_Type": "ws",
        "Description": "120lt Cage General Waste",
        "Responsible_Unit": "p",
        "last_edited_date": 1530252193527
      }
    },
    {
      "type": "Feature",
      "id": 516,
      "geometry": {
        "type": "Point",
        "coordinates": [
          147.345884371827,
          -42.9083551462186
        ]
      },
      "properties": {
        "OBJECTID": 516,
        "GlobalID": "7fb11c29-3819-4c68-a1a1-e321877374cd",
        "Bin_Type": "ws",
        "Description": "120lt Cage General Waste",
        "Responsible_Unit": "p",
        "last_edited_date": 1531438941395
      }
    },
    {
      "type": "Feature",
      "id": 517,
      "geometry": {
        "type": "Point",
        "coordinates": [
          147.351250766968,
          -42.9089384293775
        ]
      },
      "properties": {
        "OBJECTID": 517,
        "GlobalID": "228a78ed-a1a1-4f01-b367-5b7eae918076",
        "Bin_Type": "ws",
        "Description": "120lt Cage General Waste",
        "Responsible_Unit": "p",
        "last_edited_date": 1530252193527
      }
    },
    {
      "type": "Feature",
      "id": 518,
      "geometry": {
        "type": "Point",
        "coordinates": [
          147.319938486709,
          -42.8727135645839
        ]
      },
      "properties": {
        "OBJECTID": 518,
        "GlobalID": "08881653-0ac6-4cf3-8533-8da8f16dd4ce",
        "Bin_Type": "ws",
        "Description": "120lt Cage General Waste",
        "Responsible_Unit": "p",
        "last_edited_date": 1530252193527
      }
    },
    {
      "type": "Feature",
      "id": 519,
      "geometry": {
        "type": "Point",
        "coordinates": [
          147.335861992928,
          -42.8918802510435
        ]
      },
      "properties": {
        "OBJECTID": 519,
        "GlobalID": "aeda9375-ca0b-4206-8867-1b20bc1ef420",
        "Bin_Type": "ws",
        "Description": "120lt Cage General Waste",
        "Responsible_Unit": "p",
        "last_edited_date": 1530252193527
      }
    },
    {
      "type": "Feature",
      "id": 520,
      "geometry": {
        "type": "Point",
        "coordinates": [
          147.299730846255,
          -42.8961378441538
        ]
      },
      "properties": {
        "OBJECTID": 520,
        "GlobalID": "24ed82d7-9a31-49b5-83eb-bdb47870ed84",
        "Bin_Type": "ws",
        "Description": "120lt Cage General Waste",
        "Responsible_Unit": "s",
        "last_edited_date": 1531955905841
      }
    },
    {
      "type": "Feature",
      "id": 521,
      "geometry": {
        "type": "Point",
        "coordinates": [
          147.309078116176,
          -42.8951557407228
        ]
      },
      "properties": {
        "OBJECTID": 521,
        "GlobalID": "9d08ac2e-cb42-4d7b-88ee-2a362acf1d4e",
        "Bin_Type": "ws",
        "Description": "120lt Cage General Waste",
        "Responsible_Unit": "p",
        "last_edited_date": 1531953816026
      }
    },
    {
      "type": "Feature",
      "id": 522,
      "geometry": {
        "type": "Point",
        "coordinates": [
          147.309350630115,
          -42.8954721352743
        ]
      },
      "properties": {
        "OBJECTID": 522,
        "GlobalID": "2586518c-5eeb-4169-9a74-9f6452de9c48",
        "Bin_Type": "ws",
        "Description": "120lt Cage General Waste",
        "Responsible_Unit": "p",
        "last_edited_date": 1530252193527
      }
    },
    {
      "type": "Feature",
      "id": 523,
      "geometry": {
        "type": "Point",
        "coordinates": [
          147.252726219146,
          -42.9281461188194
        ]
      },
      "properties": {
        "OBJECTID": 523,
        "GlobalID": "d85d1dd0-1a8c-4b11-a90b-7cca384c28cd",
        "Bin_Type": "ws",
        "Description": "120lt Cage General Waste",
        "Responsible_Unit": "p",
        "last_edited_date": 1530252193527
      }
    },
    {
      "type": "Feature",
      "id": 524,
      "geometry": {
        "type": "Point",
        "coordinates": [
          147.299488788977,
          -42.8970988869311
        ]
      },
      "properties": {
        "OBJECTID": 524,
        "GlobalID": "1ccbd8fe-25a2-4d69-a2e7-91dec5ae438f",
        "Bin_Type": "ws",
        "Description": "Stainless Steel/Mod Wood",
        "Responsible_Unit": "p",
        "last_edited_date": 1531956133707
      }
    },
    {
      "type": "Feature",
      "id": 525,
      "geometry": {
        "type": "Point",
        "coordinates": [
          147.299202229167,
          -42.8983900001208
        ]
      },
      "properties": {
        "OBJECTID": 525,
        "GlobalID": "212ecb8d-6a64-4120-be13-4a58e2e60c69",
        "Bin_Type": "ws",
        "Description": "120lt Cage General Waste",
        "Responsible_Unit": "s",
        "last_edited_date": 1531956745326
      }
    },
    {
      "type": "Feature",
      "id": 526,
      "geometry": {
        "type": "Point",
        "coordinates": [
          147.308214035868,
          -42.8803469015304
        ]
      },
      "properties": {
        "OBJECTID": 526,
        "GlobalID": "76ea45ce-c411-4867-9c16-bcd15a73dcbe",
        "Bin_Type": "ws",
        "Description": "120lt Cage General Waste",
        "Responsible_Unit": "s",
        "last_edited_date": 1530252193527
      }
    },
    {
      "type": "Feature",
      "id": 527,
      "geometry": {
        "type": "Point",
        "coordinates": [
          147.309459438769,
          -42.8807002337361
        ]
      },
      "properties": {
        "OBJECTID": 527,
        "GlobalID": "df10cc3b-408f-494e-a3e7-92f630231cdc",
        "Bin_Type": "ws",
        "Description": "120lt Cage General Waste",
        "Responsible_Unit": "s",
        "last_edited_date": 1530252193527
      }
    },
    {
      "type": "Feature",
      "id": 528,
      "geometry": {
        "type": "Point",
        "coordinates": [
          147.30813828015,
          -42.880149301079
        ]
      },
      "properties": {
        "OBJECTID": 528,
        "GlobalID": "ea0b471a-f805-403b-9aa4-60575e042dfa",
        "Bin_Type": "ws",
        "Description": "120lt Cage General Waste",
        "Responsible_Unit": "s",
        "last_edited_date": 1530252193527
      }
    },
    {
      "type": "Feature",
      "id": 529,
      "geometry": {
        "type": "Point",
        "coordinates": [
          147.333081494271,
          -42.8967402131705
        ]
      },
      "properties": {
        "OBJECTID": 529,
        "GlobalID": "571b15e6-8671-4be5-aa67-00abdd29b3ad",
        "Bin_Type": "ws",
        "Description": "120lt Cage General Waste",
        "Responsible_Unit": "p",
        "last_edited_date": 1531439351530
      }
    },
    {
      "type": "Feature",
      "id": 530,
      "geometry": {
        "type": "Point",
        "coordinates": [
          147.320593488853,
          -42.8524183607054
        ]
      },
      "properties": {
        "OBJECTID": 530,
        "GlobalID": "a61a56cd-a5e1-4425-83fb-26898c5f8e0c",
        "Bin_Type": "ws",
        "Description": "120lt Cage General Waste",
        "Responsible_Unit": "p",
        "last_edited_date": 1533255230159
      }
    },
    {
      "type": "Feature",
      "id": 531,
      "geometry": {
        "type": "Point",
        "coordinates": [
          147.31950301156,
          -42.8545139890957
        ]
      },
      "properties": {
        "OBJECTID": 531,
        "GlobalID": "4b613865-bd02-48ce-bb27-f0ebc749e29e",
        "Bin_Type": "ws",
        "Description": "120lt Cage General Waste",
        "Responsible_Unit": "p",
        "last_edited_date": 1533255764457
      }
    },
    {
      "type": "Feature",
      "id": 532,
      "geometry": {
        "type": "Point",
        "coordinates": [
          147.319304605819,
          -42.8548151451779
        ]
      },
      "properties": {
        "OBJECTID": 532,
        "GlobalID": "16b59ea7-bd83-41b4-9af7-145032f54111",
        "Bin_Type": "ws",
        "Description": "120lt Cage General Waste",
        "Responsible_Unit": "p",
        "last_edited_date": 1530252193527
      }
    },
    {
      "type": "Feature",
      "id": 533,
      "geometry": {
        "type": "Point",
        "coordinates": [
          147.319589790177,
          -42.8531278016809
        ]
      },
      "properties": {
        "OBJECTID": 533,
        "GlobalID": "5f6e2a67-99d5-4f96-aad4-c33a9776f4ba",
        "Bin_Type": "ws",
        "Description": "120lt Cage General Waste",
        "Responsible_Unit": "p",
        "last_edited_date": 1533255522472
      }
    },
    {
      "type": "Feature",
      "id": 534,
      "geometry": {
        "type": "Point",
        "coordinates": [
          147.319345669752,
          -42.8532563149869
        ]
      },
      "properties": {
        "OBJECTID": 534,
        "GlobalID": "4e65246f-6b5c-452f-ae67-f7996e681a87",
        "Bin_Type": "ws",
        "Description": "120lt Cage General Waste",
        "Responsible_Unit": "p",
        "last_edited_date": 1533255551192
      }
    },
    {
      "type": "Feature",
      "id": 535,
      "geometry": {
        "type": "Point",
        "coordinates": [
          147.300663367394,
          -42.8606043259344
        ]
      },
      "properties": {
        "OBJECTID": 535,
        "GlobalID": "0152ee47-a975-4bf0-aeba-15bd15091885",
        "Bin_Type": "ws",
        "Description": "120lt Cage General Waste",
        "Responsible_Unit": "p",
        "last_edited_date": 1543198637402
      }
    },
    {
      "type": "Feature",
      "id": 536,
      "geometry": {
        "type": "Point",
        "coordinates": [
          147.320991951716,
          -42.8561431778417
        ]
      },
      "properties": {
        "OBJECTID": 536,
        "GlobalID": "17547b4b-3cd7-4bd3-b0f1-9eb64b8ae85d",
        "Bin_Type": "ws",
        "Description": "120lt Cage General Waste",
        "Responsible_Unit": "b",
        "last_edited_date": 1533256145112
      }
    },
    {
      "type": "Feature",
      "id": 537,
      "geometry": {
        "type": "Point",
        "coordinates": [
          147.259413634883,
          -42.9211201862595
        ]
      },
      "properties": {
        "OBJECTID": 537,
        "GlobalID": "652222ff-e534-4c18-8498-a97fa04dcc23",
        "Bin_Type": "ws",
        "Description": "25lt Drop Plastic",
        "Responsible_Unit": "b",
        "last_edited_date": 1536705871087
      }
    },
    {
      "type": "Feature",
      "id": 538,
      "geometry": {
        "type": "Point",
        "coordinates": [
          147.252435326647,
          -42.9221774064697
        ]
      },
      "properties": {
        "OBJECTID": 538,
        "GlobalID": "38e70123-1951-463b-b7e7-6246fa86882b",
        "Bin_Type": "ws",
        "Description": "120lt Cage General Waste",
        "Responsible_Unit": "b",
        "last_edited_date": 1530252193527
      }
    },
    {
      "type": "Feature",
      "id": 539,
      "geometry": {
        "type": "Point",
        "coordinates": [
          147.250976382398,
          -42.9171941288417
        ]
      },
      "properties": {
        "OBJECTID": 539,
        "GlobalID": "87b270e9-dee6-439d-b960-0bd9c9f8ca53",
        "Bin_Type": "ws",
        "Description": "120lt Cage General Waste",
        "Responsible_Unit": "b",
        "last_edited_date": 1530252193527
      }
    },
    {
      "type": "Feature",
      "id": 540,
      "geometry": {
        "type": "Point",
        "coordinates": [
          147.248393962865,
          -42.9155139942458
        ]
      },
      "properties": {
        "OBJECTID": 540,
        "GlobalID": "8732d67f-f8ad-4d5d-9a1c-bc2fc78fef82",
        "Bin_Type": "ws",
        "Description": "120lt Cage General Waste",
        "Responsible_Unit": "b",
        "last_edited_date": 1530252193527
      }
    },
    {
      "type": "Feature",
      "id": 541,
      "geometry": {
        "type": "Point",
        "coordinates": [
          147.248739349808,
          -42.9154435610906
        ]
      },
      "properties": {
        "OBJECTID": 541,
        "GlobalID": "00539d5b-b07e-4ba4-8206-f5d281f29321",
        "Bin_Type": "ws",
        "Description": "120lt Cage General Waste",
        "Responsible_Unit": "b",
        "last_edited_date": 1530252193527
      }
    },
    {
      "type": "Feature",
      "id": 542,
      "geometry": {
        "type": "Point",
        "coordinates": [
          147.235842470287,
          -42.8896933732536
        ]
      },
      "properties": {
        "OBJECTID": 542,
        "GlobalID": "2406e265-5a36-4673-9950-037a116e4a05",
        "Bin_Type": "ws",
        "Description": "120lt Cage General Waste",
        "Responsible_Unit": "b",
        "last_edited_date": 1530252193527
      }
    },
    {
      "type": "Feature",
      "id": 543,
      "geometry": {
        "type": "Point",
        "coordinates": [
          147.328602069521,
          -42.8837386362873
        ]
      },
      "properties": {
        "OBJECTID": 543,
        "GlobalID": "ec6bed8a-b3d6-4ac8-b5a7-8e811db12079",
        "Bin_Type": "ws",
        "Description": "120lt Cage General Waste",
        "Responsible_Unit": "b",
        "last_edited_date": 1530252193527
      }
    },
    {
      "type": "Feature",
      "id": 544,
      "geometry": {
        "type": "Point",
        "coordinates": [
          147.319699417854,
          -42.8531008327191
        ]
      },
      "properties": {
        "OBJECTID": 544,
        "GlobalID": "21c324f3-496e-46a7-b3f4-93b4b69df62e",
        "Bin_Type": "ws",
        "Description": "120lt Cage General Waste",
        "Responsible_Unit": "p",
        "last_edited_date": 1533255478287
      }
    },
    {
      "type": "Feature",
      "id": 545,
      "geometry": {
        "type": "Point",
        "coordinates": [
          147.319142581364,
          -42.8539869201709
        ]
      },
      "properties": {
        "OBJECTID": 545,
        "GlobalID": "1515bf76-0ba6-42df-b357-cad933b49ab9",
        "Bin_Type": "ws",
        "Description": "120lt Cage General Waste",
        "Responsible_Unit": "p",
        "last_edited_date": 1533255707964
      }
    },
    {
      "type": "Feature",
      "id": 546,
      "geometry": {
        "type": "Point",
        "coordinates": [
          147.33792554871,
          -42.8892393882419
        ]
      },
      "properties": {
        "OBJECTID": 546,
        "GlobalID": "198876b9-be3c-4749-8b3c-1232cbf6745b",
        "Bin_Type": "ws",
        "Description": "120lt Cage General Waste",
        "Responsible_Unit": "p",
        "last_edited_date": 1530252193527
      }
    },
    {
      "type": "Feature",
      "id": 547,
      "geometry": {
        "type": "Point",
        "coordinates": [
          147.357071355509,
          -42.9157052397
        ]
      },
      "properties": {
        "OBJECTID": 547,
        "GlobalID": "66e89347-049e-44cb-bee6-707c271e120b",
        "Bin_Type": "ws",
        "Description": "120lt Cage General Waste",
        "Responsible_Unit": "p",
        "last_edited_date": 1531435514989
      }
    },
    {
      "type": "Feature",
      "id": 550,
      "geometry": {
        "type": "Point",
        "coordinates": [
          147.287867610938,
          -42.9095185060697
        ]
      },
      "properties": {
        "OBJECTID": 550,
        "GlobalID": "72f5404f-04cf-4574-b75b-a3a9df416704",
        "Bin_Type": "ws",
        "Description": "120lt Cage General Waste",
        "Responsible_Unit": "b",
        "last_edited_date": 1536283024287
      }
    },
    {
      "type": "Feature",
      "id": 552,
      "geometry": {
        "type": "Point",
        "coordinates": [
          147.286919221129,
          -42.9091450338727
        ]
      },
      "properties": {
        "OBJECTID": 552,
        "GlobalID": "599cccb9-0df1-48f9-a868-c4d8dd5c3f16",
        "Bin_Type": "ws",
        "Description": "Stainless Steel/Mod Wood",
        "Responsible_Unit": "b",
        "last_edited_date": 1536273693630
      }
    },
    {
      "type": "Feature",
      "id": 553,
      "geometry": {
        "type": "Point",
        "coordinates": [
          147.286433479302,
          -42.9089515229597
        ]
      },
      "properties": {
        "OBJECTID": 553,
        "GlobalID": "ca744ee5-fd17-4acf-a50c-a7bc790dc8d9",
        "Bin_Type": "ws",
        "Description": "120lt Cage General Waste",
        "Responsible_Unit": "b",
        "last_edited_date": 1536283102813
      }
    },
    {
      "type": "Feature",
      "id": 555,
      "geometry": {
        "type": "Point",
        "coordinates": [
          147.318823873332,
          -42.8546552690008
        ]
      },
      "properties": {
        "OBJECTID": 555,
        "GlobalID": "28201562-ef0c-4403-9e63-f14c8cb4c361",
        "Bin_Type": "ws",
        "Description": "120lt Cage General Waste",
        "Responsible_Unit": "s",
        "last_edited_date": 1533255803887
      }
    },
    {
      "type": "Feature",
      "id": 556,
      "geometry": {
        "type": "Point",
        "coordinates": [
          147.317531598294,
          -42.8522579952885
        ]
      },
      "properties": {
        "OBJECTID": 556,
        "GlobalID": "a7d16212-f1d8-4fe8-af27-f6dabcd9cf00",
        "Bin_Type": "ws",
        "Description": "120lt Cage General Waste",
        "Responsible_Unit": "s",
        "last_edited_date": 1533255153193
      }
    },
    {
      "type": "Feature",
      "id": 557,
      "geometry": {
        "type": "Point",
        "coordinates": [
          147.319164213484,
          -42.8533044094886
        ]
      },
      "properties": {
        "OBJECTID": 557,
        "GlobalID": "2a80a619-f016-4dd1-9a7e-081a98e20014",
        "Bin_Type": "ws",
        "Description": "120lt Cage General Waste",
        "Responsible_Unit": "s",
        "last_edited_date": 1533255601136
      }
    },
    {
      "type": "Feature",
      "id": 558,
      "geometry": {
        "type": "Point",
        "coordinates": [
          147.260835849747,
          -42.9201913562069
        ]
      },
      "properties": {
        "OBJECTID": 558,
        "GlobalID": "b0091418-9261-4254-8ad6-1283c72edb9c",
        "Bin_Type": "ws",
        "Description": "25lt Drop Plastic",
        "Responsible_Unit": "b",
        "last_edited_date": 1536705970901
      }
    },
    {
      "type": "Feature",
      "id": 559,
      "geometry": {
        "type": "Point",
        "coordinates": [
          147.330024086897,
          -42.8834119984031
        ]
      },
      "properties": {
        "OBJECTID": 559,
        "GlobalID": "0227efa0-0d70-408a-8697-6d6d75a531d1",
        "Bin_Type": "ws",
        "Description": "Stainless Steel/Mod Wood",
        "Responsible_Unit": "p",
        "last_edited_date": 1530252193527
      }
    },
    {
      "type": "Feature",
      "id": 560,
      "geometry": {
        "type": "Point",
        "coordinates": [
          147.330172710052,
          -42.8835119452747
        ]
      },
      "properties": {
        "OBJECTID": 560,
        "GlobalID": "2e726c9c-5ecd-4e89-b3c4-7d541b5eab27",
        "Bin_Type": "ws",
        "Description": "Stainless Steel/Mod Wood",
        "Responsible_Unit": "p",
        "last_edited_date": 1530252193527
      }
    },
    {
      "type": "Feature",
      "id": 561,
      "geometry": {
        "type": "Point",
        "coordinates": [
          147.312926487468,
          -42.8822736870729
        ]
      },
      "properties": {
        "OBJECTID": 561,
        "GlobalID": "5be04cf2-6073-45fa-8287-aad9a4d7fee7",
        "Bin_Type": "ws",
        "Description": "Stainless Steel/Mod Wood",
        "Responsible_Unit": "p",
        "last_edited_date": 1543200833906
      }
    },
    {
      "type": "Feature",
      "id": 562,
      "geometry": {
        "type": "Point",
        "coordinates": [
          147.313249625929,
          -42.882077962798
        ]
      },
      "properties": {
        "OBJECTID": 562,
        "GlobalID": "6c576e13-8ad0-4bb3-9799-0ec8274be24e",
        "Bin_Type": "ws",
        "Description": "Stainless Steel/Mod Wood",
        "Responsible_Unit": "p",
        "last_edited_date": 1543200824704
      }
    },
    {
      "type": "Feature",
      "id": 563,
      "geometry": {
        "type": "Point",
        "coordinates": [
          147.313130006356,
          -42.8821207516389
        ]
      },
      "properties": {
        "OBJECTID": 563,
        "GlobalID": "68f9094b-f661-48bc-a832-dee136de461b",
        "Bin_Type": "ws",
        "Description": "Stainless Steel/Mod Wood",
        "Responsible_Unit": "p",
        "last_edited_date": 1543200812889
      }
    },
    {
      "type": "Feature",
      "id": 564,
      "geometry": {
        "type": "Point",
        "coordinates": [
          147.304101458907,
          -42.8640775088254
        ]
      },
      "properties": {
        "OBJECTID": 564,
        "GlobalID": "df520814-b73c-4e51-bef9-f6981c9d4165",
        "Bin_Type": "ws",
        "Description": "Stainless Steel/Mod Wood",
        "Responsible_Unit": "p",
        "last_edited_date": 1543197345353
      }
    },
    {
      "type": "Feature",
      "id": 565,
      "geometry": {
        "type": "Point",
        "coordinates": [
          147.304409843019,
          -42.8638276929441
        ]
      },
      "properties": {
        "OBJECTID": 565,
        "GlobalID": "38cd0dfb-8728-4128-b8c8-bc67b72a11a7",
        "Bin_Type": "ws",
        "Description": "Stainless Steel/Mod Wood",
        "Responsible_Unit": "p",
        "last_edited_date": 1543197316126
      }
    },
    {
      "type": "Feature",
      "id": 566,
      "geometry": {
        "type": "Point",
        "coordinates": [
          147.322688591279,
          -42.866383890519
        ]
      },
      "properties": {
        "OBJECTID": 566,
        "GlobalID": "9cc3560b-d0d9-470e-97c3-333a415c71e2",
        "Bin_Type": "ws",
        "Description": "120lt Cage General Waste",
        "Responsible_Unit": "s",
        "last_edited_date": 1530252193527
      }
    },
    {
      "type": "Feature",
      "id": 567,
      "geometry": {
        "type": "Point",
        "coordinates": [
          147.322946974657,
          -42.8667366620114
        ]
      },
      "properties": {
        "OBJECTID": 567,
        "GlobalID": "702a9253-de7b-4d17-af87-0bd4c794a0fd",
        "Bin_Type": "ws",
        "Description": "120lt Cage General Waste",
        "Responsible_Unit": "s",
        "last_edited_date": 1530252193527
      }
    },
    {
      "type": "Feature",
      "id": 568,
      "geometry": {
        "type": "Point",
        "coordinates": [
          147.331624175497,
          -42.8914932637394
        ]
      },
      "properties": {
        "OBJECTID": 568,
        "GlobalID": "6bba0d23-61b8-48e9-a60c-8a488a2b194b",
        "Bin_Type": "ws",
        "Description": "120lt Cage General Waste",
        "Responsible_Unit": "p",
        "last_edited_date": 1530252193527
      }
    },
    {
      "type": "Feature",
      "id": 569,
      "geometry": {
        "type": "Point",
        "coordinates": [
          147.303219712775,
          -42.8588441668679
        ]
      },
      "properties": {
        "OBJECTID": 569,
        "GlobalID": "08531949-bc3c-4617-926e-406f89641df3",
        "Bin_Type": "ws",
        "Description": "120lt Cage General Waste",
        "Responsible_Unit": "p",
        "last_edited_date": 1543198770036
      }
    },
    {
      "type": "Feature",
      "id": 570,
      "geometry": {
        "type": "Point",
        "coordinates": [
          147.310923031631,
          -42.891636495569
        ]
      },
      "properties": {
        "OBJECTID": 570,
        "GlobalID": "578b0e9b-84d4-42c0-b5d0-b3de9814cd36",
        "Bin_Type": "ws",
        "Description": "120lt Cage General Waste",
        "Responsible_Unit": "p",
        "last_edited_date": 1530252193527
      }
    },
    {
      "type": "Feature",
      "id": 571,
      "geometry": {
        "type": "Point",
        "coordinates": [
          147.32368047326,
          -42.8665006432781
        ]
      },
      "properties": {
        "OBJECTID": 571,
        "GlobalID": "4bca6b9b-bc1d-48fb-b2b4-a235bbd2be9c",
        "Bin_Type": "ws",
        "Description": "Stainless Steel/Mod Wood",
        "Responsible_Unit": "s",
        "last_edited_date": 1533257470637
      }
    },
    {
      "type": "Feature",
      "id": 572,
      "geometry": {
        "type": "Point",
        "coordinates": [
          147.323255291818,
          -42.8663389459405
        ]
      },
      "properties": {
        "OBJECTID": 572,
        "GlobalID": "8ec20880-0b42-4f5f-b12f-1adbf00a7cba",
        "Bin_Type": "ws",
        "Description": "Stainless Steel/Mod Wood",
        "Responsible_Unit": "s",
        "last_edited_date": 1533257481112
      }
    },
    {
      "type": "Feature",
      "id": 573,
      "geometry": {
        "type": "Point",
        "coordinates": [
          147.322456183295,
          -42.865925662649
        ]
      },
      "properties": {
        "OBJECTID": 573,
        "GlobalID": "c4995a66-51b3-4243-adba-b2568e2dbaf0",
        "Bin_Type": "ws",
        "Description": "Stainless Steel/Mod Wood",
        "Responsible_Unit": "s",
        "last_edited_date": 1533257434202
      }
    },
    {
      "type": "Feature",
      "id": 574,
      "geometry": {
        "type": "Point",
        "coordinates": [
          147.32461261738,
          -42.866739913495
        ]
      },
      "properties": {
        "OBJECTID": 574,
        "GlobalID": "04ffdbd7-4a7c-44b4-8348-4a0bc0b75999",
        "Bin_Type": "ws",
        "Description": "120lt Cage General Waste",
        "Responsible_Unit": "s",
        "last_edited_date": 1530252193527
      }
    },
    {
      "type": "Feature",
      "id": 575,
      "geometry": {
        "type": "Point",
        "coordinates": [
          147.31173259285,
          -42.851127464971
        ]
      },
      "properties": {
        "OBJECTID": 575,
        "GlobalID": "5a0e4a9a-3db2-4e2f-aa2d-0c1e8689ad13",
        "Bin_Type": "ws",
        "Description": "Stainless Steel/Mod Wood",
        "Responsible_Unit": "s",
        "last_edited_date": 1533254592635
      }
    },
    {
      "type": "Feature",
      "id": 576,
      "geometry": {
        "type": "Point",
        "coordinates": [
          147.330166249216,
          -42.8832092519724
        ]
      },
      "properties": {
        "OBJECTID": 576,
        "GlobalID": "1fc38997-799e-4ac8-a10e-bf72559859b7",
        "Bin_Type": "ws",
        "Description": "Stainless Steel/Mod Wood",
        "Responsible_Unit": "p",
        "last_edited_date": 1530252193527
      }
    },
    {
      "type": "Feature",
      "id": 577,
      "geometry": {
        "type": "Point",
        "coordinates": [
          147.330431580531,
          -42.8833984714779
        ]
      },
      "properties": {
        "OBJECTID": 577,
        "GlobalID": "0af425e6-030a-430b-8e36-cb25a8798386",
        "Bin_Type": "ws",
        "Description": "Stainless Steel/Mod Wood",
        "Responsible_Unit": "p",
        "last_edited_date": 1530252193527
      }
    },
    {
      "type": "Feature",
      "id": 578,
      "geometry": {
        "type": "Point",
        "coordinates": [
          147.331038864411,
          -42.8775988996845
        ]
      },
      "properties": {
        "OBJECTID": 578,
        "GlobalID": "87061047-afa7-4773-baab-68ce2d82fe0e",
        "Bin_Type": "rs",
        "Description": "Stainless Steel/Mod Wood",
        "Responsible_Unit": "p",
        "last_edited_date": 1533259692989
      }
    },
    {
      "type": "Feature",
      "id": 579,
      "geometry": {
        "type": "Point",
        "coordinates": [
          147.330427084703,
          -42.8834064108857
        ]
      },
      "properties": {
        "OBJECTID": 579,
        "GlobalID": "baecf0c4-afb4-4087-990c-e69130b5eb79",
        "Bin_Type": "rs",
        "Description": "Stainless Steel/Mod Wood",
        "Responsible_Unit": "p",
        "last_edited_date": 1530252193527
      }
    },
    {
      "type": "Feature",
      "id": 580,
      "geometry": {
        "type": "Point",
        "coordinates": [
          147.330176396805,
          -42.8832043814796
        ]
      },
      "properties": {
        "OBJECTID": 580,
        "GlobalID": "957ec035-c89a-45a8-9309-a9eafb015345",
        "Bin_Type": "rs",
        "Description": "Stainless Steel/Mod Wood",
        "Responsible_Unit": "p",
        "last_edited_date": 1530252193527
      }
    },
    {
      "type": "Feature",
      "id": 581,
      "geometry": {
        "type": "Point",
        "coordinates": [
          147.330024293878,
          -42.8834046522131
        ]
      },
      "properties": {
        "OBJECTID": 581,
        "GlobalID": "bf5387d7-dbbc-4a7f-8256-ad69006958d5",
        "Bin_Type": "rs",
        "Description": "Stainless Steel/Mod Wood",
        "Responsible_Unit": "p",
        "last_edited_date": 1530252193527
      }
    },
    {
      "type": "Feature",
      "id": 582,
      "geometry": {
        "type": "Point",
        "coordinates": [
          147.330162718588,
          -42.8835118867361
        ]
      },
      "properties": {
        "OBJECTID": 582,
        "GlobalID": "5a508d18-c2c3-4f34-9648-ab4281dc99d4",
        "Bin_Type": "rs",
        "Description": "Stainless Steel/Mod Wood",
        "Responsible_Unit": "p",
        "last_edited_date": 1530252193527
      }
    },
    {
      "type": "Feature",
      "id": 583,
      "geometry": {
        "type": "Point",
        "coordinates": [
          147.248743568015,
          -42.9154477969856
        ]
      },
      "properties": {
        "OBJECTID": 583,
        "GlobalID": "55c2d212-14b4-4ab6-ba5e-3ae9feb23bbd",
        "Bin_Type": "rs",
        "Description": "120lt Cage Recycling",
        "Responsible_Unit": "b",
        "last_edited_date": 1530252193527
      }
    },
    {
      "type": "Feature",
      "id": 584,
      "geometry": {
        "type": "Point",
        "coordinates": [
          147.248388367408,
          -42.9155176516978
        ]
      },
      "properties": {
        "OBJECTID": 584,
        "GlobalID": "a59e6734-4b11-42b9-af1a-29a7fdd87336",
        "Bin_Type": "rs",
        "Description": "120lt Cage Recycling",
        "Responsible_Unit": "b",
        "last_edited_date": 1530252193527
      }
    },
    {
      "type": "Feature",
      "id": 585,
      "geometry": {
        "type": "Point",
        "coordinates": [
          147.27915936208,
          -42.8657436983492
        ]
      },
      "properties": {
        "OBJECTID": 585,
        "GlobalID": "e80de7c8-1195-4aaf-93e9-d4fc1c21dec3",
        "Bin_Type": "rs",
        "Description": "120lt Cage Recycling",
        "Responsible_Unit": "b",
        "last_edited_date": 1530252193527
      }
    },
    {
      "type": "Feature",
      "id": 586,
      "geometry": {
        "type": "Point",
        "coordinates": [
          147.27778396068,
          -42.8657006265124
        ]
      },
      "properties": {
        "OBJECTID": 586,
        "GlobalID": "7a829833-d412-4017-a6af-200d99df0169",
        "Bin_Type": "ws",
        "Description": "120lt Cage General Waste",
        "Responsible_Unit": "b",
        "last_edited_date": 1530252193527
      }
    },
    {
      "type": "Feature",
      "id": 587,
      "geometry": {
        "type": "Point",
        "coordinates": [
          147.277787887546,
          -42.8657095520389
        ]
      },
      "properties": {
        "OBJECTID": 587,
        "GlobalID": "6a4013da-4315-4e51-bdce-101b0fadbf64",
        "Bin_Type": "rs",
        "Description": "120lt Cage Recycling",
        "Responsible_Unit": "b",
        "last_edited_date": 1530252193527
      }
    },
    {
      "type": "Feature",
      "id": 588,
      "geometry": {
        "type": "Point",
        "coordinates": [
          147.256269838133,
          -42.8744830984852
        ]
      },
      "properties": {
        "OBJECTID": 588,
        "GlobalID": "ef165f12-2e31-490c-a21b-ed2df44dfeb8",
        "Bin_Type": "ws",
        "Description": "120lt Cage General Waste",
        "Responsible_Unit": "b",
        "last_edited_date": 1530252193527
      }
    },
    {
      "type": "Feature",
      "id": 589,
      "geometry": {
        "type": "Point",
        "coordinates": [
          147.315069318802,
          -42.8473003348283
        ]
      },
      "properties": {
        "OBJECTID": 589,
        "GlobalID": "d227f9dc-533d-46ed-9095-88bde751e1bb",
        "Bin_Type": "ws",
        "Description": "120lt Cage General Waste",
        "Responsible_Unit": "p",
        "last_edited_date": 1533254775543
      }
    },
    {
      "type": "Feature",
      "id": 590,
      "geometry": {
        "type": "Point",
        "coordinates": [
          147.315567692378,
          -42.8469908966835
        ]
      },
      "properties": {
        "OBJECTID": 590,
        "GlobalID": "19b831b8-c02f-4e99-aa8d-d0901dcb7fb3",
        "Bin_Type": "ws",
        "Description": "120lt Cage General Waste",
        "Responsible_Unit": "p",
        "last_edited_date": 1533254927251
      }
    },
    {
      "type": "Feature",
      "id": 591,
      "geometry": {
        "type": "Point",
        "coordinates": [
          147.354563093877,
          -42.9087166503907
        ]
      },
      "properties": {
        "OBJECTID": 591,
        "GlobalID": "0d5684bb-a530-48cf-a19c-843e530eb4d0",
        "Bin_Type": "ws",
        "Description": "120lt Cage General Waste",
        "Responsible_Unit": "p",
        "last_edited_date": 1530252193527
      }
    },
    {
      "type": "Feature",
      "id": 592,
      "geometry": {
        "type": "Point",
        "coordinates": [
          147.352144678961,
          -42.9088727908509
        ]
      },
      "properties": {
        "OBJECTID": 592,
        "GlobalID": "9a908225-bf73-4b94-bb69-c7528197e6c6",
        "Bin_Type": "ws",
        "Description": "120lt Cage General Waste",
        "Responsible_Unit": "p",
        "last_edited_date": 1531438726562
      }
    },
    {
      "type": "Feature",
      "id": 593,
      "geometry": {
        "type": "Point",
        "coordinates": [
          147.348017041543,
          -42.9087441952759
        ]
      },
      "properties": {
        "OBJECTID": 593,
        "GlobalID": "da349b63-1e1a-4c7f-8ab9-00f607c63550",
        "Bin_Type": "ws",
        "Description": "120lt Cage General Waste",
        "Responsible_Unit": "p",
        "last_edited_date": 1530252193527
      }
    },
    {
      "type": "Feature",
      "id": 594,
      "geometry": {
        "type": "Point",
        "coordinates": [
          147.315128016082,
          -42.8468995751731
        ]
      },
      "properties": {
        "OBJECTID": 594,
        "GlobalID": "6c1ab07a-5087-4494-b100-3186dc009236",
        "Bin_Type": "ws",
        "Description": "120lt Cage General Waste",
        "Responsible_Unit": "p",
        "last_edited_date": 1533254933297
      }
    },
    {
      "type": "Feature",
      "id": 595,
      "geometry": {
        "type": "Point",
        "coordinates": [
          147.322914738879,
          -42.8666998807677
        ]
      },
      "properties": {
        "OBJECTID": 595,
        "GlobalID": "f5f090d9-60d5-48de-8947-426a92ea27e5",
        "Bin_Type": "db",
        "Description": "Dog Refuse Bag Dispenser",
        "Responsible_Unit": "p",
        "last_edited_date": 1530252193527
      }
    },
    {
      "type": "Feature",
      "id": 596,
      "geometry": {
        "type": "Point",
        "coordinates": [
          147.326298847922,
          -42.8633702541956
        ]
      },
      "properties": {
        "OBJECTID": 596,
        "GlobalID": "8a70e001-4345-4f5e-9ba5-52795f934fec",
        "Bin_Type": "db",
        "Description": "Dog Refuse Bag Dispenser",
        "Responsible_Unit": "p",
        "last_edited_date": 1530252193527
      }
    },
    {
      "type": "Feature",
      "id": 597,
      "geometry": {
        "type": "Point",
        "coordinates": [
          147.319256104421,
          -42.8944956464704
        ]
      },
      "properties": {
        "OBJECTID": 597,
        "GlobalID": "5e32c30f-f2e6-4cf3-a192-548b44b1014d",
        "Bin_Type": "db",
        "Description": "Dog Refuse Bag Dispenser",
        "Responsible_Unit": "p",
        "last_edited_date": 1531433994595
      }
    },
    {
      "type": "Feature",
      "id": 598,
      "geometry": {
        "type": "Point",
        "coordinates": [
          147.319510941548,
          -42.8931372792082
        ]
      },
      "properties": {
        "OBJECTID": 598,
        "GlobalID": "02970c14-4af6-4c12-a810-4c3918c54bdc",
        "Bin_Type": "db",
        "Description": "Dog Refuse Bag Dispenser",
        "Responsible_Unit": "p",
        "last_edited_date": 1531434350783
      }
    },
    {
      "type": "Feature",
      "id": 599,
      "geometry": {
        "type": "Point",
        "coordinates": [
          147.293451853787,
          -42.8953589503012
        ]
      },
      "properties": {
        "OBJECTID": 599,
        "GlobalID": "30a09802-3f3e-46cf-ac78-a9540dfda661",
        "Bin_Type": "db",
        "Description": "Dog Refuse Bag Dispenser",
        "Responsible_Unit": "p",
        "last_edited_date": 1530252193527
      }
    },
    {
      "type": "Feature",
      "id": 600,
      "geometry": {
        "type": "Point",
        "coordinates": [
          147.295750039996,
          -42.8950911452946
        ]
      },
      "properties": {
        "OBJECTID": 600,
        "GlobalID": "9a5c1a99-969e-43a7-8ddb-b1a6cf740541",
        "Bin_Type": "db",
        "Description": "Dog Refuse Bag Dispenser",
        "Responsible_Unit": "p",
        "last_edited_date": 1531955327334
      }
    },
    {
      "type": "Feature",
      "id": 601,
      "geometry": {
        "type": "Point",
        "coordinates": [
          147.307343978463,
          -42.889299112625
        ]
      },
      "properties": {
        "OBJECTID": 601,
        "GlobalID": "f1584508-2b1d-4285-9779-cb61096ac42b",
        "Bin_Type": "db",
        "Description": "Dog Refuse Bag Dispenser",
        "Responsible_Unit": "p",
        "last_edited_date": 1530252193527
      }
    },
    {
      "type": "Feature",
      "id": 602,
      "geometry": {
        "type": "Point",
        "coordinates": [
          147.288638224109,
          -42.8610900365857
        ]
      },
      "properties": {
        "OBJECTID": 602,
        "GlobalID": "995bdb64-ae05-4e0c-b08e-b888f110726f",
        "Bin_Type": "db",
        "Description": "Dog Refuse Bag Dispenser",
        "Responsible_Unit": "p",
        "last_edited_date": 1530252193527
      }
    },
    {
      "type": "Feature",
      "id": 603,
      "geometry": {
        "type": "Point",
        "coordinates": [
          147.287810726979,
          -42.8626180487636
        ]
      },
      "properties": {
        "OBJECTID": 603,
        "GlobalID": "d482716c-13ce-4478-b298-34e8c9969ad6",
        "Bin_Type": "db",
        "Description": "Dog Refuse Bag Dispenser",
        "Responsible_Unit": "p",
        "last_edited_date": 1530252193527
      }
    },
    {
      "type": "Feature",
      "id": 604,
      "geometry": {
        "type": "Point",
        "coordinates": [
          147.288349875824,
          -42.8593295843466
        ]
      },
      "properties": {
        "OBJECTID": 604,
        "GlobalID": "01f31161-34ff-4fa2-9dc4-661d3eb644ed",
        "Bin_Type": "db",
        "Description": "Dog Refuse Bag Dispenser",
        "Responsible_Unit": "p",
        "last_edited_date": 1530252193527
      }
    },
    {
      "type": "Feature",
      "id": 605,
      "geometry": {
        "type": "Point",
        "coordinates": [
          147.289141087998,
          -42.8593090832081
        ]
      },
      "properties": {
        "OBJECTID": 605,
        "GlobalID": "57055177-b158-43a6-9bad-ea3be68f0f68",
        "Bin_Type": "db",
        "Description": "Dog Refuse Bag Dispenser",
        "Responsible_Unit": "p",
        "last_edited_date": 1530252193527
      }
    },
    {
      "type": "Feature",
      "id": 606,
      "geometry": {
        "type": "Point",
        "coordinates": [
          147.321948829218,
          -42.8775944422172
        ]
      },
      "properties": {
        "OBJECTID": 606,
        "GlobalID": "0d851c03-1eab-4f79-9456-a195126a71ec",
        "Bin_Type": "db",
        "Description": "Dog Refuse Bag Dispenser",
        "Responsible_Unit": "p",
        "last_edited_date": 1530252193527
      }
    },
    {
      "type": "Feature",
      "id": 607,
      "geometry": {
        "type": "Point",
        "coordinates": [
          147.318718174993,
          -42.8726938532223
        ]
      },
      "properties": {
        "OBJECTID": 607,
        "GlobalID": "66024b58-a34d-4a4c-9ffa-5f78863343b0",
        "Bin_Type": "db",
        "Description": "Dog Refuse Bag Dispenser",
        "Responsible_Unit": "p",
        "last_edited_date": 1530252193527
      }
    },
    {
      "type": "Feature",
      "id": 608,
      "geometry": {
        "type": "Point",
        "coordinates": [
          147.319647658228,
          -42.8723599317024
        ]
      },
      "properties": {
        "OBJECTID": 608,
        "GlobalID": "47d6db8c-98d9-4b85-9286-12b599180b1f",
        "Bin_Type": "db",
        "Description": "Dog Refuse Bag Dispenser",
        "Responsible_Unit": "p",
        "last_edited_date": 1530252193527
      }
    },
    {
      "type": "Feature",
      "id": 609,
      "geometry": {
        "type": "Point",
        "coordinates": [
          147.320291990606,
          -42.8951296916032
        ]
      },
      "properties": {
        "OBJECTID": 609,
        "GlobalID": "76b6a0bb-3790-4fde-8de8-b4969dafd744",
        "Bin_Type": "db",
        "Description": "Dog Refuse Bag Dispenser",
        "Responsible_Unit": "p",
        "last_edited_date": 1531434505714
      }
    },
    {
      "type": "Feature",
      "id": 610,
      "geometry": {
        "type": "Point",
        "coordinates": [
          147.336098738877,
          -42.8878164051002
        ]
      },
      "properties": {
        "OBJECTID": 610,
        "GlobalID": "504f31fe-4996-4b0b-8ef3-8b8bf2d4ce4e",
        "Bin_Type": "db",
        "Description": "Dog Refuse Bag Dispenser",
        "Responsible_Unit": "p",
        "last_edited_date": 1530252193527
      }
    },
    {
      "type": "Feature",
      "id": 611,
      "geometry": {
        "type": "Point",
        "coordinates": [
          147.337286772354,
          -42.8872934666083
        ]
      },
      "properties": {
        "OBJECTID": 611,
        "GlobalID": "349f1382-23fa-496e-8ad3-4a68ad01e423",
        "Bin_Type": "db",
        "Description": "Dog Refuse Bag Dispenser",
        "Responsible_Unit": "p",
        "last_edited_date": 1530252193527
      }
    },
    {
      "type": "Feature",
      "id": 612,
      "geometry": {
        "type": "Point",
        "coordinates": [
          147.337458225143,
          -42.8882286894511
        ]
      },
      "properties": {
        "OBJECTID": 612,
        "GlobalID": "c07476b5-ce4a-45c1-af97-c52b3569ca97",
        "Bin_Type": "db",
        "Description": "Dog Refuse Bag Dispenser",
        "Responsible_Unit": "p",
        "last_edited_date": 1530252193527
      }
    },
    {
      "type": "Feature",
      "id": 613,
      "geometry": {
        "type": "Point",
        "coordinates": [
          147.336584860236,
          -42.8882939602849
        ]
      },
      "properties": {
        "OBJECTID": 613,
        "GlobalID": "0104d19a-4110-482f-ba5c-0dea556a62ff",
        "Bin_Type": "db",
        "Description": "Dog Refuse Bag Dispenser",
        "Responsible_Unit": "p",
        "last_edited_date": 1530252193527
      }
    },
    {
      "type": "Feature",
      "id": 614,
      "geometry": {
        "type": "Point",
        "coordinates": [
          147.354515022439,
          -42.9091907449675
        ]
      },
      "properties": {
        "OBJECTID": 614,
        "GlobalID": "3a6b042d-cfc7-40f1-90d3-8c8df80669bf",
        "Bin_Type": "db",
        "Description": "Dog Refuse Bag Dispenser",
        "Responsible_Unit": "p",
        "last_edited_date": 1531438574019
      }
    },
    {
      "type": "Feature",
      "id": 615,
      "geometry": {
        "type": "Point",
        "coordinates": [
          147.329033113444,
          -42.9243185546125
        ]
      },
      "properties": {
        "OBJECTID": 615,
        "GlobalID": "20a165cf-be1b-4dbf-90a2-8e1bc72d2346",
        "Bin_Type": "db",
        "Description": "Dog Refuse Bag Dispenser",
        "Responsible_Unit": "p",
        "last_edited_date": 1530252193527
      }
    },
    {
      "type": "Feature",
      "id": 616,
      "geometry": {
        "type": "Point",
        "coordinates": [
          147.329330657135,
          -42.9248289719201
        ]
      },
      "properties": {
        "OBJECTID": 616,
        "GlobalID": "e9320ec9-c12f-4563-8970-102925ff5951",
        "Bin_Type": "db",
        "Description": "Dog Refuse Bag Dispenser",
        "Responsible_Unit": "p",
        "last_edited_date": 1530252193527
      }
    },
    {
      "type": "Feature",
      "id": 617,
      "geometry": {
        "type": "Point",
        "coordinates": [
          147.35648318325,
          -42.9123695586744
        ]
      },
      "properties": {
        "OBJECTID": 617,
        "GlobalID": "7efe1b94-0253-4d9c-9255-3cfde5ac8b00",
        "Bin_Type": "db",
        "Description": "Dog Refuse Bag Dispenser",
        "Responsible_Unit": "p",
        "last_edited_date": 1532999925758
      }
    },
    {
      "type": "Feature",
      "id": 618,
      "geometry": {
        "type": "Point",
        "coordinates": [
          147.329629720396,
          -42.8867846978181
        ]
      },
      "properties": {
        "OBJECTID": 618,
        "GlobalID": "6df445b3-e7d2-4633-baec-68c605118e4d",
        "Bin_Type": "db",
        "Description": "Dog Refuse Bag Dispenser",
        "Responsible_Unit": "p",
        "last_edited_date": 1530252193527
      }
    },
    {
      "type": "Feature",
      "id": 619,
      "geometry": {
        "type": "Point",
        "coordinates": [
          147.333243626698,
          -42.8956148361144
        ]
      },
      "properties": {
        "OBJECTID": 619,
        "GlobalID": "aa1d6792-ff90-47fa-9340-15be05ecb545",
        "Bin_Type": "db",
        "Description": "Dog Refuse Bag Dispenser",
        "Responsible_Unit": "p",
        "last_edited_date": 1531439620050
      }
    },
    {
      "type": "Feature",
      "id": 620,
      "geometry": {
        "type": "Point",
        "coordinates": [
          147.356458384766,
          -42.9116672389011
        ]
      },
      "properties": {
        "OBJECTID": 620,
        "GlobalID": "451bbf25-f531-44a4-9def-3dbe9dd5f3e3",
        "Bin_Type": "db",
        "Description": "Dog Refuse Bag Dispenser",
        "Responsible_Unit": "p",
        "last_edited_date": 1530252193527
      }
    },
    {
      "type": "Feature",
      "id": 621,
      "geometry": {
        "type": "Point",
        "coordinates": [
          147.35677214887,
          -42.9108969034732
        ]
      },
      "properties": {
        "OBJECTID": 621,
        "GlobalID": "636be6a6-aec3-4356-a537-136ad3991632",
        "Bin_Type": "db",
        "Description": "Dog Refuse Bag Dispenser",
        "Responsible_Unit": "p",
        "last_edited_date": 1531436911276
      }
    },
    {
      "type": "Feature",
      "id": 622,
      "geometry": {
        "type": "Point",
        "coordinates": [
          147.355716594203,
          -42.9098334666789
        ]
      },
      "properties": {
        "OBJECTID": 622,
        "GlobalID": "7a211365-abf1-43d7-94e4-af7af5b4d1d3",
        "Bin_Type": "db",
        "Description": "Dog Refuse Bag Dispenser",
        "Responsible_Unit": "p",
        "last_edited_date": 1531437420671
      }
    },
    {
      "type": "Feature",
      "id": 623,
      "geometry": {
        "type": "Point",
        "coordinates": [
          147.357184619928,
          -42.9104055740595
        ]
      },
      "properties": {
        "OBJECTID": 623,
        "GlobalID": "b940b23c-2ad8-4176-97a1-cda4749fc838",
        "Bin_Type": "db",
        "Description": "Dog Refuse Bag Dispenser",
        "Responsible_Unit": "p",
        "last_edited_date": 1530252193527
      }
    },
    {
      "type": "Feature",
      "id": 625,
      "geometry": {
        "type": "Point",
        "coordinates": [
          147.357964757305,
          -42.9139854385716
        ]
      },
      "properties": {
        "OBJECTID": 625,
        "GlobalID": "e1ba6f3d-33ae-4984-8e6a-482def21e021",
        "Bin_Type": "db",
        "Description": "Dog Refuse Bag Dispenser",
        "Responsible_Unit": "p",
        "last_edited_date": 1530252193527
      }
    },
    {
      "type": "Feature",
      "id": 626,
      "geometry": {
        "type": "Point",
        "coordinates": [
          147.359707919046,
          -42.9137976859579
        ]
      },
      "properties": {
        "OBJECTID": 626,
        "GlobalID": "c68004ce-4d9d-47e0-a77a-5cc356a493a2",
        "Bin_Type": "db",
        "Description": "Dog Refuse Bag Dispenser",
        "Responsible_Unit": "p",
        "last_edited_date": 1530252193527
      }
    },
    {
      "type": "Feature",
      "id": 627,
      "geometry": {
        "type": "Point",
        "coordinates": [
          147.360576482803,
          -42.9147030258156
        ]
      },
      "properties": {
        "OBJECTID": 627,
        "GlobalID": "ce952493-1494-40a7-86cc-300cad78df7f",
        "Bin_Type": "db",
        "Description": "Dog Refuse Bag Dispenser",
        "Responsible_Unit": "p",
        "last_edited_date": 1530252193527
      }
    },
    {
      "type": "Feature",
      "id": 628,
      "geometry": {
        "type": "Point",
        "coordinates": [
          147.33285733924,
          -42.9059722611767
        ]
      },
      "properties": {
        "OBJECTID": 628,
        "GlobalID": "7f38800c-a122-4d26-bb63-5f1645a41b66",
        "Bin_Type": "db",
        "Description": "Dog Refuse Bag Dispenser",
        "Responsible_Unit": "p",
        "last_edited_date": 1530252193527
      }
    },
    {
      "type": "Feature",
      "id": 629,
      "geometry": {
        "type": "Point",
        "coordinates": [
          147.356976832163,
          -42.9096976815603
        ]
      },
      "properties": {
        "OBJECTID": 629,
        "GlobalID": "8924e2fc-1527-4440-9533-bd95e60cbd9c",
        "Bin_Type": "db",
        "Description": "Dog Refuse Bag Dispenser",
        "Responsible_Unit": "p",
        "last_edited_date": 1530252193527
      }
    },
    {
      "type": "Feature",
      "id": 630,
      "geometry": {
        "type": "Point",
        "coordinates": [
          147.277702705155,
          -42.8656161855499
        ]
      },
      "properties": {
        "OBJECTID": 630,
        "GlobalID": "164a5e58-b902-400d-91ee-637f708b0f2a",
        "Bin_Type": "db",
        "Description": "Dog Refuse Bag Dispenser",
        "Responsible_Unit": "p",
        "last_edited_date": 1530252193527
      }
    },
    {
      "type": "Feature",
      "id": 632,
      "geometry": {
        "type": "Point",
        "coordinates": [
          147.356746892213,
          -42.9130079535499
        ]
      },
      "properties": {
        "OBJECTID": 632,
        "GlobalID": "42e9d5c4-2713-4a4c-af02-ccafc0ca9f32",
        "Bin_Type": "db",
        "Description": "Dog Refuse Bag Dispenser",
        "Responsible_Unit": "p",
        "last_edited_date": 1531436150513
      }
    },
    {
      "type": "Feature",
      "id": 633,
      "geometry": {
        "type": "Point",
        "coordinates": [
          147.357004364215,
          -42.9136297399661
        ]
      },
      "properties": {
        "OBJECTID": 633,
        "GlobalID": "0ba98e8a-fd15-44a7-9f58-757a6fd35677",
        "Bin_Type": "db",
        "Description": "Dog Refuse Bag Dispenser",
        "Responsible_Unit": "p",
        "last_edited_date": 1530252193527
      }
    },
    {
      "type": "Feature",
      "id": 634,
      "geometry": {
        "type": "Point",
        "coordinates": [
          147.310969515848,
          -42.902810145963
        ]
      },
      "properties": {
        "OBJECTID": 634,
        "GlobalID": "ba9ec27b-82a0-41a4-8acb-498f334eab5a",
        "Bin_Type": "db",
        "Description": "Dog Refuse Bag Dispenser",
        "Responsible_Unit": "p",
        "last_edited_date": 1536275104614
      }
    },
    {
      "type": "Feature",
      "id": 635,
      "geometry": {
        "type": "Point",
        "coordinates": [
          147.333221072667,
          -42.8950371108643
        ]
      },
      "properties": {
        "OBJECTID": 635,
        "GlobalID": "d57f842c-881d-413e-9c64-2d405813109b",
        "Bin_Type": "db",
        "Description": "Dog Refuse Bag Dispenser",
        "Responsible_Unit": "p",
        "last_edited_date": 1531439673048
      }
    },
    {
      "type": "Feature",
      "id": 636,
      "geometry": {
        "type": "Point",
        "coordinates": [
          147.333554645858,
          -42.8945886445752
        ]
      },
      "properties": {
        "OBJECTID": 636,
        "GlobalID": "953ad5d8-73c6-4bf2-ac1b-9adf847d354c",
        "Bin_Type": "db",
        "Description": "Dog Refuse Bag Dispenser",
        "Responsible_Unit": "p",
        "last_edited_date": 1531439792681
      }
    },
    {
      "type": "Feature",
      "id": 637,
      "geometry": {
        "type": "Point",
        "coordinates": [
          147.335060290979,
          -42.889081928843
        ]
      },
      "properties": {
        "OBJECTID": 637,
        "GlobalID": "09cf2647-82d6-4e43-8bd4-b51e31af01b7",
        "Bin_Type": "db",
        "Description": "Dog Refuse Bag Dispenser",
        "Responsible_Unit": "p",
        "last_edited_date": 1530252193527
      }
    },
    {
      "type": "Feature",
      "id": 638,
      "geometry": {
        "type": "Point",
        "coordinates": [
          147.300790011371,
          -42.8936474830302
        ]
      },
      "properties": {
        "OBJECTID": 638,
        "GlobalID": "a0a560e4-7edf-4f93-bb63-5db30be14ea9",
        "Bin_Type": "db",
        "Description": "Dog Refuse Bag Dispenser",
        "Responsible_Unit": "p",
        "last_edited_date": 1536715531015
      }
    },
    {
      "type": "Feature",
      "id": 639,
      "geometry": {
        "type": "Point",
        "coordinates": [
          147.30443716114,
          -42.8944153645089
        ]
      },
      "properties": {
        "OBJECTID": 639,
        "GlobalID": "d5eeac04-3e88-4e72-a049-917eff526686",
        "Bin_Type": "db",
        "Description": "Dog Refuse Bag Dispenser",
        "Responsible_Unit": "p",
        "last_edited_date": 1536715565216
      }
    },
    {
      "type": "Feature",
      "id": 640,
      "geometry": {
        "type": "Point",
        "coordinates": [
          147.310916528375,
          -42.8916386879978
        ]
      },
      "properties": {
        "OBJECTID": 640,
        "GlobalID": "54c9f3b1-f478-4543-8c4c-caceb2e23ac0",
        "Bin_Type": "db",
        "Description": "Dog Refuse Bag Dispenser",
        "Responsible_Unit": "p",
        "last_edited_date": 1530252193527
      }
    },
    {
      "type": "Feature",
      "id": 641,
      "geometry": {
        "type": "Point",
        "coordinates": [
          147.312961316114,
          -42.8915835726985
        ]
      },
      "properties": {
        "OBJECTID": 641,
        "GlobalID": "2115c97a-a125-4a5d-9dbe-537dc3442dee",
        "Bin_Type": "db",
        "Description": "Dog Refuse Bag Dispenser",
        "Responsible_Unit": "p",
        "last_edited_date": 1530252193527
      }
    },
    {
      "type": "Feature",
      "id": 642,
      "geometry": {
        "type": "Point",
        "coordinates": [
          147.315630380909,
          -42.891507725718
        ]
      },
      "properties": {
        "OBJECTID": 642,
        "GlobalID": "e4b3f4bf-325f-4363-a92e-bbf15205dd81",
        "Bin_Type": "db",
        "Description": "Dog Refuse Bag Dispenser",
        "Responsible_Unit": "p",
        "last_edited_date": 1530252193527
      }
    },
    {
      "type": "Feature",
      "id": 643,
      "geometry": {
        "type": "Point",
        "coordinates": [
          147.316781106748,
          -42.8908704851306
        ]
      },
      "properties": {
        "OBJECTID": 643,
        "GlobalID": "d3cd6274-69b7-4437-924f-88c8e8d56a3f",
        "Bin_Type": "db",
        "Description": "Dog Refuse Bag Dispenser",
        "Responsible_Unit": "p",
        "last_edited_date": 1530252193527
      }
    },
    {
      "type": "Feature",
      "id": 644,
      "geometry": {
        "type": "Point",
        "coordinates": [
          147.259723140483,
          -42.9222653890729
        ]
      },
      "properties": {
        "OBJECTID": 644,
        "GlobalID": "8fba73b8-d82f-40b3-9456-2d672a01e68a",
        "Bin_Type": "db",
        "Description": "Dog Refuse Bag Dispenser",
        "Responsible_Unit": "p",
        "last_edited_date": 1536715000834
      }
    },
    {
      "type": "Feature",
      "id": 645,
      "geometry": {
        "type": "Point",
        "coordinates": [
          147.297070865499,
          -42.8716459241772
        ]
      },
      "properties": {
        "OBJECTID": 645,
        "GlobalID": "f1bfc267-2152-47f8-bc8d-cd6211cfe1fd",
        "Bin_Type": "db",
        "Description": "Dog Refuse Bag Dispenser",
        "Responsible_Unit": "p",
        "last_edited_date": 1543199763299
      }
    },
    {
      "type": "Feature",
      "id": 646,
      "geometry": {
        "type": "Point",
        "coordinates": [
          147.297025460757,
          -42.8720302902297
        ]
      },
      "properties": {
        "OBJECTID": 646,
        "GlobalID": "2d2056e8-0bbb-4da5-aaa1-c817c2e34617",
        "Bin_Type": "db",
        "Description": "Dog Refuse Bag Dispenser",
        "Responsible_Unit": "p",
        "last_edited_date": 1543199869270
      }
    },
    {
      "type": "Feature",
      "id": 647,
      "geometry": {
        "type": "Point",
        "coordinates": [
          147.352031799853,
          -42.9092194175818
        ]
      },
      "properties": {
        "OBJECTID": 647,
        "GlobalID": "9568a0c5-c27c-4df2-93d5-74f35c8f7b77",
        "Bin_Type": "db",
        "Description": "Dog Refuse Bag Dispenser",
        "Responsible_Unit": "p",
        "last_edited_date": 1531438739765
      }
    },
    {
      "type": "Feature",
      "id": 648,
      "geometry": {
        "type": "Point",
        "coordinates": [
          147.335866948884,
          -42.8918824175766
        ]
      },
      "properties": {
        "OBJECTID": 648,
        "GlobalID": "8c38d817-1c15-493e-a276-03d280bde73f",
        "Bin_Type": "db",
        "Description": "Dog Refuse Bag Dispenser",
        "Responsible_Unit": "p",
        "last_edited_date": 1530252193527
      }
    },
    {
      "type": "Feature",
      "id": 649,
      "geometry": {
        "type": "Point",
        "coordinates": [
          147.299739552997,
          -42.8961359905934
        ]
      },
      "properties": {
        "OBJECTID": 649,
        "GlobalID": "35315eba-845d-4fc4-a9f8-b4b33425cf29",
        "Bin_Type": "db",
        "Description": "Dog Refuse Bag Dispenser",
        "Responsible_Unit": "p",
        "last_edited_date": 1531955895527
      }
    },
    {
      "type": "Feature",
      "id": 650,
      "geometry": {
        "type": "Point",
        "coordinates": [
          147.299471062357,
          -42.8970999553947
        ]
      },
      "properties": {
        "OBJECTID": 650,
        "GlobalID": "048c21b9-9079-4067-8e26-52a81f176539",
        "Bin_Type": "db",
        "Description": "Dog Refuse Bag Dispenser",
        "Responsible_Unit": "p",
        "last_edited_date": 1531956202008
      }
    },
    {
      "type": "Feature",
      "id": 651,
      "geometry": {
        "type": "Point",
        "coordinates": [
          147.299204633464,
          -42.8983917561634
        ]
      },
      "properties": {
        "OBJECTID": 651,
        "GlobalID": "19a121ba-8f3d-46c0-a5b8-388cdc2c3351",
        "Bin_Type": "db",
        "Description": "Dog Refuse Bag Dispenser",
        "Responsible_Unit": "p",
        "last_edited_date": 1531956800476
      }
    },
    {
      "type": "Feature",
      "id": 652,
      "geometry": {
        "type": "Point",
        "coordinates": [
          147.309829059475,
          -42.8806432798854
        ]
      },
      "properties": {
        "OBJECTID": 652,
        "GlobalID": "45b566d1-365e-4b57-a0f8-9822bf5205ee",
        "Bin_Type": "db",
        "Description": "Dog Refuse Bag Dispenser",
        "Responsible_Unit": "p",
        "last_edited_date": 1530252193527
      }
    },
    {
      "type": "Feature",
      "id": 653,
      "geometry": {
        "type": "Point",
        "coordinates": [
          147.308140468176,
          -42.8801502578538
        ]
      },
      "properties": {
        "OBJECTID": 653,
        "GlobalID": "d0ddf698-a15a-4190-bda7-937e990dc2e5",
        "Bin_Type": "db",
        "Description": "Dog Refuse Bag Dispenser",
        "Responsible_Unit": "p",
        "last_edited_date": 1530252193527
      }
    },
    {
      "type": "Feature",
      "id": 654,
      "geometry": {
        "type": "Point",
        "coordinates": [
          147.320595512694,
          -42.8524163594616
        ]
      },
      "properties": {
        "OBJECTID": 654,
        "GlobalID": "63414ae0-680a-42e4-82c8-4e11eee04105",
        "Bin_Type": "db",
        "Description": "Dog Refuse Bag Dispenser",
        "Responsible_Unit": "p",
        "last_edited_date": 1533255240470
      }
    },
    {
      "type": "Feature",
      "id": 655,
      "geometry": {
        "type": "Point",
        "coordinates": [
          147.320592896575,
          -42.8524202750921
        ]
      },
      "properties": {
        "OBJECTID": 655,
        "GlobalID": "05a4f155-dbb6-4e07-b839-2c2d8e8b577a",
        "Bin_Type": "db",
        "Description": "Dog Refuse Bag Dispenser",
        "Responsible_Unit": "p",
        "last_edited_date": 1533255220991
      }
    },
    {
      "type": "Feature",
      "id": 656,
      "geometry": {
        "type": "Point",
        "coordinates": [
          147.320998191616,
          -42.856142680366
        ]
      },
      "properties": {
        "OBJECTID": 656,
        "GlobalID": "9cf5e6f2-0d95-4009-804d-abfacb55ba00",
        "Bin_Type": "db",
        "Description": "Dog Refuse Bag Dispenser",
        "Responsible_Unit": "p",
        "last_edited_date": 1533256154114
      }
    },
    {
      "type": "Feature",
      "id": 657,
      "geometry": {
        "type": "Point",
        "coordinates": [
          147.348942985774,
          -42.9097047761544
        ]
      },
      "properties": {
        "OBJECTID": 657,
        "GlobalID": "ef650112-00eb-4a35-9949-689c1322a1c5",
        "Bin_Type": "db",
        "Description": "Dog Refuse Bag Dispenser",
        "Responsible_Unit": "p",
        "last_edited_date": 1530252193527
      }
    },
    {
      "type": "Feature",
      "id": 658,
      "geometry": {
        "type": "Point",
        "coordinates": [
          147.35707209112,
          -42.9157063864706
        ]
      },
      "properties": {
        "OBJECTID": 658,
        "GlobalID": "ea59d951-0d42-4cd0-a057-5a194e712340",
        "Bin_Type": "db",
        "Description": "Dog Refuse Bag Dispenser",
        "Responsible_Unit": "p",
        "last_edited_date": 1531435505411
      }
    },
    {
      "type": "Feature",
      "id": 659,
      "geometry": {
        "type": "Point",
        "coordinates": [
          147.278527475543,
          -42.8648938585646
        ]
      },
      "properties": {
        "OBJECTID": 659,
        "GlobalID": "f3da9af0-0369-479f-847c-0d58c6973d47",
        "Bin_Type": "db",
        "Description": "Dog Refuse Bag Dispenser",
        "Responsible_Unit": "p",
        "last_edited_date": 1530252193527
      }
    },
    {
      "type": "Feature",
      "id": 660,
      "geometry": {
        "type": "Point",
        "coordinates": [
          147.278325650173,
          -42.8653714111685
        ]
      },
      "properties": {
        "OBJECTID": 660,
        "GlobalID": "20a7d616-e12c-48a5-8faa-46e0bba50550",
        "Bin_Type": "db",
        "Description": "Dog Refuse Bag Dispenser",
        "Responsible_Unit": "p",
        "last_edited_date": 1530252193527
      }
    },
    {
      "type": "Feature",
      "id": 661,
      "geometry": {
        "type": "Point",
        "coordinates": [
          147.279151711711,
          -42.8657452596079
        ]
      },
      "properties": {
        "OBJECTID": 661,
        "GlobalID": "ff8e8dca-7a5e-441c-b744-42477bc77c5a",
        "Bin_Type": "db",
        "Description": "Dog Refuse Bag Dispenser",
        "Responsible_Unit": "p",
        "last_edited_date": 1530252193527
      }
    },
    {
      "type": "Feature",
      "id": 662,
      "geometry": {
        "type": "Point",
        "coordinates": [
          147.276099905083,
          -42.8665605034435
        ]
      },
      "properties": {
        "OBJECTID": 662,
        "GlobalID": "778dcf79-b45e-421d-94bf-d2ccaafd0df3",
        "Bin_Type": "db",
        "Description": "Dog Refuse Bag Dispenser",
        "Responsible_Unit": "p",
        "last_edited_date": 1530252193527
      }
    },
    {
      "type": "Feature",
      "id": 663,
      "geometry": {
        "type": "Point",
        "coordinates": [
          147.304411659876,
          -42.8638302240052
        ]
      },
      "properties": {
        "OBJECTID": 663,
        "GlobalID": "8c16986c-399e-4f92-a740-133a8e2b3c52",
        "Bin_Type": "db",
        "Description": "Dog Refuse Bag Dispenser",
        "Responsible_Unit": "p",
        "last_edited_date": 1543197722121
      }
    },
    {
      "type": "Feature",
      "id": 664,
      "geometry": {
        "type": "Point",
        "coordinates": [
          147.304718743452,
          -42.8629789154464
        ]
      },
      "properties": {
        "OBJECTID": 664,
        "GlobalID": "5f3555ff-91c3-41f4-bc52-ed089b27cf77",
        "Bin_Type": "db",
        "Description": "Dog Refuse Bag Dispenser",
        "Responsible_Unit": "p",
        "last_edited_date": 1543197730888
      }
    },
    {
      "type": "Feature",
      "id": 665,
      "geometry": {
        "type": "Point",
        "coordinates": [
          147.31507109172,
          -42.8473007324878
        ]
      },
      "properties": {
        "OBJECTID": 665,
        "GlobalID": "9473d64b-e1a9-4a04-9618-e2ae3338c4c0",
        "Bin_Type": "db",
        "Description": "Dog Refuse Bag Dispenser",
        "Responsible_Unit": "p",
        "last_edited_date": 1530252193527
      }
    },
    {
      "type": "Feature",
      "id": 667,
      "geometry": {
        "type": "Point",
        "coordinates": [
          147.25627021523,
          -42.8744798404307
        ]
      },
      "properties": {
        "OBJECTID": 667,
        "GlobalID": "1dece646-4967-46f7-85fd-fa58df88c98f",
        "Bin_Type": "db",
        "Description": "Dog Refuse Bag Dispenser",
        "Responsible_Unit": "p",
        "last_edited_date": 1530252193527
      }
    },
    {
      "type": "Feature",
      "id": 668,
      "geometry": {
        "type": "Point",
        "coordinates": [
          147.328311674809,
          -42.8817455344733
        ]
      },
      "properties": {
        "OBJECTID": 668,
        "GlobalID": "bd7fcb8c-adad-4100-9132-d1604307402c",
        "Bin_Type": "ws",
        "Description": "Stainless Steel Box",
        "Responsible_Unit": "w",
        "last_edited_date": 1530252193527
      }
    },
    {
      "type": "Feature",
      "id": 669,
      "geometry": {
        "type": "Point",
        "coordinates": [
          147.327829262183,
          -42.8815319826705
        ]
      },
      "properties": {
        "OBJECTID": 669,
        "GlobalID": "f1c95b19-e1dd-491a-9139-2b9b5180f171",
        "Bin_Type": "ws",
        "Description": "Stainless Steel Box",
        "Responsible_Unit": "w",
        "last_edited_date": 1530252193527
      }
    },
    {
      "type": "Feature",
      "id": 670,
      "geometry": {
        "type": "Point",
        "coordinates": [
          147.328165981337,
          -42.8818007627067
        ]
      },
      "properties": {
        "OBJECTID": 670,
        "GlobalID": "bec38054-710b-4d17-838c-875119cf1dc7",
        "Bin_Type": "ws",
        "Description": "Stainless Steel Box",
        "Responsible_Unit": "w",
        "last_edited_date": 1530252193527
      }
    },
    {
      "type": "Feature",
      "id": 671,
      "geometry": {
        "type": "Point",
        "coordinates": [
          147.325172656921,
          -42.9024395736611
        ]
      },
      "properties": {
        "OBJECTID": 671,
        "GlobalID": "aa6d1fd4-8683-4cea-8558-e1988cbe6ee3",
        "Bin_Type": "ws",
        "Description": "Stainless Steel Box",
        "Responsible_Unit": "w",
        "last_edited_date": 1530252193527
      }
    },
    {
      "type": "Feature",
      "id": 672,
      "geometry": {
        "type": "Point",
        "coordinates": [
          147.325151735221,
          -42.9024913447358
        ]
      },
      "properties": {
        "OBJECTID": 672,
        "GlobalID": "885c927a-cab4-4ac1-b721-838980f7abbb",
        "Bin_Type": "rs",
        "Description": "Stainless Steel Box",
        "Responsible_Unit": "w",
        "last_edited_date": 1530252193527
      }
    },
    {
      "type": "Feature",
      "id": 673,
      "geometry": {
        "type": "Point",
        "coordinates": [
          147.324911110296,
          -42.900143213868
        ]
      },
      "properties": {
        "OBJECTID": 673,
        "GlobalID": "e5fd305f-cac3-4f0f-a6c4-9f6bbb2b5bad",
        "Bin_Type": "ws",
        "Description": "Stainless Steel Box",
        "Responsible_Unit": "w",
        "last_edited_date": 1530252193527
      }
    },
    {
      "type": "Feature",
      "id": 674,
      "geometry": {
        "type": "Point",
        "coordinates": [
          147.327840140267,
          -42.8846701302703
        ]
      },
      "properties": {
        "OBJECTID": 674,
        "GlobalID": "f94a54aa-d5c7-4981-ace2-38a63ab84019",
        "Bin_Type": "ws",
        "Description": "Stainless Steel Box",
        "Responsible_Unit": "w",
        "last_edited_date": 1530252193527
      }
    },
    {
      "type": "Feature",
      "id": 675,
      "geometry": {
        "type": "Point",
        "coordinates": [
          147.355790103579,
          -42.9128122039031
        ]
      },
      "properties": {
        "OBJECTID": 675,
        "GlobalID": "d97501e1-cde8-46f3-b752-7511f3052024",
        "Bin_Type": "ws",
        "Description": "Stainless Steel Box",
        "Responsible_Unit": "w",
        "last_edited_date": 1531437117737
      }
    },
    {
      "type": "Feature",
      "id": 676,
      "geometry": {
        "type": "Point",
        "coordinates": [
          147.35582427895,
          -42.9127709249447
        ]
      },
      "properties": {
        "OBJECTID": 676,
        "GlobalID": "0a04b503-47a1-4952-a89c-f1b2717393e9",
        "Bin_Type": "rs",
        "Description": "Stainless Steel Box",
        "Responsible_Unit": "w",
        "last_edited_date": 1531437095006
      }
    },
    {
      "type": "Feature",
      "id": 677,
      "geometry": {
        "type": "Point",
        "coordinates": [
          147.325680874387,
          -42.9047351503497
        ]
      },
      "properties": {
        "OBJECTID": 677,
        "GlobalID": "5ed5e456-8ae0-4a23-a9eb-f67eace2bd27",
        "Bin_Type": "ws",
        "Description": "Stainless Steel Box",
        "Responsible_Unit": "w",
        "last_edited_date": 1530252193527
      }
    },
    {
      "type": "Feature",
      "id": 678,
      "geometry": {
        "type": "Point",
        "coordinates": [
          147.326209327742,
          -42.9049772463337
        ]
      },
      "properties": {
        "OBJECTID": 678,
        "GlobalID": "47bf4687-843d-473d-8125-9708cd91df68",
        "Bin_Type": "ws",
        "Description": "Stainless Steel Box",
        "Responsible_Unit": "w",
        "last_edited_date": 1530252193527
      }
    },
    {
      "type": "Feature",
      "id": 679,
      "geometry": {
        "type": "Point",
        "coordinates": [
          147.326149516561,
          -42.9049511673926
        ]
      },
      "properties": {
        "OBJECTID": 679,
        "GlobalID": "16595fae-f499-49c7-b07a-0278e394b7f1",
        "Bin_Type": "rs",
        "Description": "Stainless Steel Box",
        "Responsible_Unit": "w",
        "last_edited_date": 1530252193527
      }
    },
    {
      "type": "Feature",
      "id": 680,
      "geometry": {
        "type": "Point",
        "coordinates": [
          147.325634532463,
          -42.9046839712662
        ]
      },
      "properties": {
        "OBJECTID": 680,
        "GlobalID": "a30ada91-6e52-47ff-a80f-68b852b78606",
        "Bin_Type": "rs",
        "Description": "Stainless Steel Box",
        "Responsible_Unit": "w",
        "last_edited_date": 1530252193527
      }
    },
    {
      "type": "Feature",
      "id": 681,
      "geometry": {
        "type": "Point",
        "coordinates": [
          147.355227022429,
          -42.9130992961751
        ]
      },
      "properties": {
        "OBJECTID": 681,
        "GlobalID": "52facc60-e988-43eb-acd5-a9fc254cbd68",
        "Bin_Type": "ws",
        "Description": "Stainless Steel Box",
        "Responsible_Unit": "w",
        "last_edited_date": 1530252193527
      }
    },
    {
      "type": "Feature",
      "id": 682,
      "geometry": {
        "type": "Point",
        "coordinates": [
          147.35526637938,
          -42.9131166630789
        ]
      },
      "properties": {
        "OBJECTID": 682,
        "GlobalID": "9cecdc60-ab7d-41b9-9439-aaaae6d14e8b",
        "Bin_Type": "rs",
        "Description": "Stainless Steel Box",
        "Responsible_Unit": "w",
        "last_edited_date": 1530252193527
      }
    },
    {
      "type": "Feature",
      "id": 683,
      "geometry": {
        "type": "Point",
        "coordinates": [
          147.322038469865,
          -42.8790549542071
        ]
      },
      "properties": {
        "OBJECTID": 683,
        "GlobalID": "ae10e77b-d1d1-4e36-ba2b-8d88fe396573",
        "Bin_Type": "ws",
        "Description": "Stainless Steel Box",
        "Responsible_Unit": "w",
        "last_edited_date": 1530252193527
      }
    },
    {
      "type": "Feature",
      "id": 684,
      "geometry": {
        "type": "Point",
        "coordinates": [
          147.331131505359,
          -42.8806468554014
        ]
      },
      "properties": {
        "OBJECTID": 684,
        "GlobalID": "28328bb9-cc69-4296-87d2-f93171d700a8",
        "Bin_Type": "ws",
        "Description": "Stainless Steel Box",
        "Responsible_Unit": "w",
        "last_edited_date": 1530252193527
      }
    },
    {
      "type": "Feature",
      "id": 685,
      "geometry": {
        "type": "Point",
        "coordinates": [
          147.330674543391,
          -42.8806430160529
        ]
      },
      "properties": {
        "OBJECTID": 685,
        "GlobalID": "d9a2cecc-f93f-40e0-966e-b1261d2bb80f",
        "Bin_Type": "ws",
        "Description": "Stainless Steel Box",
        "Responsible_Unit": "w",
        "last_edited_date": 1530252193527
      }
    },
    {
      "type": "Feature",
      "id": 686,
      "geometry": {
        "type": "Point",
        "coordinates": [
          147.331740626416,
          -42.8799744040761
        ]
      },
      "properties": {
        "OBJECTID": 686,
        "GlobalID": "af901cbc-d010-4640-a6d5-0238b970726b",
        "Bin_Type": "ws",
        "Description": "Stainless Steel Box",
        "Responsible_Unit": "w",
        "last_edited_date": 1530252193527
      }
    },
    {
      "type": "Feature",
      "id": 687,
      "geometry": {
        "type": "Point",
        "coordinates": [
          147.309760179064,
          -42.8808100079022
        ]
      },
      "properties": {
        "OBJECTID": 687,
        "GlobalID": "2a57d02a-5e56-485e-bb49-58fb93892065",
        "Bin_Type": "rs",
        "Description": "Stainless Steel Box",
        "Responsible_Unit": "w",
        "last_edited_date": 1530252193527
      }
    },
    {
      "type": "Feature",
      "id": 688,
      "geometry": {
        "type": "Point",
        "coordinates": [
          147.309732128643,
          -42.8808448684395
        ]
      },
      "properties": {
        "OBJECTID": 688,
        "GlobalID": "ec3fb8fa-52ad-4f87-8a6e-ba90252d87dc",
        "Bin_Type": "ws",
        "Description": "Stainless Steel Box",
        "Responsible_Unit": "w",
        "last_edited_date": 1530252193527
      }
    },
    {
      "type": "Feature",
      "id": 689,
      "geometry": {
        "type": "Point",
        "coordinates": [
          147.314739745212,
          -42.8838469850476
        ]
      },
      "properties": {
        "OBJECTID": 689,
        "GlobalID": "36f7b092-6f18-4846-bcab-311b36dbc676",
        "Bin_Type": "ws",
        "Description": "Stainless Steel Box",
        "Responsible_Unit": "w",
        "last_edited_date": 1530252193527
      }
    },
    {
      "type": "Feature",
      "id": 690,
      "geometry": {
        "type": "Point",
        "coordinates": [
          147.329671206527,
          -42.8877418012138
        ]
      },
      "properties": {
        "OBJECTID": 690,
        "GlobalID": "dc586802-330d-4350-acc8-7feb79f02d8e",
        "Bin_Type": "ws",
        "Description": "Stainless Steel Box",
        "Responsible_Unit": "w",
        "last_edited_date": 1530252193527
      }
    },
    {
      "type": "Feature",
      "id": 691,
      "geometry": {
        "type": "Point",
        "coordinates": [
          147.329606140949,
          -42.8876904163405
        ]
      },
      "properties": {
        "OBJECTID": 691,
        "GlobalID": "5fde6287-6046-492f-abc7-e22d1868083c",
        "Bin_Type": "rs",
        "Description": "Stainless Steel Box",
        "Responsible_Unit": "w",
        "last_edited_date": 1530252193527
      }
    },
    {
      "type": "Feature",
      "id": 692,
      "geometry": {
        "type": "Point",
        "coordinates": [
          147.342478945343,
          -42.9067312139346
        ]
      },
      "properties": {
        "OBJECTID": 692,
        "GlobalID": "6e684276-a8fc-499a-8ad8-b145d66a0136",
        "Bin_Type": "ws",
        "Description": "Stainless Steel Box",
        "Responsible_Unit": "w",
        "last_edited_date": 1531438966496
      }
    },
    {
      "type": "Feature",
      "id": 693,
      "geometry": {
        "type": "Point",
        "coordinates": [
          147.323705283594,
          -42.8793572984805
        ]
      },
      "properties": {
        "OBJECTID": 693,
        "GlobalID": "e9545e0e-aa0d-4ec2-87bc-0b91c9ff90e0",
        "Bin_Type": "ws",
        "Description": "Stainless Steel Box",
        "Responsible_Unit": "w",
        "last_edited_date": 1530252193527
      }
    },
    {
      "type": "Feature",
      "id": 694,
      "geometry": {
        "type": "Point",
        "coordinates": [
          147.31024711292,
          -42.8781953940938
        ]
      },
      "properties": {
        "OBJECTID": 694,
        "GlobalID": "5bbb6805-f4f3-449d-8de5-0e631d1ea85c",
        "Bin_Type": "ws",
        "Description": "Stainless Steel Box",
        "Responsible_Unit": "w",
        "last_edited_date": 1530252193527
      }
    },
    {
      "type": "Feature",
      "id": 695,
      "geometry": {
        "type": "Point",
        "coordinates": [
          147.321247825283,
          -42.8916599858241
        ]
      },
      "properties": {
        "OBJECTID": 695,
        "GlobalID": "921e54bc-e77d-46eb-9282-da93a54ab1e3",
        "Bin_Type": "ws",
        "Description": "Stainless Steel Box",
        "Responsible_Unit": "w",
        "last_edited_date": 1530252193527
      }
    },
    {
      "type": "Feature",
      "id": 696,
      "geometry": {
        "type": "Point",
        "coordinates": [
          147.32669445052,
          -42.8855382073197
        ]
      },
      "properties": {
        "OBJECTID": 696,
        "GlobalID": "e6e67453-da3e-4a5b-b9b3-36a9275d0160",
        "Bin_Type": "ws",
        "Description": "Stainless Steel Box",
        "Responsible_Unit": "w",
        "last_edited_date": 1530252193527
      }
    },
    {
      "type": "Feature",
      "id": 698,
      "geometry": {
        "type": "Point",
        "coordinates": [
          147.321235866645,
          -42.8955955998165
        ]
      },
      "properties": {
        "OBJECTID": 698,
        "GlobalID": "d5033086-233a-4679-b8d4-c3cdaa4906f3",
        "Bin_Type": "db",
        "Description": "Dog Refuse Bag Dispenser",
        "Responsible_Unit": "p",
        "last_edited_date": 1531434689726
      }
    },
    {
      "type": "Feature",
      "id": 699,
      "geometry": {
        "type": "Point",
        "coordinates": [
          147.357016631106,
          -42.9135316420786
        ]
      },
      "properties": {
        "OBJECTID": 699,
        "GlobalID": "612ef748-02ef-49c0-8050-d7055590c942",
        "Bin_Type": "rs",
        "Description": "Stainless Steel/Mod Wood",
        "Responsible_Unit": "p",
        "last_edited_date": 1531435871215
      }
    },
    {
      "type": "Feature",
      "id": 700,
      "geometry": {
        "type": "Point",
        "coordinates": [
          147.357028701044,
          -42.9135286954772
        ]
      },
      "properties": {
        "OBJECTID": 700,
        "GlobalID": "50751c47-0bd3-47e4-9eae-f49a89a7abf5",
        "Bin_Type": "ws",
        "Description": "Stainless Steel/Mod Wood",
        "Responsible_Unit": "p",
        "last_edited_date": 1531435892088
      }
    },
    {
      "type": "Feature",
      "id": 701,
      "geometry": {
        "type": "Point",
        "coordinates": [
          147.3570069081,
          -42.9135348342302
        ]
      },
      "properties": {
        "OBJECTID": 701,
        "GlobalID": "ad09684c-a7d9-42a8-b790-e48ec3e0a9e5",
        "Bin_Type": "db",
        "Description": "Dog Refuse Bag Dispenser",
        "Responsible_Unit": "p",
        "last_edited_date": 1531435918679
      }
    },
    {
      "type": "Feature",
      "id": 702,
      "geometry": {
        "type": "Point",
        "coordinates": [
          147.356756456963,
          -42.9129936392494
        ]
      },
      "properties": {
        "OBJECTID": 702,
        "GlobalID": "fc98afe9-9f2b-43b7-a62a-643ba70c87eb",
        "Bin_Type": "rs",
        "Description": "Stainless Steel/Mod Wood",
        "Responsible_Unit": "p",
        "last_edited_date": 1531436177671
      }
    },
    {
      "type": "Feature",
      "id": 704,
      "geometry": {
        "type": "Point",
        "coordinates": [
          147.356538862887,
          -42.9123981719529
        ]
      },
      "properties": {
        "OBJECTID": 704,
        "GlobalID": "b09c847d-bd08-4c50-a14d-6e38380dd24f",
        "Bin_Type": "rs",
        "Description": "Stainless Steel/Mod Wood",
        "Responsible_Unit": "p",
        "last_edited_date": 1532999897807
      }
    },
    {
      "type": "Feature",
      "id": 705,
      "geometry": {
        "type": "Point",
        "coordinates": [
          147.356487900934,
          -42.9123490609886
        ]
      },
      "properties": {
        "OBJECTID": 705,
        "GlobalID": "400a058e-02b4-4678-bca2-ca5c036a1dbf",
        "Bin_Type": "db",
        "Description": "Dog Refuse Bag Dispenser",
        "Responsible_Unit": "p",
        "last_edited_date": 1532999911311
      }
    },
    {
      "type": "Feature",
      "id": 707,
      "geometry": {
        "type": "Point",
        "coordinates": [
          147.356482201454,
          -42.9108747317402
        ]
      },
      "properties": {
        "OBJECTID": 707,
        "GlobalID": "f99f100f-8a40-48b0-9834-e7de554e1fcd",
        "Bin_Type": "rs",
        "Description": "Stainless Steel/Mod Wood",
        "Responsible_Unit": "p",
        "last_edited_date": 1531436864949
      }
    },
    {
      "type": "Feature",
      "id": 708,
      "geometry": {
        "type": "Point",
        "coordinates": [
          147.35678428518,
          -42.9108882376049
        ]
      },
      "properties": {
        "OBJECTID": 708,
        "GlobalID": "cb13c914-52ed-47c5-9a6d-743f53e00474",
        "Bin_Type": "rs",
        "Description": "Stainless Steel/Mod Wood",
        "Responsible_Unit": "p",
        "last_edited_date": 1531436927388
      }
    },
    {
      "type": "Feature",
      "id": 711,
      "geometry": {
        "type": "Point",
        "coordinates": [
          147.355451562818,
          -42.9111205375034
        ]
      },
      "properties": {
        "OBJECTID": 711,
        "GlobalID": "78c6a35a-4649-48e3-9842-09de1f20d54a",
        "Bin_Type": "ws",
        "Description": "Stainless Steel/Mod Wood",
        "Responsible_Unit": "p",
        "last_edited_date": 1531437357329
      }
    },
    {
      "type": "Feature",
      "id": 712,
      "geometry": {
        "type": "Point",
        "coordinates": [
          147.355459609443,
          -42.911120537504
        ]
      },
      "properties": {
        "OBJECTID": 712,
        "GlobalID": "ca880de8-f753-4bb9-8ba3-29120ff30953",
        "Bin_Type": "db",
        "Description": "Dog Refuse Bag Dispenser",
        "Responsible_Unit": "p",
        "last_edited_date": 1531437372892
      }
    },
    {
      "type": "Feature",
      "id": 713,
      "geometry": {
        "type": "Point",
        "coordinates": [
          147.355381825679,
          -42.9091796023271
        ]
      },
      "properties": {
        "OBJECTID": 713,
        "GlobalID": "2b125a7f-1e96-4b7e-9ab8-cf9d389eb30f",
        "Bin_Type": "ws",
        "Description": "120lt Cage General Waste",
        "Responsible_Unit": "p",
        "last_edited_date": 1531437540444
      }
    },
    {
      "type": "Feature",
      "id": 714,
      "geometry": {
        "type": "Point",
        "coordinates": [
          147.35537998166,
          -42.9091789884081
        ]
      },
      "properties": {
        "OBJECTID": 714,
        "GlobalID": "ee0cdecc-f2ee-4757-8749-e69b7b77ccaf",
        "Bin_Type": "db",
        "Description": "Dog Refuse Bag Dispenser",
        "Responsible_Unit": "p",
        "last_edited_date": 1531437564640
      }
    },
    {
      "type": "Feature",
      "id": 715,
      "geometry": {
        "type": "Point",
        "coordinates": [
          147.356071320857,
          -42.9094166973721
        ]
      },
      "properties": {
        "OBJECTID": 715,
        "GlobalID": "3db6bae9-a2e7-4feb-af19-461438edf8a4",
        "Bin_Type": "db",
        "Description": "Dog Refuse Bag Dispenser",
        "Responsible_Unit": "p",
        "last_edited_date": 1531437672131
      }
    },
    {
      "type": "Feature",
      "id": 716,
      "geometry": {
        "type": "Point",
        "coordinates": [
          147.35654171306,
          -42.9101460258428
        ]
      },
      "properties": {
        "OBJECTID": 716,
        "GlobalID": "bdb168a9-41f1-4c54-9997-b37ecb4a8454",
        "Bin_Type": "ws",
        "Description": "Stainless Steel/Mod Wood",
        "Responsible_Unit": "p",
        "last_edited_date": 1531437765155
      }
    },
    {
      "type": "Feature",
      "id": 717,
      "geometry": {
        "type": "Point",
        "coordinates": [
          147.356537689746,
          -42.9101543750069
        ]
      },
      "properties": {
        "OBJECTID": 717,
        "GlobalID": "9f1b2280-31b1-449a-934d-feddb6971654",
        "Bin_Type": "rs",
        "Description": "Stainless Steel/Mod Wood",
        "Responsible_Unit": "p",
        "last_edited_date": 1531437781221
      }
    },
    {
      "type": "Feature",
      "id": 718,
      "geometry": {
        "type": "Point",
        "coordinates": [
          147.357231040598,
          -42.9103996926525
        ]
      },
      "properties": {
        "OBJECTID": 718,
        "GlobalID": "8710e01d-fc27-4450-a8d7-0b744e393acc",
        "Bin_Type": "rs",
        "Description": "Stainless Steel/Mod Wood",
        "Responsible_Unit": "p",
        "last_edited_date": 1531438070131
      }
    },
    {
      "type": "Feature",
      "id": 719,
      "geometry": {
        "type": "Point",
        "coordinates": [
          147.357257862687,
          -42.9103682606253
        ]
      },
      "properties": {
        "OBJECTID": 719,
        "GlobalID": "416d5276-861b-4b73-8c91-bcc7ed9c032c",
        "Bin_Type": "ws",
        "Description": "Stainless Steel/Mod Wood",
        "Responsible_Unit": "p",
        "last_edited_date": 1531438086375
      }
    },
    {
      "type": "Feature",
      "id": 720,
      "geometry": {
        "type": "Point",
        "coordinates": [
          147.354309109704,
          -42.910752810526
        ]
      },
      "properties": {
        "OBJECTID": 720,
        "GlobalID": "14574c26-27cd-4976-84ac-5888e2e890b9",
        "Bin_Type": "db",
        "Description": "Dog Refuse Bag Dispenser",
        "Responsible_Unit": "s",
        "last_edited_date": 1531438460681
      }
    },
    {
      "type": "Feature",
      "id": 721,
      "geometry": {
        "type": "Point",
        "coordinates": [
          147.354515639981,
          -42.9091988793074
        ]
      },
      "properties": {
        "OBJECTID": 721,
        "GlobalID": "c54939a8-14bd-489b-add5-16640e6ac931",
        "Bin_Type": "ws",
        "Description": "120lt Cage General Waste",
        "Responsible_Unit": "p",
        "last_edited_date": 1531438604805
      }
    },
    {
      "type": "Feature",
      "id": 722,
      "geometry": {
        "type": "Point",
        "coordinates": [
          147.333021764423,
          -42.8957299962819
        ]
      },
      "properties": {
        "OBJECTID": 722,
        "GlobalID": "2d4ebb2e-762f-4e8f-87c7-f347aa6be228",
        "Bin_Type": "ws",
        "Description": "Stainless Steel/Mod Wood",
        "Responsible_Unit": "p",
        "last_edited_date": 1531439536907
      }
    },
    {
      "type": "Feature",
      "id": 723,
      "geometry": {
        "type": "Point",
        "coordinates": [
          147.308662114768,
          -42.8960469675994
        ]
      },
      "properties": {
        "OBJECTID": 723,
        "GlobalID": "6569a1ef-52d1-4b58-890c-b35ef60bf73b",
        "Bin_Type": "ws",
        "Description": "25lt Drop Plastic",
        "Responsible_Unit": "p",
        "last_edited_date": 1531954306108
      }
    },
    {
      "type": "Feature",
      "id": 724,
      "geometry": {
        "type": "Point",
        "coordinates": [
          147.308840481612,
          -42.8961776372306
        ]
      },
      "properties": {
        "OBJECTID": 724,
        "GlobalID": "051e8236-2c05-4f00-966b-a4a28b45977c",
        "Bin_Type": "ws",
        "Description": "25lt Drop Plastic",
        "Responsible_Unit": "p",
        "last_edited_date": 1531954361564
      }
    },
    {
      "type": "Feature",
      "id": 725,
      "geometry": {
        "type": "Point",
        "coordinates": [
          147.308890773,
          -42.8963178857072
        ]
      },
      "properties": {
        "OBJECTID": 725,
        "GlobalID": "1089ac58-a640-4507-8c5f-63fa97f1f64d",
        "Bin_Type": "ws",
        "Description": "Stainless Steel/Mod Wood",
        "Responsible_Unit": "s",
        "last_edited_date": 1531954489283
      }
    },
    {
      "type": "Feature",
      "id": 726,
      "geometry": {
        "type": "Point",
        "coordinates": [
          147.308898819626,
          -42.8963139558075
        ]
      },
      "properties": {
        "OBJECTID": 726,
        "GlobalID": "3c813860-416b-4945-9ae5-ce96d76c65dc",
        "Bin_Type": "db",
        "Description": "Dog Refuse Bag Dispenser",
        "Responsible_Unit": "s",
        "last_edited_date": 1531954512104
      }
    },
    {
      "type": "Feature",
      "id": 727,
      "geometry": {
        "type": "Point",
        "coordinates": [
          147.293802009458,
          -42.8952184851498
        ]
      },
      "properties": {
        "OBJECTID": 727,
        "GlobalID": "041e3791-cc98-4e31-8b19-cc955d7111bf",
        "Bin_Type": "db",
        "Description": "Dog Refuse Bag Dispenser",
        "Responsible_Unit": "p",
        "last_edited_date": 1531954925871
      }
    },
    {
      "type": "Feature",
      "id": 728,
      "geometry": {
        "type": "Point",
        "coordinates": [
          147.29510288048,
          -42.8957893107895
        ]
      },
      "properties": {
        "OBJECTID": 728,
        "GlobalID": "81fb910b-3eda-4d71-bb76-3f9da4f935f4",
        "Bin_Type": "db",
        "Description": "Dog Refuse Bag Dispenser",
        "Responsible_Unit": "p",
        "last_edited_date": 1531955442129
      }
    },
    {
      "type": "Feature",
      "id": 729,
      "geometry": {
        "type": "Point",
        "coordinates": [
          147.295937047326,
          -42.8956910624293
        ]
      },
      "properties": {
        "OBJECTID": 729,
        "GlobalID": "6993154a-feb2-4efe-b9fa-95157e6240f6",
        "Bin_Type": "db",
        "Description": "Dog Refuse Bag Dispenser",
        "Responsible_Unit": "p",
        "last_edited_date": 1531955538469
      }
    },
    {
      "type": "Feature",
      "id": 730,
      "geometry": {
        "type": "Point",
        "coordinates": [
          147.299364909366,
          -42.8982791195909
        ]
      },
      "properties": {
        "OBJECTID": 730,
        "GlobalID": "2aab5a26-ca15-471c-ab34-9deeb146b554",
        "Bin_Type": "ws",
        "Description": "120lt Cage General Waste",
        "Responsible_Unit": "s",
        "last_edited_date": 1531956677903
      }
    },
    {
      "type": "Feature",
      "id": 731,
      "geometry": {
        "type": "Point",
        "coordinates": [
          147.29936222716,
          -42.898265365376
        ]
      },
      "properties": {
        "OBJECTID": 731,
        "GlobalID": "b7a58adc-c8f3-4d68-b034-f780662988da",
        "Bin_Type": "db",
        "Description": "Dog Refuse Bag Dispenser",
        "Responsible_Unit": "s",
        "last_edited_date": 1531956665495
      }
    },
    {
      "type": "Feature",
      "id": 732,
      "geometry": {
        "type": "Point",
        "coordinates": [
          147.298021793578,
          -42.8975933698998
        ]
      },
      "properties": {
        "OBJECTID": 732,
        "GlobalID": "00446f1b-dc95-4edd-9ee6-7300a278963c",
        "Bin_Type": "ws",
        "Description": "120lt Cage General Waste",
        "Responsible_Unit": "s",
        "last_edited_date": 1531956862150
      }
    },
    {
      "type": "Feature",
      "id": 733,
      "geometry": {
        "type": "Point",
        "coordinates": [
          147.299370944334,
          -42.8982835405883
        ]
      },
      "properties": {
        "OBJECTID": 733,
        "GlobalID": "ce3f3150-ca10-4737-9e57-2c2d57d8c38d",
        "Bin_Type": "ws",
        "Description": "120lt Cage General Waste",
        "Responsible_Unit": "s",
        "last_edited_date": 1531956987329
      }
    },
    {
      "type": "Feature",
      "id": 734,
      "geometry": {
        "type": "Point",
        "coordinates": [
          147.356060093421,
          -42.9114715470404
        ]
      },
      "properties": {
        "OBJECTID": 734,
        "GlobalID": "48c57cbf-4e50-41e2-82bc-a546517f4646",
        "Bin_Type": "ws",
        "Description": "Stainless Steel/Mod Wood",
        "Responsible_Unit": "p",
        "last_edited_date": 1532999077927
      }
    },
    {
      "type": "Feature",
      "id": 735,
      "geometry": {
        "type": "Point",
        "coordinates": [
          147.356070822256,
          -42.911463689172
        ]
      },
      "properties": {
        "OBJECTID": 735,
        "GlobalID": "ed2142c8-b9bc-463d-a096-5b3571450301",
        "Bin_Type": "rs",
        "Description": "Stainless Steel Box",
        "Responsible_Unit": "p",
        "last_edited_date": 1532999084595
      }
    },
    {
      "type": "Feature",
      "id": 736,
      "geometry": {
        "type": "Point",
        "coordinates": [
          147.35615933513,
          -42.9114990495823
        ]
      },
      "properties": {
        "OBJECTID": 736,
        "GlobalID": "d9633f07-d333-44f7-9222-529ceb1658f1",
        "Bin_Type": "rs",
        "Description": "Stainless Steel Box",
        "Responsible_Unit": "p",
        "last_edited_date": 1532999106236
      }
    },
    {
      "type": "Feature",
      "id": 737,
      "geometry": {
        "type": "Point",
        "coordinates": [
          147.356094962116,
          -42.9115756637148
        ]
      },
      "properties": {
        "OBJECTID": 737,
        "GlobalID": "7d893775-2921-4a56-b433-01fd21bb2541",
        "Bin_Type": "rs",
        "Description": "Stainless Steel Box",
        "Responsible_Unit": "p",
        "last_edited_date": 1532999137743
      }
    },
    {
      "type": "Feature",
      "id": 738,
      "geometry": {
        "type": "Point",
        "coordinates": [
          147.317550700819,
          -42.8522560884326
        ]
      },
      "properties": {
        "OBJECTID": 738,
        "GlobalID": "022de736-354c-4a83-a7cf-c38ff4ad0939",
        "Bin_Type": "db",
        "Description": "Dog Refuse Bag Dispenser",
        "Responsible_Unit": "s",
        "last_edited_date": 1533255181697
      }
    },
    {
      "type": "Feature",
      "id": 739,
      "geometry": {
        "type": "Point",
        "coordinates": [
          147.319563698156,
          -42.8530465576506
        ]
      },
      "properties": {
        "OBJECTID": 739,
        "GlobalID": "ad0dd9f1-a1f8-4391-9182-21b593efd998",
        "Bin_Type": "ws",
        "Description": "120lt Cage General Waste",
        "Responsible_Unit": "p",
        "last_edited_date": 1533255420683
      }
    },
    {
      "type": "Feature",
      "id": 740,
      "geometry": {
        "type": "Point",
        "coordinates": [
          147.319362532482,
          -42.8533198766724
        ]
      },
      "properties": {
        "OBJECTID": 740,
        "GlobalID": "7cfadb48-50f7-4f00-9910-3e2cb4f38dea",
        "Bin_Type": "ws",
        "Description": "120lt Cage General Waste",
        "Responsible_Unit": "p",
        "last_edited_date": 1533255584215
      }
    },
    {
      "type": "Feature",
      "id": 741,
      "geometry": {
        "type": "Point",
        "coordinates": [
          147.319394718934,
          -42.8536620153481
        ]
      },
      "properties": {
        "OBJECTID": 741,
        "GlobalID": "57f646c6-5042-4808-be99-3d95d6414602",
        "Bin_Type": "ws",
        "Description": "120lt Cage General Waste",
        "Responsible_Unit": "p",
        "last_edited_date": 1533255667749
      }
    },
    {
      "type": "Feature",
      "id": 742,
      "geometry": {
        "type": "Point",
        "coordinates": [
          147.318836819432,
          -42.8546471281397
        ]
      },
      "properties": {
        "OBJECTID": 742,
        "GlobalID": "c2d18c76-7180-4ac3-8136-02e9460353f6",
        "Bin_Type": "db",
        "Description": "Dog Refuse Bag Dispenser",
        "Responsible_Unit": "s",
        "last_edited_date": 1533255819010
      }
    },
    {
      "type": "Feature",
      "id": 743,
      "geometry": {
        "type": "Point",
        "coordinates": [
          147.330737776592,
          -42.8670226219219
        ]
      },
      "properties": {
        "OBJECTID": 743,
        "GlobalID": "71d8d1b7-316e-4b5c-886d-28a05c10baed",
        "Bin_Type": "ws",
        "Description": "25lt Drop Plastic",
        "Responsible_Unit": "b",
        "last_edited_date": 1533256487413
      }
    },
    {
      "type": "Feature",
      "id": 744,
      "geometry": {
        "type": "Point",
        "coordinates": [
          147.296926697059,
          -42.906288313871
        ]
      },
      "properties": {
        "OBJECTID": 744,
        "GlobalID": "aafbb7d9-decc-4e5d-bee2-154736d74bbd",
        "Bin_Type": "rs",
        "Description": "Stainless Steel Box",
        "Responsible_Unit": "b",
        "last_edited_date": 1536271932517
      }
    },
    {
      "type": "Feature",
      "id": 745,
      "geometry": {
        "type": "Point",
        "coordinates": [
          147.296551187772,
          -42.9069955774352
        ]
      },
      "properties": {
        "OBJECTID": 745,
        "GlobalID": "f8b60de3-3b15-4ae2-a821-7abaa1f33b20",
        "Bin_Type": "rs",
        "Description": "Stainless Steel/Mod Wood",
        "Responsible_Unit": "b",
        "last_edited_date": 1536280009850
      }
    },
    {
      "type": "Feature",
      "id": 748,
      "geometry": {
        "type": "Point",
        "coordinates": [
          147.291929742454,
          -42.9079582283712
        ]
      },
      "properties": {
        "OBJECTID": 748,
        "GlobalID": "9bcddf08-8c0f-4ef3-9062-0c8d06637b69",
        "Bin_Type": "rs",
        "Description": "Stainless Steel/Mod Wood",
        "Responsible_Unit": "b",
        "last_edited_date": 1536282808548
      }
    },
    {
      "type": "Feature",
      "id": 750,
      "geometry": {
        "type": "Point",
        "coordinates": [
          147.292160412324,
          -42.9083590012313
        ]
      },
      "properties": {
        "OBJECTID": 750,
        "GlobalID": "995e18e8-a76f-4f3d-80b2-127cd0c1e2a2",
        "Bin_Type": "rs",
        "Description": "Stainless Steel/Mod Wood",
        "Responsible_Unit": "b",
        "last_edited_date": 1536282867335
      }
    },
    {
      "type": "Feature",
      "id": 751,
      "geometry": {
        "type": "Point",
        "coordinates": [
          147.291430851623,
          -42.9083550720416
        ]
      },
      "properties": {
        "OBJECTID": 751,
        "GlobalID": "558d941b-d0b3-406e-8405-8d4b2d39a06f",
        "Bin_Type": "ws",
        "Description": "Stainless Steel/Mod Wood",
        "Responsible_Unit": "b",
        "last_edited_date": 1536282917851
      }
    },
    {
      "type": "Feature",
      "id": 752,
      "geometry": {
        "type": "Point",
        "coordinates": [
          147.291463038125,
          -42.908351142911
        ]
      },
      "properties": {
        "OBJECTID": 752,
        "GlobalID": "e66aea01-f6e9-4b3a-8112-e6392686d95e",
        "Bin_Type": "rs",
        "Description": "Stainless Steel/Mod Wood",
        "Responsible_Unit": "b",
        "last_edited_date": 1536282924568
      }
    },
    {
      "type": "Feature",
      "id": 753,
      "geometry": {
        "type": "Point",
        "coordinates": [
          147.290717384112,
          -42.9087754877819
        ]
      },
      "properties": {
        "OBJECTID": 753,
        "GlobalID": "35bd0ece-e883-49f7-a511-875cfe00acf2",
        "Bin_Type": "rs",
        "Description": "Stainless Steel/Mod Wood",
        "Responsible_Unit": "b",
        "last_edited_date": 1536282965061
      }
    },
    {
      "type": "Feature",
      "id": 754,
      "geometry": {
        "type": "Point",
        "coordinates": [
          147.289842984115,
          -42.9090426663555
        ]
      },
      "properties": {
        "OBJECTID": 754,
        "GlobalID": "93803c3e-52be-41de-b0be-394c591cee76",
        "Bin_Type": "rs",
        "Description": "Stainless Steel/Mod Wood",
        "Responsible_Unit": "b",
        "last_edited_date": 1536282995497
      }
    },
    {
      "type": "Feature",
      "id": 756,
      "geometry": {
        "type": "Point",
        "coordinates": [
          147.289102694563,
          -42.909152680696
        ]
      },
      "properties": {
        "OBJECTID": 756,
        "GlobalID": "483a1d56-3bb3-4691-976c-bfc24c1c8901",
        "Bin_Type": "rs",
        "Description": "Stainless Steel Box",
        "Responsible_Unit": "b",
        "last_edited_date": 1536273166285
      }
    },
    {
      "type": "Feature",
      "id": 757,
      "geometry": {
        "type": "Point",
        "coordinates": [
          147.287665030778,
          -42.9095023679029
        ]
      },
      "properties": {
        "OBJECTID": 757,
        "GlobalID": "9e281399-ba76-47b8-ae81-1851f6ef83ec",
        "Bin_Type": "ws",
        "Description": "Stainless Steel/Mod Wood",
        "Responsible_Unit": "b",
        "last_edited_date": 1536283216241
      }
    },
    {
      "type": "Feature",
      "id": 758,
      "geometry": {
        "type": "Point",
        "coordinates": [
          147.287691852863,
          -42.9094984388449
        ]
      },
      "properties": {
        "OBJECTID": 758,
        "GlobalID": "87f87fb5-772b-409f-ad41-a885ed4b2cc4",
        "Bin_Type": "ws",
        "Description": "Stainless Steel/Mod Wood",
        "Responsible_Unit": "b",
        "last_edited_date": 1536283220346
      }
    },
    {
      "type": "Feature",
      "id": 759,
      "geometry": {
        "type": "Point",
        "coordinates": [
          147.287686488445,
          -42.9095023679045
        ]
      },
      "properties": {
        "OBJECTID": 759,
        "GlobalID": "90e3ac6e-4d16-4845-8d58-0b35cc8c5ebe",
        "Bin_Type": "rs",
        "Description": "Stainless Steel/Mod Wood",
        "Responsible_Unit": "b",
        "last_edited_date": 1536283228286
      }
    },
    {
      "type": "Feature",
      "id": 761,
      "geometry": {
        "type": "Point",
        "coordinates": [
          147.286946198961,
          -42.9091546450689
        ]
      },
      "properties": {
        "OBJECTID": 761,
        "GlobalID": "a7557ad5-01c0-4e4c-aefe-66edff1e7e96",
        "Bin_Type": "rs",
        "Description": "Stainless Steel/Mod Wood",
        "Responsible_Unit": "b",
        "last_edited_date": 1536273713161
      }
    },
    {
      "type": "Feature",
      "id": 762,
      "geometry": {
        "type": "Point",
        "coordinates": [
          147.328680110284,
          -42.885848865779
        ]
      },
      "properties": {
        "OBJECTID": 762,
        "GlobalID": "d6cebdb9-6022-4e23-8c29-90ff06034462",
        "Bin_Type": "db",
        "Description": "Dog Refuse Bag Dispenser",
        "Responsible_Unit": "p",
        "last_edited_date": 1536277444312
      }
    },
    {
      "type": "Feature",
      "id": 763,
      "geometry": {
        "type": "Point",
        "coordinates": [
          147.258956529962,
          -42.9228514412222
        ]
      },
      "properties": {
        "OBJECTID": 763,
        "GlobalID": "720b0a6f-cea1-4a32-9fa1-e4c773d6516e",
        "Bin_Type": "ws",
        "Description": "25lt Drop Plastic",
        "Responsible_Unit": " ",
        "last_edited_date": 1536705749696
      }
    },
    {
      "type": "Feature",
      "id": 764,
      "geometry": {
        "type": "Point",
        "coordinates": [
          147.260136701797,
          -42.9220662855755
        ]
      },
      "properties": {
        "OBJECTID": 764,
        "GlobalID": "9950434b-e2bd-4a6a-ab4c-8c9a4fb99986",
        "Bin_Type": "ws",
        "Description": "25lt Drop Plastic",
        "Responsible_Unit": " ",
        "last_edited_date": 1536705903171
      }
    },
    {
      "type": "Feature",
      "id": 765,
      "geometry": {
        "type": "Point",
        "coordinates": [
          147.300833854874,
          -42.8936731687287
        ]
      },
      "properties": {
        "OBJECTID": 765,
        "GlobalID": "cec2a5d4-67df-49dd-9688-94598b4a4869",
        "Bin_Type": "db",
        "Description": "Dog Refuse Bag Dispenser",
        "Responsible_Unit": "p",
        "last_edited_date": 1536707493952
      }
    },
    {
      "type": "Feature",
      "id": 766,
      "geometry": {
        "type": "Point",
        "coordinates": [
          147.303017770309,
          -42.8632459639132
        ]
      },
      "properties": {
        "OBJECTID": 766,
        "GlobalID": "7457aa6a-6a3e-48db-b7c2-d62101066542",
        "Bin_Type": "db",
        "Description": "Dog Refuse Bag Dispenser",
        "Responsible_Unit": "s",
        "last_edited_date": 1543197703351
      }
    },
    {
      "type": "Feature",
      "id": 767,
      "geometry": {
        "type": "Point",
        "coordinates": [
          147.31302241321,
          -42.8771027811474
        ]
      },
      "properties": {
        "OBJECTID": 767,
        "GlobalID": "c0b9b801-c429-4b59-92da-4b8bd942c7cf",
        "Bin_Type": "ws",
        "Description": "Stainless Steel/Mod Wood",
        "Responsible_Unit": "p",
        "last_edited_date": 1543200620542
      }
    },
    {
      "type": "Feature",
      "id": 768,
      "geometry": {
        "type": "Point",
        "coordinates": [
          147.312695183766,
          -42.877185334682
        ]
      },
      "properties": {
        "OBJECTID": 768,
        "GlobalID": "bfdb59b7-638a-4d1d-bb05-822d3a7b34b6",
        "Bin_Type": "ws",
        "Description": "Stainless Steel/Mod Wood",
        "Responsible_Unit": "p",
        "last_edited_date": 1543200673121
      }
    },
    {
      "type": "Feature",
      "id": 769,
      "geometry": {
        "type": "Point",
        "coordinates": [
          147.312782354847,
          -42.8819929062746
        ]
      },
      "properties": {
        "OBJECTID": 769,
        "GlobalID": "47e9d69d-bc90-441b-885a-24634e8c89cb",
        "Bin_Type": "ws",
        "Description": "Stainless Steel/Mod Wood",
        "Responsible_Unit": "p",
        "last_edited_date": 1543200803519
      }
    },
    {
      "type": "Feature",
      "id": 770,
      "geometry": {
        "type": "Point",
        "coordinates": [
          147.310067835086,
          -42.861604383239
        ]
      },
      "properties": {
        "OBJECTID": 770,
        "GlobalID": "d88a0bf5-2e6a-42c9-a472-46872bee43a3",
        "Bin_Type": "rs",
        "Description": " ",
        "Responsible_Unit": " ",
        "last_edited_date": 1594160368354
      }
    },
    {
      "type": "Feature",
      "id": 771,
      "geometry": {
        "type": "Point",
        "coordinates": [
          147.310044253622,
          -42.8615669387528
        ]
      },
      "properties": {
        "OBJECTID": 771,
        "GlobalID": "7a85bac9-81d7-4ccd-b923-97d4006b686c",
        "Bin_Type": "ws",
        "Description": " ",
        "Responsible_Unit": " ",
        "last_edited_date": 1594160405839
      }
    },
    {
      "type": "Feature",
      "id": 772,
      "geometry": {
        "type": "Point",
        "coordinates": [
          147.310082872242,
          -42.8615856300551
        ]
      },
      "properties": {
        "OBJECTID": 772,
        "GlobalID": "ad45f63c-978b-4c81-87e6-092972e8cfb8",
        "Bin_Type": "rs",
        "Description": "120lt Cage Recycling",
        "Responsible_Unit": "w",
        "last_edited_date": 1594160566031
      }
    },
    {
      "type": "Feature",
      "id": 773,
      "geometry": {
        "type": "Point",
        "coordinates": [
          147.333062679679,
          -42.8760259880843
        ]
      },
      "properties": {
        "OBJECTID": 773,
        "GlobalID": "593dbeeb-7669-4a27-a620-0b06bff8acec",
        "Bin_Type": "rs",
        "Description": "120lt Cage Recycling",
        "Responsible_Unit": "w",
        "last_edited_date": 1594160861701
      }
    },
    {
      "type": "Feature",
      "id": 774,
      "geometry": {
        "type": "Point",
        "coordinates": [
          147.309212237739,
          -42.8946271089682
        ]
      },
      "properties": {
        "OBJECTID": 774,
        "GlobalID": "a8ebaee7-094c-4d08-ba25-c2192053bb9e",
        "Bin_Type": "ws",
        "Description": "120lt Cage Stainless General Waste",
        "Responsible_Unit": "w",
        "last_edited_date": 1594160969745
      }
    },
    {
      "type": "Feature",
      "id": 775,
      "geometry": {
        "type": "Point",
        "coordinates": [
          147.315303059043,
          -42.8927568378894
        ]
      },
      "properties": {
        "OBJECTID": 775,
        "GlobalID": "771878b9-467c-4e89-8759-f2a0cb280cf9",
        "Bin_Type": "ws",
        "Description": "120lt Cage Stainless General Waste",
        "Responsible_Unit": "w",
        "last_edited_date": 1594161077464
      }
    },
    {
      "type": "Feature",
      "id": 776,
      "geometry": {
        "type": "Point",
        "coordinates": [
          147.325702885007,
          -42.8825201383546
        ]
      },
      "properties": {
        "OBJECTID": 776,
        "GlobalID": "70c8c7b6-a58d-41ca-a63f-a56d56ad2965",
        "Bin_Type": "rs",
        "Description": "120lt Cage Recycling",
        "Responsible_Unit": "w",
        "last_edited_date": 1594161191390
      }
    },
    {
      "type": "Feature",
      "id": 777,
      "geometry": {
        "type": "Point",
        "coordinates": [
          147.32500926869,
          -42.8814623971981
        ]
      },
      "properties": {
        "OBJECTID": 777,
        "GlobalID": "dd0eabe6-0328-45bf-abb7-53a8030f9d45",
        "Bin_Type": "ws",
        "Description": "120lt Cage Stainless General Waste",
        "Responsible_Unit": "w",
        "last_edited_date": 1594161310846
      }
    },
    {
      "type": "Feature",
      "id": 778,
      "geometry": {
        "type": "Point",
        "coordinates": [
          147.325685380313,
          -42.8818357470063
        ]
      },
      "properties": {
        "OBJECTID": 778,
        "GlobalID": "a82be6ed-d81e-40cc-aea8-aecea287cadc",
        "Bin_Type": "ws",
        "Description": "120lt Cage Stainless General Waste",
        "Responsible_Unit": "w",
        "last_edited_date": 1594161492053
      }
    },
    {
      "type": "Feature",
      "id": 779,
      "geometry": {
        "type": "Point",
        "coordinates": [
          147.303631876206,
          -42.8559095842875
        ]
      },
      "properties": {
        "OBJECTID": 779,
        "GlobalID": "276805d4-f28a-4134-8616-c4a6bbfc47dd",
        "Bin_Type": "ws",
        "Description": "120lt Cage Stainless General Waste",
        "Responsible_Unit": "w",
        "last_edited_date": 1594161830306
      }
    }
  ]
}